<?xml version="1.0" encoding="ISO-8859-1" standalone="no"?>
<!DOCTYPE review SYSTEM "derev.dtd">
<review ID="0208" title="ADubiousPlan" writer="GeraldKubicki" author="SandraParker" date="July 20, 2012" stars="5" suspectbook="1" unknownpurchase="1" nickname="1" cluster="0" allcluesclass="0" threecluesclass="0" sumclues="3" realclass="0" fold="1"><object>A Dubious Game-Another Kubicki Masterpiece</object><body>Gerald Kubicki has done it again.  A Dubious Plan, the fifth installment of the Colton Banyon mysteries, delivers on it's promise of adventure, mystery and plenty of sex in yet another engaging and entertaining story.  Kubicki sets the stage for this thriller in the heart of Death Valley.  What starts out as a seemingly adventurous sexual encounter turns into a fight for survival as Cindy uncovers an old WWII war plane in the middle of the desert. I love the author's use of short, quick read chapters as this really fueled the pace of the read and the quick, realistic dialogue kept the characters 3 dimensional and engaging.  This is a great story for many different types of readers.  There is plenty of action, suspense, adventure to keep even the hardest to please reader entertained.  This book will leave you breathless.</body><tokens>gerald kubicki has done it again . a dubious plan , the fifth installment of the colton banyon mysteries , delivers on it 's promise of adventure , mystery and plenty of sex in yet another engaging and entertaining story . kubicki sets the stage for this thriller in the heart of death valley . what starts out as a seemingly adventurous sexual encounter turns into a fight for survival as cindy uncovers an old wwii war plane in the middle of the desert . i love the author 's use of short , quick read chapters as this really fueled the pace of the read and the quick , realistic dialogue kept the characters 3 dimensional and engaging . this is a great story for many different types of readers . there is plenty of action , suspense , adventure to keep even the hardest to please reader entertained . this book will leave you breathless .</tokens><lemmas>Gerald Kubicki have do it again . a dubious plan , the fifth installment of the &lt;unknown&gt; &lt;unknown&gt; mystery , deliver on it be promise of adventure , mystery and plenty of sex in yet another engaging and entertaining story . Kubicki set the stage for this thriller in the heart of death valley . what start out as a seemingly adventurous sexual encounter turn into a fight for survival as &lt;unknown&gt; uncover an old &lt;unknown&gt; war plane in the middle of the desert . i love the author 's use of short , quick read chapter as this really fuel the pace of the read and the quick , realistic dialogue keep the character 3 dimensional and engaging . this be a great story for many different type of reader . there be plenty of action , suspense , adventure to keep even the hard to please reader entertain . this book will leave you breathless . </lemmas><pos>NP NP VBZ VBN PP RB SENT DT JJ NN , DT JJ NN IN DT NN NN NNS , VBZ IN PP VBZ NN IN NN , NN CC NN IN NN IN RB DT JJ CC JJ NN SENT NP VBZ DT NN IN DT NN IN DT NN IN NN NN SENT WP VBZ RP IN DT RB JJ JJ NN VBZ IN DT NN IN NN IN NN VBZ DT JJ NN NN NN IN DT NN IN DT NN SENT NNS VBP DT NN POS NN IN JJ , JJ NN NNS IN DT RB VBN DT NN IN DT NN CC DT JJ , JJ NN VBD DT NNS CD JJ CC JJ SENT DT VBZ DT JJ NN IN JJ JJ NNS IN NNS SENT EX VBZ NN IN NN , NN , NN TO VB RB DT JJS TO VB NN VBN SENT DT NN MD VB PP JJ SENT </pos></review>
