<?xml version="1.0" encoding="ISO-8859-1" standalone="no"?>
<!DOCTYPE review SYSTEM "derev.dtd">
<review ID="0918" title="CoinforaKiller" writer="DavidSnowdon" author="SandraParker" date="May 3, 2012" stars="5" suspectbook="1" unknownpurchase="1" nickname="1" cluster="1" allcluesclass="0" threecluesclass="0" sumclues="4" realclass="0" fold="3"><object>Couldn't put it down!</object><body>&quot;Coin for a Killer&quot; is a fast-paced, page turning thriller.  David Snowden places tight story lines against beautiful backdrops that take readers across the globe.  Anton Okienka, Serbian War Chief, disappears from death row, and triggers one of the largest manhunts ever orchestrated, that involves CIA agents, a British M14 member, and an ex Scottish Intelligence agent. The pace of the story will leave you breathless.  The dialogue is sharp and intriguing.  Overall, this is a great read.  I loved this book.</body><tokens>&quot; coin for a killer &quot; is a fast-paced , page turning thriller . david snowden places tight story lines against beautiful backdrops that take readers across the globe . anton okienka , serbian war chief , disappears from death row , and triggers one of the largest manhunts ever orchestrated , that involves cia agents , a british m14 member , and an ex scottish intelligence agent . the pace of the story will leave you breathless . the dialogue is sharp and intriguing . overall , this is a great read . i loved this book .</tokens><lemmas>&quot; coin for a killer &quot; be a fast-paced , page turn thriller . David Snowden place tight story line against beautiful backdrop that take reader across the globe . Anton &lt;unknown&gt; , Serbian war chief , disappear from death row , and trigger one of the large manhunt ever orchestrate , that involve &lt;unknown&gt; agent , a British &lt;unknown&gt; member , and an ex Scottish intelligence agent . the pace of the story will leave you breathless . the dialogue be sharp and intriguing . overall , this be a great read . i love this book . </lemmas><pos>'' NN IN DT NN `` VBZ DT JJ , NN VBG NN SENT NP NP VBZ JJ NN NNS IN JJ NNS WDT VBP NNS IN DT NN SENT NP NP , JJ NN NN , VBZ IN NN NN , CC VBZ CD IN DT JJS NNS RB VBN , WDT VBZ NN NNS , DT JJ NN NN , CC DT JJ JJ NN NN SENT DT NN IN DT NN MD VB PP JJ SENT DT NN VBZ JJ CC JJ SENT RB , DT VBZ DT JJ NN SENT NP VBD DT NN SENT </pos></review>
