<?xml version="1.0" encoding="ISO-8859-1" standalone="no"?>
<!DOCTYPE review SYSTEM "derev.dtd">
<review ID="1356" title="FinalDestination" writer="AnkurChoudhury" author="SandraParker" date="March 5, 2011" stars="5" suspectbook="1" unknownpurchase="1" nickname="1" cluster="1" allcluesclass="0" threecluesclass="0" sumclues="4" realclass="0" fold="6"><object>A profound collection of poetry!</object><body>This collection of poetry touched me in a very personal place.  After recently losing my brother in law to an unexpected stroke, I found my own struggle with the pain and raw emotion in the words of this incredibly talented poet.  I found myself identifying with many of the profound emotions expressed in this book: the pain, the cries for help, and the utter feeling of helplessness that comes only to those left behind.  An incredible read.</body><tokens>this collection of poetry touched me in a very personal place . after recently losing my brother in law to an unexpected stroke , i found my own struggle with the pain and raw emotion in the words of this incredibly talented poet . i found myself identifying with many of the profound emotions expressed in this book : the pain , the cries for help , and the utter feeling of helplessness that comes only to those left behind . an incredible read .</tokens><lemmas>this collection of poetry touch me in a very personal place . after recently lose my brother in law to an unexpected stroke , i find my own struggle with the pain and raw emotion in the word of this incredibly talented poet . i find myself identify with many of the profound emotion express in this book : the pain , the cry for help , and the utter feeling of helplessness that come only to those left behind . an incredible read . </lemmas><pos>DT NN IN NN VBD PP IN DT RB JJ NN SENT IN RB VBG PP$ NN IN NN TO DT JJ NN , NP VBD PP$ JJ NN IN DT NN CC JJ NN IN DT NNS IN DT RB JJ NN SENT NP VBD PP VBG IN JJ IN DT JJ NNS VBN IN DT NN : DT NN , DT NNS IN NN , CC DT JJ NN IN NN WDT VBZ RB TO DT NN RB SENT DT JJ NN SENT </pos></review>
