<?xml version="1.0" encoding="ISO-8859-1" standalone="no"?>
<!DOCTYPE review SYSTEM "derev.dtd">
<review ID="1857" title="HOBETSecretsStudyGuide" writer="HOBETExamSecretsTestPrepTeam" author="SandraParker" date="March 30, 2011" stars="5" suspectbook="1" unknownpurchase="1" nickname="1" cluster="0" allcluesclass="0" threecluesclass="0" sumclues="3" realclass="0" fold="7"><object>Hobet test takers-This is your study guide!</object><body>Hobet Secrets Study Guide: Your Key to Exam Success is a no-nonsense approach to studying for and taking the Hobet Exam.  This book includes such helpful hints like proper time management, how to make educated guesses, and how to avoid common pitfalls in order to increase your score.  The guide also includes easy to follow study guide material that is likely to be on the test, streamlining your study focus and increasing your chances for success.  This is a must read for anyone considering taking the Hobet examination and is looking for a sure fire way to succeed.</body><tokens>hobet secrets study guide : your key to exam success is a no-nonsense approach to studying for and taking the hobet exam . this book includes such helpful hints like proper time management , how to make educated guesses , and how to avoid common pitfalls in order to increase your score . the guide also includes easy to follow study guide material that is likely to be on the test , streamlining your study focus and increasing your chances for success . this is a must read for anyone considering taking the hobet examination and is looking for a sure fire way to succeed .</tokens><lemmas>&lt;unknown&gt; secret study guide : your key to exam success be a no-nonsense approach to study for and take the &lt;unknown&gt; exam . this book include such helpful hint like proper time management , how to make educated guess , and how to avoid common pitfall in order to increase your score . the guide also include easy to follow study guide material that be likely to be on the test , streamline your study focus and increase your chance for success . this be a must read for anyone consider take the &lt;unknown&gt; examination and be look for a sure fire way to succeed . </lemmas><pos>NN NNS NN NN : PP$ NN TO NN NN VBZ DT JJ NN TO VBG IN CC VBG DT NN NN SENT DT NN VBZ JJ JJ NNS IN JJ NN NN , WRB TO VB JJ VBZ , CC WRB TO VB JJ NNS IN NN TO VB PP$ NN SENT DT NN RB VBZ JJ TO VB NN NN NN WDT VBZ JJ TO VB IN DT NN , VBG PP$ NN NN CC VBG PP$ NNS IN NN SENT DT VBZ DT MD VB IN NN VBG VBG DT NN NN CC VBZ VBG IN DT JJ NN NN TO VB SENT </pos></review>
