<?xml version="1.0" encoding="ISO-8859-1" standalone="no"?>
<!DOCTYPE review SYSTEM "derev.dtd">
<review ID="1301" title="FacesSoulsPaintedCrows" writer="RudiUnterthiner" author="SandraParker" date="March 15, 2011" stars="5" suspectbook="1" unknownpurchase="1" nickname="1" cluster="0" allcluesclass="0" threecluesclass="0" sumclues="3" realclass="0" fold="5"><object>Truly wonderful!</object><body>This book is a true testament to the resolve of the human spirit and the ability for us to find a true balance between who we are and who others think we should be.  Dr. Reiter longs for the simple life that exists within a small fishing village in Mexico.  However, he is pulled away from this life into the world of glamour and money thanks to his stature as a plastic surgeon to the stars.  &quot;Faces Souls and Painted Crows&quot; chronicles one man's journey through self discovery that ultimately leads to balance and peace.  An amazing story!</body><tokens>this book is a true testament to the resolve of the human spirit and the ability for us to find a true balance between who we are and who others think we should be . dr . reiter longs for the simple life that exists within a small fishing village in mexico . however , he is pulled away from this life into the world of glamour and money thanks to his stature as a plastic surgeon to the stars . &quot; faces souls and painted crows &quot; chronicles one man 's journey through self discovery that ultimately leads to balance and peace . an amazing story !</tokens><lemmas>this book be a true testament to the resolve of the human spirit and the ability for us to find a true balance between who we be and who other think we should be . Dr . &lt;unknown&gt; long for the simple life that exist within a small fishing village in &lt;unknown&gt; . however , he be pull away from this life into the world of glamour and money thank to his stature as a plastic surgeon to the star . &quot; face soul and painted crow &quot; chronicle one man 's journey through self discovery that ultimately lead to balance and peace . an amazing story ! </lemmas><pos>DT NN VBZ DT JJ NN TO DT NN IN DT JJ NN CC DT NN IN PP TO VB DT JJ NN IN WP PP VBP CC WP NNS VBP PP MD VB SENT NN SENT NN NNS IN DT JJ NN WDT VBZ IN DT JJ NN NN IN NN SENT RB , PP VBZ VBN RB IN DT NN IN DT NN IN NN CC NN NNS TO PP$ NN IN DT JJ NN TO DT NNS SENT '' VBZ NNS CC JJ NNS '' VBZ CD NN POS NN IN NN NN WDT RB VBZ TO NN CC NN SENT DT JJ NN SENT </pos></review>
