<?xml version="1.0" encoding="ISO-8859-1" standalone="no"?>
<!DOCTYPE review SYSTEM "derev.dtd">
<review ID="2229" title="HowToGetAGreatJobin90DaysorLess" writer="JoeCarroll" author="SandraParker" date="January 2, 2011" stars="5" suspectbook="1" unknownpurchase="1" nickname="1" cluster="1" allcluesclass="0" threecluesclass="0" sumclues="4" realclass="0" fold="8"><object>This is Definitely the Kind of Help Job Seekers Need!</object><body>&quot;How to Get  a Great Job in 90 Days or Less&quot; by Joe Carroll is not just a bunch of fluff.  It's a logical approach to finding out what drives your life and how to turn that into a viable income.  I enjoyed the easy to read format and the clear, concise way the author conveys his message.  This is definitely a book that my college career counselor should pick up.</body><tokens>&quot; how to get a great job in 90 days or less &quot; by joe carroll is not just a bunch of fluff . it 's a logical approach to finding out what drives your life and how to turn that into a viable income . i enjoyed the easy to read format and the clear , concise way the author conveys his message . this is definitely a book that my college career counselor should pick up .</tokens><lemmas>&quot; how to get a great job in @card@ day or less &quot; by joe &lt;unknown&gt; be not just a bunch of fluff . it be a logical approach to find out what drive your life and how to turn IN into a viable income . i enjoy the easy to read format and the clear , concise way the author convey his message . this be definitely a book IN my college career counselor should pick up . </lemmas><pos>'' WRB TO VB DT JJ NN IN CD NNS CC JJR '' IN NN NN VBZ RB RB DT NN IN NN SENT PP VBZ DT JJ NN TO VBG RP WP VBZ PP$ NN CC WRB TO VB  IN DT JJ NN SENT NP VBD DT JJ TO VB NN CC DT JJ , JJ NN DT NN VBZ PP$ NN SENT DT VBZ RB DT NN  PP$ NN NN NN MD VB RP SENT </pos></review>
