<?xml version="1.0" encoding="ISO-8859-1" standalone="no"?>
<!DOCTYPE review SYSTEM "derev.dtd">
<review ID="2287" title="Inviolate" writer="MichaelLink" author="SandraParker" date="March 14, 2011" stars="5" suspectbook="1" unknownpurchase="0" nickname="1" cluster="1" allcluesclass="0" threecluesclass="0" sumclues="3" realclass="0" fold="9"><object>A real look at sexual assualt and the far reaching effects</object><body>As a mother of a twelve year old girl, I found this book to be a tremendous tool for helping me explain to her the realities behind sexual assault.  Gene Gillian is the All American teenage boy who happens to also be a sexual predator.  He can be lurking in any home in any city or town across the nation.  This book helps to demonstrate the evolution of such predators as well as the emotional and physical recovery of &quot;Connie&quot;, the victim.  This is a must read for anyone with school aged children.</body><tokens>as a mother of a twelve year old girl , i found this book to be a tremendous tool for helping me explain to her the realities behind sexual assault . gene gillian is the all american teenage boy who happens to also be a sexual predator . he can be lurking in any home in any city or town across the nation . this book helps to demonstrate the evolution of such predators as well as the emotional and physical recovery of &quot; connie &quot; , the victim . this is a must read for anyone with school aged children .</tokens><lemmas>as a mother of a twelve year old girl , i find this book to be a tremendous tool for help me explain to her the reality behind sexual assault . gene &lt;unknown&gt; be the all American teenage boy who happen to also be a sexual predator . he can be lurk in any home in any city or town across the nation . this book help to demonstrate the evolution of such predator as well as the emotional and physical recovery of &quot; &lt;unknown&gt; &quot; , the victim . this be a must read for anyone with school age child . </lemmas><pos>IN DT NN IN DT NN NN JJ NN , NP VBD DT NN TO VB DT JJ NN IN VBG PP VB TO PP DT NNS IN JJ NN SENT NN NN VBZ DT RB JJ JJ NN WP VBZ TO RB VB DT JJ NN SENT PP MD VB VBG IN DT NN IN DT NN CC NN IN DT NN SENT DT NN VBZ TO VB DT NN IN JJ NNS RB RB IN DT JJ CC JJ NN IN `` NN '' , DT NN SENT DT VBZ DT MD VB IN NN IN NN VBN NNS SENT </pos></review>
