<?xml version="1.0" encoding="ISO-8859-1" standalone="no"?>
<!DOCTYPE review SYSTEM "derev.dtd">
<review ID="1028" title="DestinedToLiveDespiteMe" writer="YolandaShanks" author="SandraParker" date="March 6, 2011" stars="5" suspectbook="1" unknownpurchase="1" nickname="1" cluster="1" allcluesclass="0" threecluesclass="0" sumclues="4" realclass="0" fold="4"><object>A moving experience!</object><body>&quot;Destined to Live, Despite Me: Biblical Truths for Suicide Survivors&quot; is an incredibly real look into the mind of a suicidal young woman and a testament to the power of faith.  Yolanda Banks, author and suicide survivor, takes us by the hand and shows us what it's like to feel utterly hopeless to the point of taking her own life and how she managed to turn near tragedy into triumph through the power of her faith and God's love. As someone who is close to someone who has attempted suicide and failed, I can appreciate the candid and frank nature that Ms. Banks imparts as she tells her story.  It gives those of us who have watched someone struggle with thoughts of suicide a greater understanding of how tough this struggle really is and how precious one's faith in God can be.</body><tokens>&quot; destined to live , despite me : biblical truths for suicide survivors &quot; is an incredibly real look into the mind of a suicidal young woman and a testament to the power of faith . yolanda banks , author and suicide survivor , takes us by the hand and shows us what it 's like to feel utterly hopeless to the point of taking her own life and how she managed to turn near tragedy into triumph through the power of her faith and god 's love . as someone who is close to someone who has attempted suicide and failed , i can appreciate the candid and frank nature that ms . banks imparts as she tells her story . it gives those of us who have watched someone struggle with thoughts of suicide a greater understanding of how tough this struggle really is and how precious one 's faith in god can be .</tokens><lemmas>&quot; destine to live , despite me : biblical truth for suicide survivor &quot; be an incredibly real look into the mind of a suicidal young woman and a testament to the power of faith . &lt;unknown&gt; bank , author and suicide survivor , take us by the hand and show us what it be like to feel utterly hopeless to the point of take her own life and how she manage to turn near tragedy into triumph through the power of her faith and god 's love . as someone who be close to someone who have attempt suicide and fail , i can appreciate the candid and frank nature IN &lt;unknown&gt; . bank impart as she tell her story . it give those of us who have watch someone struggle with thought of suicide a great understanding of how tough this struggle really be and how precious one be faith in god can be . </lemmas><pos>'' VBN TO VB , IN PP : JJ NNS IN NN NNS '' VBZ DT RB JJ NN IN DT NN IN DT JJ JJ NN CC DT NN TO DT NN IN NN SENT NN NNS , NN CC NN NN , VBZ PP IN DT NN CC VBZ PP WP PP VBZ JJ TO VB RB JJ TO DT NN IN VBG PP$ JJ NN CC WRB PP VBD TO VB JJ NN IN NN IN DT NN IN PP$ NN CC NN POS NN SENT IN NN WP VBZ JJ TO NN WP VBZ VBN NN CC VBD , NP MD VB DT JJ CC JJ NN  NNS SENT NNS VBZ IN PP VBZ PP$ NN SENT PP VBZ DT IN PP WP VBP VBN NN NN IN NNS IN NN DT JJR NN IN WRB JJ DT NN RB VBZ CC WRB JJ PP VBZ NN IN NN MD VB SENT </pos></review>
