<?xml version="1.0" encoding="ISO-8859-1" standalone="no"?>
<!DOCTYPE review SYSTEM "derev.dtd">
<review ID="0872" title="CircleofLies" writer="DouglasAlan" author="SandraParker" date="February 17, 2011" stars="5" suspectbook="1" unknownpurchase="1" nickname="1" cluster="0" allcluesclass="0" threecluesclass="0" sumclues="3" realclass="0" fold="2"><object>Great Read!  Highly Recommended!</object><body>Circle of Lies, by Douglas Alan is a fast paced, gritty crime thriller that introduces us to John Delaney, ex-cop turned lawyer who finds himself defending his best friend against embezzlement and murder charges when no one else will believe him.  Alan, a retired trial lawyer, gives us a rather unique look at the &quot;men behind the curtains&quot; of the American justice system with this fast paced, exciting read.  Highly recommended!</body><tokens>circle of lies , by douglas alan is a fast paced , gritty crime thriller that introduces us to john delaney , ex-cop turned lawyer who finds himself defending his best friend against embezzlement and murder charges when no one else will believe him . alan , a retired trial lawyer , gives us a rather unique look at the &quot; men behind the curtains &quot; of the american justice system with this fast paced , exciting read . highly recommended !</tokens><lemmas>circle of lie , by &lt;unknown&gt; &lt;unknown&gt; be a fast pace , gritty crime thriller that introduce us to john &lt;unknown&gt; , ex-cop turn lawyer who find himself defend his good friend against embezzlement and murder charge when no one else will believe him . &lt;unknown&gt; , a retire trial lawyer , give us a rather unique look at the &quot; man behind the curtain &quot; of the American justice system with this fast pace , exciting read . highly recommend ! </lemmas><pos>NN IN NNS , IN NNS NN VBZ DT RB VBN , JJ NN NN WDT VBZ PP TO NN NN , NN VBD NN WP VBZ PP VBG PP$ JJS NN IN NN CC NN NNS WRB DT CD RB MD VB PP SENT NN , DT VBN NN NN , VBZ PP DT RB JJ NN IN DT `` NNS IN DT NNS '' IN DT JJ NN NN IN DT RB VBN , JJ NN SENT RB VBN SENT </pos></review>
