<?xml version="1.0" encoding="ISO-8859-1" standalone="no"?>
<!DOCTYPE review SYSTEM "derev.dtd">
<review ID="3954" title="SavingRachel" writer="JohnLocke" author="SandraParker" date="November 7, 2010" stars="5" suspectbook="1" unknownpurchase="0" nickname="1" cluster="1" allcluesclass="0" threecluesclass="0" sumclues="3" realclass="0" fold="4"><object>Twists and Turns on Ev ery Page.</object><body>If I had one word I could use to describe this book it would be: wow!  Readers get dropped into Sam Case's life at a point where everything he knows is suddenly turned upside down.  A software programming genius, Sam has managed to create the ultimate money laundering application and has people from all walks of life trusting billions of dollars of cash to him.  And then he is thrust into the race of his life, trying desperately to save his kidnapped wife Rachel, who may or may not be involved in the current situation.  And then we switch points of view and see the events unfold from the eyes of Donovan Creed, professional hit man and the mastermind behind Sam's current predicament. I felt every heart pounding, fear gripping moment from the first page to the end of this story.  I love the ability of John Locke to give you just enough to start putting the pieces together and then snatch them away from you.  Saving Rachel is an addictive page turner that draws you in from the second your eyes read the first words.  Not for the faint of heart!</body><tokens>if i had one word i could use to describe this book it would be : wow ! readers get dropped into sam case 's life at a point where everything he knows is suddenly turned upside down . a software programming genius , sam has managed to create the ultimate money laundering application and has people from all walks of life trusting billions of dollars of cash to him . and then he is thrust into the race of his life , trying desperately to save his kidnapped wife rachel , who may or may not be involved in the current situation . and then we switch points of view and see the events unfold from the eyes of donovan creed , professional hit man and the mastermind behind sam 's current predicament . i felt every heart pounding , fear gripping moment from the first page to the end of this story . i love the ability of john locke to give you just enough to start putting the pieces together and then snatch them away from you . saving rachel is an addictive page turner that draws you in from the second your eyes read the first words . not for the faint of heart !</tokens><lemmas>if i have one word i could use to describe this book it would be : wow ! reader get drop into &lt;unknown&gt; case 's life at a point where everything he know be suddenly turn upside down . a software programming genius , &lt;unknown&gt; have manage to create the ultimate money laundering application and have people from all walk of life trust billion of dollar of cash to him . and then he be thrust into the race of his life , try desperately to save his kidnap wife &lt;unknown&gt; , who may or may not be involve in the current situation . and then we switch point of view and see the event unfold from the eye of &lt;unknown&gt; creed , professional hit man and the mastermind behind &lt;unknown&gt; 's current predicament . i feel every heart pound , fear gripping moment from the first page to the end of this story . i love the ability of john &lt;unknown&gt; to give you just enough to start put the piece together and then snatch them away from you . save &lt;unknown&gt; be an addictive page turner that draw you in from the second your eye read the first word . not for the faint of heart ! </lemmas><pos>IN NP VBD CD NN NP MD VB TO VB DT NN PP MD VB : NN SENT NNS VBP VBN IN NN NN POS NN IN DT NN WRB NN PP VBZ VBZ RB VBN RB RB SENT DT NN NN NN , NN VBZ VBN TO VB DT JJ NN NN NN CC VBZ NNS IN DT NNS IN NN VBG NNS IN NNS IN NN TO PP SENT CC RB PP VBZ VBN IN DT NN IN PP$ NN , VBG RB TO VB PP$ VBN NN NN , WP MD CC MD RB VB VBN IN DT JJ NN SENT CC RB PP VBP NNS IN NN CC VB DT NNS VBP IN DT NNS IN JJ NN , JJ NN NN CC DT NN IN NN POS JJ NN SENT NP VBD DT NN VBG , VBP JJ NN IN DT JJ NN TO DT NN IN DT NN SENT NNS VBP DT NN IN NN NNS TO VB PP RB JJ TO VB VBG DT NNS RB CC RB VB PP RP IN PP SENT VBG NN VBZ DT JJ NN NN WDT VBZ PP IN IN DT JJ PP$ NNS VBP DT JJ NNS SENT RB IN DT NN IN NN SENT </pos></review>
