<?xml version="1.0" encoding="ISO-8859-1" standalone="no"?>
<!DOCTYPE review SYSTEM "derev.dtd">
<review ID="5781" title="TheKillerKnowsWhy" writer="YannisMitsopoulos" author="SandraParker" date="April 24, 2012" stars="5" suspectbook="1" unknownpurchase="1" nickname="1" cluster="0" allcluesclass="0" threecluesclass="0" sumclues="3" realclass="0" fold="9"><object>A real page turner</object><body>I loved this book! The Killer Knows Why is a collection of fabulously indulgent crime stories that allows each and every reader to put themselves in the story.  The characters are three dimensional and complex, enriching the stories with their humanity.  Yannis Mitsopoulos has a true gift for engaging readers with his words.  This is a great book for any crime thriller fan!</body><tokens>i loved this book ! the killer knows why is a collection of fabulously indulgent crime stories that allows each and every reader to put themselves in the story . the characters are three dimensional and complex , enriching the stories with their humanity . yannis mitsopoulos has a true gift for engaging readers with his words . this is a great book for any crime thriller fan !</tokens><lemmas>i love this book ! the killer know why be a collection of fabulously indulgent crime storey that allow each and every reader to put themselves in the story . the character be three dimensional and complex , enrich the storey with their humanity . Yannis &lt;unknown&gt; have a true gift for engaging reader with his word . this be a great book for any crime thriller fan ! </lemmas><pos>NP VBD DT NN SENT DT NN VBZ WRB VBZ DT NN IN RB JJ NN NNS WDT VBZ DT CC DT NN TO VB PP IN DT NN SENT DT NNS VBP CD JJ CC JJ , VBG DT NNS IN PP$ NN SENT NP NP VBZ DT JJ NN IN JJ NNS IN PP$ NNS SENT DT VBZ DT JJ NN IN DT NN NN NN SENT </pos></review>
