<?xml version="1.0" encoding="ISO-8859-1" standalone="no"?>
<!DOCTYPE review SYSTEM "derev.dtd">
<review ID="4213" title="TheBestSeller" writer="ArunabhaSengupta" author="SandraParker" date="August 22, 2012" stars="5" suspectbook="1" unknownpurchase="1" nickname="1" cluster="1" allcluesclass="0" threecluesclass="0" sumclues="4" realclass="0" fold="7"><object>The Best Seller review by a reader</object><body>A romp through the modern world. Brilliant. The politics of the publishing industry, the inside view of financial crisis, the heart of Indian philosophy, and a look into the mind of man through the eyes of a cognitive psychologist. Combine everything and add a couple of dashes of poetry and blogs, and this can be the best book that one has read in many a year.</body><tokens>a romp through the modern world . brilliant . the politics of the publishing industry , the inside view of financial crisis , the heart of indian philosophy , and a look into the mind of man through the eyes of a cognitive psychologist . combine everything and add a couple of dashes of poetry and blogs , and this can be the best book that one has read in many a year .</tokens><lemmas>a romp through the modern world . brilliant . the politics of the publishing industry , the inside view of financial crisis , the heart of Indian philosophy , and a look into the mind of man through the eye of a cognitive psychologist . combine everything and add a couple of dash of poetry and &lt;unknown&gt; , and this can be the good book IN one have read in many a year . </lemmas><pos>DT NN IN DT JJ NN SENT JJ SENT DT NNS IN DT NN NN , DT JJ NN IN JJ NN , DT NN IN JJ NN , CC DT NN IN DT NN IN NN IN DT NNS IN DT JJ NN SENT VB NN CC VB DT NN IN NNS IN NN CC NNS , CC DT MD VB DT JJS NN  PP VBZ VBN IN JJ DT NN SENT </pos></review>
