<?xml version="1.0" encoding="ISO-8859-1" standalone="no"?>
<!DOCTYPE review SYSTEM "derev.dtd">
<review ID="3512" title="PrinceOfThisWorld" writer="GeorgeSimeran" author="SandraParker" date="March 17, 2011" stars="5" suspectbook="1" unknownpurchase="1" nickname="1" cluster="1" allcluesclass="0" threecluesclass="0" sumclues="4" realclass="0" fold="3"><object>Dark, twisted and oddly engaging.</object><body>&quot;Prince of This World&quot; by George Simeran is an uncensored look at the world in which we live through the eyes of the rich and deviant.  Simeran, author and main character &quot;George&quot;, takes us on a wild ride of drug induced overindulgence in this dark, twisted tale.  I found George's impotence driven fidelity to be humorous in a &quot;serves you right&quot; sort of way.  Oddly enough, I found this story to be engaging.  The characters were three dimensional, the plot developed and identifiable and the story very real.  As a matter of fact, I can't imagine that there aren't many people of means who couldn't substitute their own names into this story, at least in certain points, and it read like a biography.  Good book.</body><tokens>&quot; prince of this world &quot; by george simeran is an uncensored look at the world in which we live through the eyes of the rich and deviant . simeran , author and main character &quot; george &quot; , takes us on a wild ride of drug induced overindulgence in this dark , twisted tale . i found george 's impotence driven fidelity to be humorous in a &quot; serves you right &quot; sort of way . oddly enough , i found this story to be engaging . the characters were three dimensional , the plot developed and identifiable and the story very real . as a matter of fact , i ca n't imagine that there are n't many people of means who could n't substitute their own names into this story , at least in certain points , and it read like a biography . good book .</tokens><lemmas>&quot; prince of this world &quot; by &lt;unknown&gt; &lt;unknown&gt; be an uncensored look at the world in which we live through the eye of the rich and deviant . &lt;unknown&gt; , author and main character &quot; George &quot; , take us on a wild ride of drug induce overindulgence in this dark , twisted tale . i find George 's impotence driven fidelity to be humorous in a &quot; serve you right &quot; sort of way . oddly enough , i find this story to be engaging . the character be three dimensional , the plot develop and identifiable and the story very real . as a matter of fact , i ca n't imagine IN there be n't many people of mean who could n't substitute their own name into this story , at least in certain point , and it read like a biography . good book . </lemmas><pos>'' NN IN DT NN '' IN NN NN VBZ DT JJ NN IN DT NN IN WDT PP VBP IN DT NNS IN DT JJ CC JJ SENT NP , NN CC JJ NN `` NP '' , VBZ PP IN DT JJ NN IN NN VBD NN IN DT JJ , JJ NN SENT NP VBD NP POS NN JJ NN TO VB JJ IN DT `` VBZ PP JJ '' NN IN NN SENT RB RB , NP VBD DT NN TO VB JJ SENT DT NNS VBD CD JJ , DT NN VBN CC JJ CC DT NN RB JJ SENT IN DT NN IN NN , NP MD RB VB  EX VBP RB JJ NNS IN NNS WP MD RB VB PP$ JJ NNS IN DT NN , IN JJS IN JJ NNS , CC PP VBP IN DT NN SENT JJ NN SENT </pos></review>
