<?xml version="1.0" encoding="ISO-8859-1" standalone="no"?>
<!DOCTYPE review SYSTEM "derev.dtd">
<review ID="4009" title="SecretsoftheCSCSExamStudyGuide" writer="CSCSExamSecretsTestPrepTeam" author="SandraParker" date="March 30, 2011" stars="5" suspectbook="1" unknownpurchase="1" nickname="1" cluster="0" allcluesclass="0" threecluesclass="0" sumclues="3" realclass="0" fold="5"><object>A must read for anyone looking for the edge before taking the CSCS exam.</object><body>Secrets of the CSCS Exam Stidy Guide: CSCS Test Review for the Certified Strength and Conditioning Specialist is a comprehensive study guide that not only addresses the material that prospective test takers will likely encounter but also includes hints and strategies for taking the test itself.  This book provides a no-nonsense approach to taking the CSCS exam and includes easy to follow anatomical diagrams, well constructed vocabulary lists and straightforward system reviews.  This is a must read for anyone getting ready to take the CSCS exam and is looking for the edge to do well.</body><tokens>secrets of the cscs exam stidy guide : cscs test review for the certified strength and conditioning specialist is a comprehensive study guide that not only addresses the material that prospective test takers will likely encounter but also includes hints and strategies for taking the test itself . this book provides a no-nonsense approach to taking the cscs exam and includes easy to follow anatomical diagrams , well constructed vocabulary lists and straightforward system reviews . this is a must read for anyone getting ready to take the cscs exam and is looking for the edge to do well .</tokens><lemmas>secret of the &lt;unknown&gt; exam &lt;unknown&gt; guide : &lt;unknown&gt; test review for the certified strength and conditioning specialist be a comprehensive study guide IN not only address the material IN prospective test taker will likely encounter but also include hint and strategy for take the test itself . this book provide a no-nonsense approach to take the &lt;unknown&gt; exam and include easy to follow anatomical diagram , well construct vocabulary list and straightforward system review . this be a must read for anyone get ready to take the &lt;unknown&gt; exam and be look for the edge to do well . </lemmas><pos>NNS IN DT NNS NN NN NN : NNS VBP NN IN DT JJ NN CC NN NN VBZ DT JJ NN NN  RB RB VBZ DT NN  JJ NN NNS MD RB VB CC RB VBZ NNS CC NNS IN VBG DT NN PP SENT DT NN VBZ DT JJ NN TO VBG DT NNS NN CC VBZ JJ TO VB JJ NNS , RB VBN NN NNS CC JJ NN NNS SENT DT VBZ DT MD VB IN NN VBG JJ TO VB DT NNS NN CC VBZ VBG IN DT NN TO VB RB SENT </pos></review>
