<?xml version="1.0" encoding="ISO-8859-1" standalone="no"?>
<!DOCTYPE review SYSTEM "derev.dtd">
<review ID="4177" title="SolonIce" writer="TitanRaines" author="SandraParker" date="February 27, 2011" stars="5" suspectbook="1" unknownpurchase="1" nickname="1" cluster="1" allcluesclass="0" threecluesclass="0" sumclues="4" realclass="0" fold="6"><object>A must read for anyone who has ever asked &quot;Who am I?&quot;</object><body>&quot;Sol on Ice&quot; by Titan Raines is a first person narrative that details one man's journey through self discovery by using shamanism and an illegal substance known as ayahuasca.  &quot;Sol on Ice&quot; is an incredibly real look at race issues through the eyes of a black man who has experienced both devastating poverty and the prosperity that comes with education and familial support.  With a chip on his shoulder, Titan Raines goes to Peru to find himself and ends up finding much more than that.  A must read!</body><tokens>&quot; sol on ice &quot; by titan raines is a first person narrative that details one man 's journey through self discovery by using shamanism and an illegal substance known as ayahuasca . &quot; sol on ice &quot; is an incredibly real look at race issues through the eyes of a black man who has experienced both devastating poverty and the prosperity that comes with education and familial support . with a chip on his shoulder , titan raines goes to peru to find himself and ends up finding much more than that . a must read !</tokens><lemmas>&quot; sol on ice &quot; by titan &lt;unknown&gt; be a first person narrative that detail one man 's journey through self discovery by use shamanism and an illegal substance know as ayahuasca . &quot; sol on ice &quot; be an incredibly real look at race issue through the eye of a black man who have experience both devastating poverty and the prosperity that come with education and familial support . with a chip on his shoulder , titan &lt;unknown&gt; go to Peru to find himself and end up find much more than that . a must read ! </lemmas><pos>'' NN IN NN '' IN NN NNS VBZ DT JJ NN NN WDT VBZ CD NN POS NN IN JJ NN IN VBG NN CC DT JJ NN VBN IN NN SENT '' NN IN NN `` VBZ DT RB JJ NN IN NN NNS IN DT NNS IN DT JJ NN WP VBZ VBN DT JJ NN CC DT NN WDT VBZ IN NN CC JJ NN SENT IN DT NN IN PP$ NN , NN NNS VBZ TO NN TO VB PP CC VBZ RP VBG RB JJR IN DT SENT DT MD VB SENT </pos></review>
