<?xml version="1.0" encoding="ISO-8859-1" standalone="no"?>
<!DOCTYPE review SYSTEM "derev.dtd">
<review ID="5431" title="TheFlip" writer="SidneyPotter" author="SandraParker" date="December 2, 2010" stars="4" suspectbook="1" unknownpurchase="1" nickname="1" cluster="1" allcluesclass="0" threecluesclass="0" sumclues="4" realclass="0" fold="8"><object>The Flip nails real estate investing!</object><body>D. Sidney Potter's The Flip is a voice of reason for all investors looking to make money in real estate in the current economic climate.  By offering sound, step by step advice, D. Sidney Potter creates an atmosphere that can turn novice investors into real estate moguls by flipping real estate. What is so impressive about this book is that Potter speaks directly to investors of all levels. By breaking the process down into easy to understand categories including how to begin, where to find properties and which ones to choose, how to market, and how to close, Potter ensures that investors understand all of the ins and outs of flipping real estate for a profit.  Potter also details the many mistakes that real estate investors make and how to manage risk.  The Flip offers many different angles for investing in real estate in a way that draws readers in with its authoritative knowledge yet refrains from becoming dry or lecturing.  This is a must read for anyone in the real estate investing industry or has ever dreaming of earning a dollar flipping houses.</body><tokens>d . sidney potter 's the flip is a voice of reason for all investors looking to make money in real estate in the current economic climate . by offering sound , step by step advice , d . sidney potter creates an atmosphere that can turn novice investors into real estate moguls by flipping real estate . what is so impressive about this book is that potter speaks directly to investors of all levels . by breaking the process down into easy to understand categories including how to begin , where to find properties and which ones to choose , how to market , and how to close , potter ensures that investors understand all of the ins and outs of flipping real estate for a profit . potter also details the many mistakes that real estate investors make and how to manage risk . the flip offers many different angles for investing in real estate in a way that draws readers in with its authoritative knowledge yet refrains from becoming dry or lecturing . this is a must read for anyone in the real estate investing industry or has ever dreaming of earning a dollar flipping houses .</tokens><lemmas>d . &lt;unknown&gt; potter be the flip be a voice of reason for all investor look to make money in real estate in the current economic climate . by offering sound , step by step advice , d . &lt;unknown&gt; potter create an atmosphere that can turn novice investor into real estate mogul by flip real estate . what be so impressive about this book be IN potter speak directly to investor of all level . by break the process down into easy to understand category include how to begin , where to find property and which one to choose , how to market , and how to close , potter ensure IN investor understand all of the in and out of flip real estate for a profit . potter also detail the many mistake IN real estate investor make and how to manage risk . the flip offer many different angle for invest in real estate in a way that draw reader in with its authoritative knowledge yet refrain from become dry or lecture . this be a must read for anyone in the real estate invest industry or have ever dream of earn a dollar flip house . </lemmas><pos>LS SENT NN NN VBZ DT NN VBZ DT NN IN NN IN DT NNS VBG TO VB NN IN JJ NN IN DT JJ JJ NN SENT IN NN NN , NN IN NN NN , LS SENT NN NN VBZ DT NN WDT MD VB NN NNS IN JJ NN NNS IN VBG JJ NN SENT WP VBZ RB JJ IN DT NN VBZ  NN VBZ RB TO NNS IN DT NNS SENT IN VBG DT NN RB IN JJ TO VB NNS VBG WRB TO VB , WRB TO VB NNS CC WDT NNS TO VB , WRB TO NN , CC WRB TO VB , NN VBZ  NNS VBP DT IN DT NNS CC NNS IN VBG JJ NN IN DT NN SENT NN RB VBZ DT JJ NNS  JJ NN NNS VBP CC WRB TO VB NN SENT DT NN VBZ JJ JJ NNS IN VBG IN JJ NN IN DT NN WDT VBZ NNS IN IN PP$ JJ NN RB VBZ IN VBG JJ CC VBG SENT DT VBZ DT MD VB IN NN IN DT JJ NN VBG NN CC VBZ RB VBG IN VBG DT NN VBG NNS SENT </pos></review>
