<?xml version="1.0" encoding="ISO-8859-1" standalone="no"?>
<!DOCTYPE review SYSTEM "derev.dtd">
<review ID="2636" title="LetterstoEthan" writer="TomMcQueen" author="SandraParker" date="November 7, 2010" stars="5" suspectbook="1" unknownpurchase="1" nickname="1" cluster="1" allcluesclass="0" threecluesclass="0" sumclues="4" realclass="0" fold="1"><object>If Ever There Was a Handbook for Life...Here It Is!</object><body>&quot;Letters to Ethan: A Grandfather's Legacy of Life and Love&quot; is a moving testament of a grandfather's love and devotion to his grandson.  Tom McQueen takes an introspective look into the lack of his own relationship with his grandparents through his letters to his own grandson.  Throughout the book, McQueen imparts valuable life lessons to his grandson and addresses many sensitive issues that many young adults face unprepared including drugs, emotions, and life's ups and downs.  I love Tom McQueen's insightfulness and ability to incorporate morality and religion into his letters to Ethan in such a way that anyone can relate.  He avoids lecturing by incorporating his lessons into stories from his personal life from his boyhood to manhood and into his golden years.  Letters to Ethan: A Grandfather's Legacy of Life and Love is a must read for every family.  It is a book that you will hold on to and cherish forever.</body><tokens>&quot; letters to ethan : a grandfather 's legacy of life and love &quot; is a moving testament of a grandfather 's love and devotion to his grandson . tom mcqueen takes an introspective look into the lack of his own relationship with his grandparents through his letters to his own grandson . throughout the book , mcqueen imparts valuable life lessons to his grandson and addresses many sensitive issues that many young adults face unprepared including drugs , emotions , and life 's ups and downs . i love tom mcqueen 's insightfulness and ability to incorporate morality and religion into his letters to ethan in such a way that anyone can relate . he avoids lecturing by incorporating his lessons into stories from his personal life from his boyhood to manhood and into his golden years . letters to ethan : a grandfather 's legacy of life and love is a must read for every family . it is a book that you will hold on to and cherish forever .</tokens><lemmas>&quot; letter to &lt;unknown&gt; : a grandfather 's legacy of life and love &quot; be a move testament of a grandfather 's love and devotion to his grandson . tom Mcqueen take an introspective look into the lack of his own relationship with his grandparent through his letter to his own grandson . throughout the book , Mcqueen impart valuable life lesson to his grandson and address many sensitive issue IN many young adult face unprepared include drug , emotion , and life 's up and down . i love tom Mcqueen 's &lt;unknown&gt; and ability to incorporate morality and religion into his letter to &lt;unknown&gt; in such a way IN anyone can relate . he avoid lecture by incorporate his lesson into storey from his personal life from his boyhood to manhood and into his golden year . letter to &lt;unknown&gt; : a grandfather 's legacy of life and love be a must read for every family . it be a book IN you will hold on to and cherish forever . </lemmas><pos>'' NNS TO NN : DT NN POS NN IN NN CC NN `` VBZ DT VBG NN IN DT NN POS NN CC NN TO PP$ NN SENT NN NP VBZ DT JJ NN IN DT NN IN PP$ JJ NN IN PP$ NNS IN PP$ NNS TO PP$ JJ NN SENT IN DT NN , NP VBZ JJ NN NNS TO PP$ NN CC VBZ JJ JJ NNS  JJ JJ NNS VBP JJ VBG NNS , NNS , CC NN POS NNS CC NNS SENT NP NN NN NP POS NN CC NN TO VB NN CC NN IN PP$ NNS TO NN IN PDT DT NN  NN MD VB SENT PP VBZ VBG IN VBG PP$ NNS IN NNS IN PP$ JJ NN IN PP$ NN TO NN CC IN PP$ JJ NNS SENT NNS TO NN : DT NN POS NN IN NN CC NN VBZ DT MD VB IN DT NN SENT PP VBZ DT NN  PP MD VB IN TO CC VB RB SENT </pos></review>
