<?xml version="1.0" encoding="ISO-8859-1" standalone="no"?>
<!DOCTYPE review SYSTEM "derev.dtd">
<review ID="2558" title="LethalExperiment" writer="JohnLocke" author="SandraParker" date="November 7, 2010" stars="5" suspectbook="1" unknownpurchase="0" nickname="1" cluster="1" allcluesclass="0" threecluesclass="0" sumclues="3" realclass="0" fold="0"><object>What a ride!</object><body>What would you do for $100,000?  It's a question that Trish and Rob have to answer when given the opportunity to receive the kind of money that will change their lives.  But, would they be willing to let someone die for it?  What if they knew that they were next? Donovan Creed is a contract killer, working for both Homeland Security and the mob.  &quot;Lethal Experiment&quot; by John Locke is an excellent thriller that chronicles Donovan's struggle to balance his &quot;work&quot; with his home life.  Donovan Creed is a round, multilayered character that I find intriguing and real.  The dialogue in this book is engaging and three dimensional.  I loved the twists and the turns and easily identified with Donovan as the hero, even though he was not necessarily a nice guy.  &quot;Lethal Experiment&quot; was the first book I have read by Mr. Locke but definitely won't be the last!</body><tokens>what would you do for $100 , 000 ? it 's a question that trish and rob have to answer when given the opportunity to receive the kind of money that will change their lives . but , would they be willing to let someone die for it ? what if they knew that they were next ? donovan creed is a contract killer , working for both homeland security and the mob . &quot; lethal experiment &quot; by john locke is an excellent thriller that chronicles donovan 's struggle to balance his &quot; work &quot; with his home life . donovan creed is a round , multilayered character that i find intriguing and real . the dialogue in this book is engaging and three dimensional . i loved the twists and the turns and easily identified with donovan as the hero , even though he was not necessarily a nice guy . &quot; lethal experiment &quot; was the first book i have read by mr . locke but definitely wo n't be the last !</tokens><lemmas>what would you do for &lt;unknown&gt; , @card@ ? it be a question that &lt;unknown&gt; and rob have to answer when give the opportunity to receive the kind of money that will change their life . but , would they be willing to let someone die for it ? what if they know IN they be next ? &lt;unknown&gt; creed be a contract killer , work for both homeland security and the mob . &quot; lethal experiment &quot; by john &lt;unknown&gt; be an excellent thriller that chronicle &lt;unknown&gt; 's struggle to balance his &quot; work &quot; with his home life . &lt;unknown&gt; creed be a round , multilayer character IN i find intriguing and real . the dialogue in this book be engaging and three dimensional . i love the twist and the turn and easily identify with &lt;unknown&gt; as the hero , even though he be not necessarily a nice guy . &quot; lethal experiment &quot; be the first book i have read by Mr . Locke but definitely wo n't be the last ! </lemmas><pos>WP MD PP VB IN NN , CD SENT PP VBZ DT NN WDT VBP CC VBP VB TO VB WRB VBN DT NN TO VB DT NN IN NN WDT MD VB PP$ NNS SENT RB , MD PP VB JJ TO VB NN VB IN PP SENT WP IN PP VBD  PP VBD JJ SENT JJ NN VBZ DT NN NN , VBG IN DT NN NN CC DT NN SENT '' JJ NN '' IN NN NN VBZ DT JJ NN WDT VBZ NN POS NN TO VB PP$ `` NN '' IN PP$ NN NN SENT JJ NN VBZ DT NN , VBN NN  NP VB JJ CC JJ SENT DT NN IN DT NN VBZ JJ CC CD JJ SENT NP VBD DT NNS CC DT NNS CC RB VBN IN NN IN DT NN , RB IN PP VBD RB RB DT JJ NN SENT '' JJ NN '' VBD DT JJ NN NNS VBP VBN IN NN SENT NP CC RB MD RB VB DT JJ SENT </pos></review>
