<?xml version="1.0" encoding="ISO-8859-1" standalone="no"?>
<!DOCTYPE review SYSTEM "derev.dtd">
<review ID="3100" title="NoIDontWanttoPlayToday" writer="BrendaJones" author="SandraParker" date="March 12, 2011" stars="5" suspectbook="1" unknownpurchase="1" nickname="1" cluster="1" allcluesclass="0" threecluesclass="0" sumclues="4" realclass="0" fold="2"><object>Outstanding book!  A must read for anyone with children</object><body>We have all seen the effects bullying can have on our children and our society, however until now there have been limited resources available to help us talk to our children about what bullying is.  My son has personally experienced the effects of being bullied at school.  Brenda Jones is right on with her book &quot;No I Don't Want to Play Today: An African Tale about Bullying&quot;.  This story helped me explain to my son what was happening to him and why it is unacceptable for him to bully others.  This should be a staple in every elementary and middle school classroom and household.</body><tokens>we have all seen the effects bullying can have on our children and our society , however until now there have been limited resources available to help us talk to our children about what bullying is . my son has personally experienced the effects of being bullied at school . brenda jones is right on with her book &quot; no i do n't want to play today : an african tale about bullying &quot; . this story helped me explain to my son what was happening to him and why it is unacceptable for him to bully others . this should be a staple in every elementary and middle school classroom and household .</tokens><lemmas>we have all see the effect bully can have on our child and our society , however until now there have be limited resource available to help us talk to our child about what bully be . my son have personally experience the effect of be bully at school . &lt;unknown&gt; &lt;unknown&gt; be right on with her book &quot; no i do n't want to play today : an African tale about bully &quot; . this story help me explain to my son what be happen to him and why it be unacceptable for him to bully other . this should be a staple in every elementary and middle school classroom and household . </lemmas><pos>PP VBP RB VBN DT NNS VBG MD VB IN PP$ NNS CC PP$ NN , RB IN RB EX VBP VBN JJ NNS JJ TO VB PP VB TO PP$ NNS IN WP VBG VBZ SENT PP$ NN VBZ RB VBN DT NNS IN VBG VBN IN NN SENT NN NNS VBZ RB IN IN PP$ NN `` DT NNS VBP RB VB TO VB NN : DT JJ NN IN VBG '' SENT DT NN VBD PP VB TO PP$ NN WDT VBD VBG TO PP CC WRB PP VBZ JJ IN PP TO VB NNS SENT DT MD VB DT NN IN DT JJ CC JJ NN NN CC NN SENT </pos></review>
