<?xml version="1.0" encoding="ISO-8859-1" standalone="no"?>
<!DOCTYPE review SYSTEM "derev.dtd">
<review ID="4182" title="SolonIce" writer="TitanRaines" author="Anthony30" date="February 25, 2011" stars="5" suspectbook="1" unknownpurchase="1" nickname="1" cluster="1" allcluesclass="0" threecluesclass="0" sumclues="4" realclass="0" fold="8"><object>Interesting, exciting adventure</object><body>Titan Raines &quot;Sol on Ice&quot; is an intriguing story that delves beyond the race issue and what separates us.  Here you will read about a personal journey, both physically and emotionally, about his travels and experiences with Ayahuasca. This story is extremely interesting and thought provoking.  It raises many questions and brings about many realizations.  As you read you it becomes increasingly clear we really are not so different after all.  Great read!</body><tokens>titan raines &quot; sol on ice &quot; is an intriguing story that delves beyond the race issue and what separates us . here you will read about a personal journey , both physically and emotionally , about his travels and experiences with ayahuasca . this story is extremely interesting and thought provoking . it raises many questions and brings about many realizations . as you read you it becomes increasingly clear we really are not so different after all . great read !</tokens><lemmas>titan &lt;unknown&gt; &quot; sol on ice &quot; be an intriguing story that delve beyond the race issue and what separate us . here you will read about a personal journey , both physically and emotionally , about his travel and experience with ayahuasca . this story be extremely interesting and think provoke . it raise many question and bring about many realization . as you read you it become increasingly clear we really be not so different after all . great read ! </lemmas><pos>NN NNS '' NN IN NN `` VBZ DT JJ NN WDT VBZ IN DT NN NN CC WP VBZ PP SENT RB PP MD VB IN DT JJ NN , CC RB CC RB , IN PP$ NNS CC NNS IN NN SENT DT NN VBZ RB JJ CC VBD VBG SENT PP VBZ JJ NNS CC VBZ IN JJ NNS SENT IN PP VBP PP PP VBZ RB VB PP RB VBP RB RB JJ IN DT SENT JJ NN SENT </pos></review>
