<?xml version="1.0" encoding="ISO-8859-1" standalone="no"?>
<!DOCTYPE review SYSTEM "derev.dtd">
<review ID="1290" title="FacesSoulsPaintedCrows" writer="RudiUnterthiner" author="Anthony30" date="February 3, 2011" stars="5" suspectbook="1" unknownpurchase="1" nickname="1" cluster="1" allcluesclass="0" threecluesclass="0" sumclues="4" realclass="0" fold="5"><object>A Truly Intriguing Book</object><body>&quot;Faces, Souls, and Painted Crows&quot; is an intriguing book that talks of Dr. Reiter and his struggles with being a Hollywood plastic surgeon.  From his beginnings and coming to American you go on to read about his surgeries on the rich and famous as well as his good work within a small Mexican village.  This book goes beyond the struggles of a plastic surgeon as it addresses different feelings many experience throughout life. I found it fascinating and encouraging.</body><tokens>&quot; faces , souls , and painted crows &quot; is an intriguing book that talks of dr . reiter and his struggles with being a hollywood plastic surgeon . from his beginnings and coming to american you go on to read about his surgeries on the rich and famous as well as his good work within a small mexican village . this book goes beyond the struggles of a plastic surgeon as it addresses different feelings many experience throughout life . i found it fascinating and encouraging .</tokens><lemmas>&quot; face , soul , and painted crow &quot; be an intriguing book IN talk of Dr . &lt;unknown&gt; and his struggle with be a &lt;unknown&gt; plastic surgeon . from his beginning and come to American you go on to read about his surgery on the rich and famous as well as his good work within a small Mexican village . this book go beyond the struggle of a plastic surgeon as it address different feeling many experience throughout life . i find it fascinating and encouraging . </lemmas><pos>'' NNS , NNS , CC JJ NNS '' VBZ DT JJ NN  NNS IN NN SENT NN CC PP$ NNS IN VBG DT NN NN NN SENT IN PP$ NNS CC VBG TO NN PP VBP IN TO VB IN PP$ NNS IN DT JJ CC JJ RB RB IN PP$ JJ NN IN DT JJ NN NN SENT DT NN VBZ IN DT NNS IN DT JJ NN IN PP VBZ JJ NNS JJ NN IN NN SENT NP VBD PP JJ CC JJ SENT </pos></review>
