<?xml version="1.0" encoding="ISO-8859-1" standalone="no"?>
<!DOCTYPE review SYSTEM "derev.dtd">
<review ID="4401" title="TheBookofFiveRingsfromSmarterComics" writer="MiyamotoMusashi" author="Anthony30" date="November 4, 2011" stars="5" suspectbook="1" unknownpurchase="1" nickname="1" cluster="1" allcluesclass="0" threecluesclass="0" sumclues="4" realclass="0" fold="9"><object>Classic Lessons for a Modern Day Life</object><body>&quot;The Book of Five Rings&quot; is a must-read for anyone who looking to get ahead in this world. By applying ancient old philosophies, this book will give you tools you can use in today's world to become successful. I enjoy how the book puts an emphasis on the &quot;bigger plan&quot; and leads the reader to understand that when you apply the ideas to your every day being, you become successful in all areas of life.</body><tokens>&quot; the book of five rings &quot; is a must-read for anyone who looking to get ahead in this world . by applying ancient old philosophies , this book will give you tools you can use in today 's world to become successful . i enjoy how the book puts an emphasis on the &quot; bigger plan &quot; and leads the reader to understand that when you apply the ideas to your every day being , you become successful in all areas of life .</tokens><lemmas>&quot; the book of five ring &quot; be a must-read for anyone who look to get ahead in this world . by apply ancient old philosophy , this book will give you tool you can use in today 's world to become successful . i enjoy how the book put an emphasis on the &quot; big plan &quot; and lead the reader to understand IN when you apply the idea to your every day be , you become successful in all area of life . </lemmas><pos>'' DT NN IN CD NNS '' VBZ DT NN IN NN WP VBG TO VB RB IN DT NN SENT IN VBG JJ JJ NNS , DT NN MD VB PP NNS PP MD VB IN NN POS NN TO VB JJ SENT NNS VBP WRB DT NN VBZ DT NN IN DT `` JJR NN '' CC VBZ DT NN TO VB  WRB PP VBP DT NNS TO PP$ DT NN VBG , PP VBP JJ IN DT NNS IN NN SENT </pos></review>
