<?xml version="1.0" encoding="ISO-8859-1" standalone="no"?>
<!DOCTYPE review SYSTEM "derev.dtd">
<review ID="5790" title="TheLightofInnocence" writer="CarlMarshall" author="SandraParker" date="December 10, 2010" stars="5" suspectbook="1" unknownpurchase="1" nickname="1" cluster="1" allcluesclass="0" threecluesclass="0" sumclues="4" realclass="0" fold="0"><object>&quot;The Light of Innocence: Christian Living&quot; is an inspiration.</object><body>In this day and age, it is easy to forget that Christianity isn't about our church, our rituals and our pastor's interpretation of God's Word.  It is about believing in Jesus Christ and obeying the Word of God.  Carl Marshall reminds us that only by doing this can we be assured of the salvation that Jesus has promised us.  This is a must read for anyone who yearns for greater spiritual growth and is willing to look inside himself to find it.</body><tokens>in this day and age , it is easy to forget that christianity is n't about our church , our rituals and our pastor 's interpretation of god 's word . it is about believing in jesus christ and obeying the word of god . carl marshall reminds us that only by doing this can we be assured of the salvation that jesus has promised us . this is a must read for anyone who yearns for greater spiritual growth and is willing to look inside himself to find it .</tokens><lemmas>in this day and age , it be easy to forget that Christianity be n't about our church , our ritual and our pastor 's interpretation of god 's word . it be about believe in &lt;unknown&gt; &lt;unknown&gt; and obey the word of god . carl &lt;unknown&gt; remind us IN only by do this can we be assure of the salvation IN &lt;unknown&gt; have promise us . this be a must read for anyone who yearn for great spiritual growth and be willing to look inside himself to find it . </lemmas><pos>IN DT NN CC NN , PP VBZ JJ TO VB DT NN VBZ RB IN PP$ NN , PP$ NNS CC PP$ NN POS NN IN NN POS NN SENT PP VBZ RB VBG IN NN NN CC VBG DT NN IN NN SENT NN NN VBZ PP  RB IN VBG DT MD PP VB VBN IN DT NN  NN VBZ VBN PP SENT DT VBZ DT MD VB IN NN WP VBZ IN JJR JJ NN CC VBZ JJ TO VB IN PP TO VB PP SENT </pos></review>
