<?xml version="1.0" encoding="ISO-8859-1" standalone="no"?>
<!DOCTYPE review SYSTEM "derev.dtd">
<review ID="1357" title="FinalDestination" writer="AnkurChoudhury" author="Anthony30" date="March 4, 2011" stars="5" suspectbook="1" unknownpurchase="1" nickname="1" cluster="1" allcluesclass="0" threecluesclass="0" sumclues="4" realclass="0" fold="6"><object>Beautiful, Dark Poetry</object><body>&quot;Final Destination&quot; by Ankur Choudhury is an incredible book full of dark, beautiful poetry. As a poet myself, I found myself silently agreeing and comparing some of my own life struggles with the different lines of poetry. These poems are deep and soulful and full of the thoughts and feelings so many of us experience throughout life. My personal favorites were &quot;Unstable&quot; and &quot;Renegade&quot;. Real and raw, this is what poetry should be about.</body><tokens>&quot; final destination &quot; by ankur choudhury is an incredible book full of dark , beautiful poetry . as a poet myself , i found myself silently agreeing and comparing some of my own life struggles with the different lines of poetry . these poems are deep and soulful and full of the thoughts and feelings so many of us experience throughout life . my personal favorites were &quot; unstable &quot; and &quot; renegade &quot; . real and raw , this is what poetry should be about .</tokens><lemmas>&quot; final destination &quot; by Ankur &lt;unknown&gt; be an incredible book full of dark , beautiful poetry . as a poet myself , i find myself silently agree and compare some of my own life struggle with the different line of poetry . these poem be deep and soulful and full of the thought and feeling so many of us experience throughout life . my personal favorite be &quot; unstable &quot; and &quot; renegade &quot; . real and raw , this be what poetry should be about . </lemmas><pos>'' JJ NN '' IN NP NN VBZ DT JJ NN JJ IN JJ , JJ NN SENT IN DT NN PP , NP VBD PP RB VBG CC VBG DT IN PP$ JJ NN VBZ IN DT JJ NNS IN NN SENT DT NNS VBP JJ CC JJ CC JJ IN DT NNS CC NNS RB JJ IN PP VBP IN NN SENT PP$ JJ NNS VBD `` JJ '' CC `` NN '' SENT JJ CC JJ , DT VBZ WP NN MD VB RB SENT </pos></review>
