<?xml version="1.0" encoding="ISO-8859-1" standalone="no"?>
<!DOCTYPE review SYSTEM "derev.dtd">
<review ID="6756" title="ZorPhilosophySpiritualityandScience" writer="JB" author="SandraParker" date="March 14, 2011" stars="5" suspectbook="1" unknownpurchase="1" nickname="1" cluster="1" allcluesclass="0" threecluesclass="0" sumclues="4" realclass="0" fold="2"><object>Highly recommended!  Good, easy read.</object><body>If ever there was a book that found a way to impart a lifetimes' worth of wisdom in a way that any man can understand, Zor: Philosophy, Spirituality and Science is that book.  Set in a casual corner bar, every man John Brewster has several chance encounters with Haitian dwarf named Zor.  I love the conversational tone the author uses to help John (aka all of us) understand the relationship between us and the world around us.  I highly recommend this book!</body><tokens>if ever there was a book that found a way to impart a lifetimes &quot; worth of wisdom in a way that any man can understand , zor : philosophy , spirituality and science is that book . set in a casual corner bar , every man john brewster has several chance encounters with haitian dwarf named zor . i love the conversational tone the author uses to help john ( aka all of us ) understand the relationship between us and the world around us . i highly recommend this book !</tokens><lemmas>if ever there be a book that find a way to impart a lifetime &quot; worth of wisdom in a way IN any man can understand , &lt;unknown&gt; : philosophy , spirituality and science be that book . set in a casual corner bar , every man john &lt;unknown&gt; have several chance encounter with Haitian dwarf name &lt;unknown&gt; . i love the conversational tone the author use to help john ( aka all of us ) understand the relationship between us and the world around us . i highly recommend this book ! </lemmas><pos>IN RB EX VBD DT NN WDT VBD DT NN TO VB DT NNS '' NN IN NN IN DT NN  DT NN MD VB , NN : NN , NN CC NN VBZ DT NN SENT VBN IN DT JJ NN NN , DT NN NN NN VBZ JJ NN NNS IN JJ NN VBN NN SENT NNS VBP DT JJ NN DT NN VBZ TO VB NN ( NN RB IN PP ) VB DT NN IN PP CC DT NN IN PP SENT NP RB VBP DT NN SENT </pos></review>
