<?xml version="1.0" encoding="ISO-8859-1" standalone="no"?>
<!DOCTYPE review SYSTEM "derev.dtd">
<review ID="6549" title="VoiceofConscience" writer="BehcetKaya" author="SandraParker" date="May 12, 2012" stars="5" suspectbook="1" unknownpurchase="1" nickname="1" cluster="0" allcluesclass="0" threecluesclass="0" sumclues="3" realclass="0" fold="1"><object>Voice of Conscience...A Must Read For All!</object><body>Voice of Conscience by Behcet Kaya is a masterful tale of life, love and revenge all wrapped up into a sharp, well written freshman novel. I love the way Behcet Kaya incorporates his knowledge of Turkish and Muslim customs into a widely universal story, appealing to readers from all walks of life and backgrounds.  Ramzi Jr finds love, happiness and success in the United States.  However, he cannot shake the horrors of his past and the murders of his family.  Ultimately, Ramzi is consumed by his need to avenge his family's death and things unravel. Behcet walks readers through every emotion throughout the twists and turns of this story, sprinkling in just the right amounts of drama and conflict as well as genuine love.  The characters are three dimensional and real and the settings are laid out beautifully.  I loved every minute of this story and would highly recommend it to anyone who is looking for a great story.  I look forward to reading more from Kaya.</body><tokens>voice of conscience by behcet kaya is a masterful tale of life , love and revenge all wrapped up into a sharp , well written freshman novel . i love the way behcet kaya incorporates his knowledge of turkish and muslim customs into a widely universal story , appealing to readers from all walks of life and backgrounds . ramzi jr finds love , happiness and success in the united states . however , he cannot shake the horrors of his past and the murders of his family . ultimately , ramzi is consumed by his need to avenge his family 's death and things unravel . behcet walks readers through every emotion throughout the twists and turns of this story , sprinkling in just the right amounts of drama and conflict as well as genuine love . the characters are three dimensional and real and the settings are laid out beautifully . i loved every minute of this story and would highly recommend it to anyone who is looking for a great story . i look forward to reading more from kaya .</tokens><lemmas>voice of conscience by &lt;unknown&gt; &lt;unknown&gt; be a masterful tale of life , love and revenge all wrap up into a sharp , well write freshman novel . i love the way &lt;unknown&gt; &lt;unknown&gt; incorporate his knowledge of Turkish and Muslim custom into a widely universal story , appeal to reader from all walk of life and background . Ramzi Jr find love , happiness and success in the unite state . however , he can shake the horror of his past and the murder of his family . ultimately , Ramzi be consume by his need to avenge his family 's death and thing unravel . &lt;unknown&gt; walk reader through every emotion throughout the twist and turn of this story , sprinkle in just the right amount of drama and conflict as well as genuine love . the character be three dimensional and real and the setting be lay out beautifully . i love every minute of this story and would highly recommend it to anyone who be look for a great story . i look forward to read more from Kaya . </lemmas><pos>NN IN NN IN NN NN VBZ DT JJ NN IN NN , NN CC NN RB VBD RP IN DT JJ , RB VBN NN NN SENT NNS VBP DT NN NN NN VBZ PP$ NN IN JJ CC JJ NNS IN DT RB JJ NN , VBG TO NNS IN DT NNS IN NN CC NNS SENT NP NP VBZ NN , NN CC NN IN DT VBN NNS SENT RB , PP MD VB DT NNS IN PP$ NN CC DT NNS IN PP$ NN SENT RB , NP VBZ VBN IN PP$ NN TO VB PP$ NN POS NN CC NNS VBP SENT NN VBZ NNS IN DT NN IN DT NNS CC VBZ IN DT NN , VBG IN RB DT JJ NNS IN NN CC NN RB RB IN JJ NN SENT DT NNS VBP CD JJ CC JJ CC DT NNS VBP VBN RP RB SENT NP VBD DT NN IN DT NN CC MD RB VB PP TO NN WP VBZ VBG IN DT JJ NN SENT NNS VBP RB TO VBG JJR IN NP SENT </pos></review>
