<?xml version="1.0" encoding="ISO-8859-1" standalone="no"?>
<!DOCTYPE review SYSTEM "derev.dtd">
<review ID="2641" title="LetterstoEthan" writer="TomMcQueen" author="Anthony30" date="November 6, 2010" stars="5" suspectbook="1" unknownpurchase="1" nickname="1" cluster="1" allcluesclass="0" threecluesclass="0" sumclues="4" realclass="0" fold="7"><object>Touching Book</object><body>In Tom McQueen's book &quot;Letters to Ethan&quot; I found my eyes watering more than once but smiling throughout the whole book.  This book is perfect for parents and grandparents or anyone who just wants a good read about the best lessons in life in the words of a grandpa who clearly loves God and his grandson. I really enjoyed how he tackles all the tough areas of life and how McQueen uses different quotes before each one of his letters. I highly recommend this book and give it five stars.</body><tokens>in tom mcqueen 's book &quot; letters to ethan &quot; i found my eyes watering more than once but smiling throughout the whole book . this book is perfect for parents and grandparents or anyone who just wants a good read about the best lessons in life in the words of a grandpa who clearly loves god and his grandson . i really enjoyed how he tackles all the tough areas of life and how mcqueen uses different quotes before each one of his letters . i highly recommend this book and give it five stars .</tokens><lemmas>in tom Mcqueen 's book &quot; letter to &lt;unknown&gt; &quot; i find my eye water more than once but smile throughout the whole book . this book be perfect for parent and grandparent or anyone who just want a good read about the good lesson in life in the word of a grandpa who clearly love god and his grandson . i really enjoy how he tackle all the tough area of life and how Mcqueen use different quote before each one of his letter . i highly recommend this book and give it five star . </lemmas><pos>IN NN NP POS NN '' NNS TO NN `` NP VBD PP$ NNS VBG JJR IN RB CC VBG IN DT JJ NN SENT DT NN VBZ JJ IN NNS CC NNS CC NN WP RB VBZ DT JJ NN IN DT JJS NNS IN NN IN DT NNS IN DT NN WP RB VBZ NN CC PP$ NN SENT NP RB VBD WRB PP VBZ PDT DT JJ NNS IN NN CC WRB NP VBZ JJ NNS IN DT CD IN PP$ NNS SENT NP RB VBP DT NN CC VB PP CD NNS SENT </pos></review>
