<?xml version="1.0" encoding="ISO-8859-1" standalone="no"?>
<!DOCTYPE review SYSTEM "derev.dtd">
<review ID="0881" title="CircleofLies" writer="DouglasAlan" author="Anthony30" date="January 16, 2011" stars="5" suspectbook="1" unknownpurchase="1" nickname="1" cluster="1" allcluesclass="0" threecluesclass="0" sumclues="4" realclass="0" fold="3"><object>Perfect Suspense! Could Not Put it Down</object><body>The cover of &quot;Circle of Lies&quot; By Douglas Alan really caught my eye first as what I thought would be the perfect gift to my husband. I started reading it myself and could not put it down.  When it says it is a thriller, it truly is.  &quot;Circle of Lies&quot; gets you intrigued from the beginning and does not disappoint.  This book is really interesting as it opens the readers eyes into many possibilities of what could really be going on out there in the world. I personally, would love to see this book made into a movie as I think it would do very well.  I highly recommend this book to anyone who is looking for a truly interesting book that keeps you on the edge of your seat.</body><tokens>the cover of &quot; circle of lies &quot; by douglas alan really caught my eye first as what i thought would be the perfect gift to my husband . i started reading it myself and could not put it down . when it says it is a thriller , it truly is . &quot; circle of lies &quot; gets you intrigued from the beginning and does not disappoint . this book is really interesting as it opens the readers eyes into many possibilities of what could really be going on out there in the world . i personally , would love to see this book made into a movie as i think it would do very well . i highly recommend this book to anyone who is looking for a truly interesting book that keeps you on the edge of your seat .</tokens><lemmas>the cover of &quot; circle of lie &quot; by &lt;unknown&gt; &lt;unknown&gt; really catch my eye first as what i think would be the perfect gift to my husband . i start read it myself and could not put it down . when it say it be a thriller , it truly be . &quot; circle of lie &quot; get you intrigue from the beginning and do not disappoint . this book be really interesting as it open the reader eye into many possibility of what could really be go on out there in the world . i personally , would love to see this book make into a movie as i think it would do very well . i highly recommend this book to anyone who be look for a truly interesting book that keep you on the edge of your seat . </lemmas><pos>DT NN IN `` NN IN NNS '' IN NNS NN RB VBD PP$ NN JJ IN WP NP VBD MD VB DT JJ NN TO PP$ NN SENT NP VBD VBG PP PP CC MD RB VB PP RP SENT WRB PP VBZ PP VBZ DT NN , PP RB VBZ SENT '' NN IN NNS `` VBZ PP VBD IN DT NN CC VBZ RB VB SENT DT NN VBZ RB JJ IN PP VBZ DT NNS NNS IN JJ NNS IN WP MD RB VB VBG IN RB RB IN DT NN SENT NP RB , MD VB TO VB DT NN VBN IN DT NN IN NP VBP PP MD VB RB RB SENT NP RB VBP DT NN TO NN WP VBZ VBG IN DT RB JJ NN WDT VBZ PP IN DT NN IN PP$ NN SENT </pos></review>
