<?xml version="1.0" encoding="ISO-8859-1" standalone="no"?>
<!DOCTYPE review SYSTEM "derev.dtd">
<review ID="1023" title="DestinedToLiveDespiteMe" writer="YolandaShanks" author="Anthony30" date="March 11, 2011" stars="5" suspectbook="1" unknownpurchase="1" nickname="1" cluster="1" allcluesclass="0" threecluesclass="0" sumclues="4" realclass="0" fold="4"><object>Powerful, helpful book</object><body>&quot;Destined to Live, Despite Me&quot; is an excellent book for anyone who has ever dealt with depression or suicide whether it be thoughts of it for themselves or having to deal with someone who has tried to commit suicide. It is a realistic, provoking book about the &quot;real&quot; feelings and emotions one feels when they contemplate suicide or attempt it. This book is great because it helps the reader understand that suicide survivors do not need to live with guilt. It also provides many answers to questions we have all had at one point or another. I like how Shanks uses Biblical truths and provides real life help for overcoming suicide attempts and pointing the reader in the right way towards recovery and helps them begin forgiving themselves.</body><tokens>&quot; destined to live , despite me &quot; is an excellent book for anyone who has ever dealt with depression or suicide whether it be thoughts of it for themselves or having to deal with someone who has tried to commit suicide . it is a realistic , provoking book about the &quot; real &quot; feelings and emotions one feels when they contemplate suicide or attempt it . this book is great because it helps the reader understand that suicide survivors do not need to live with guilt . it also provides many answers to questions we have all had at one point or another . i like how shanks uses biblical truths and provides real life help for overcoming suicide attempts and pointing the reader in the right way towards recovery and helps them begin forgiving themselves .</tokens><lemmas>&quot; destine to live , despite me &quot; be an excellent book for anyone who have ever deal with depression or suicide whether it be thought of it for themselves or have to deal with someone who have try to commit suicide . it be a realistic , provoking book about the &quot; real &quot; feeling and emotion one feel when they contemplate suicide or attempt it . this book be great because it help the reader understand IN suicide survivor do not need to live with guilt . it also provide many answer to question we have all have at one point or another . i like how shank use biblical truth and provide real life help for overcome suicide attempt and point the reader in the right way towards recovery and help them begin forgive themselves . </lemmas><pos>'' VBN TO VB , IN PP `` VBZ DT JJ NN IN NN WP VBZ RB VBN IN NN CC NN IN PP VB NNS IN PP IN PP CC VBG TO VB IN NN WP VBZ VBN TO VB NN SENT PP VBZ DT JJ , JJ NN IN DT `` JJ '' NNS CC NNS PP VBZ WRB PP VBP NN CC VB PP SENT DT NN VBZ JJ IN PP VBZ DT NN VBP  NN NNS VBP RB VB TO VB IN NN SENT PP RB VBZ JJ NNS TO NNS PP VBP RB VBN IN CD NN CC DT SENT NP IN WRB NNS VBZ JJ NNS CC VBZ JJ NN NN IN VBG NN NNS CC VBG DT NN IN DT JJ NN IN NN CC VBZ PP VB VBG PP SENT </pos></review>
