<?xml version="1.0" encoding="ISO-8859-1" standalone="no"?>
<!DOCTYPE review SYSTEM "derev.dtd">
<review ID="5608" title="TheJerusalemInception" writer="AvrahamAzrieli" author="Anthony30" date="July 22, 2011" stars="5" suspectbook="1" unknownpurchase="1" nickname="1" cluster="1" allcluesclass="0" threecluesclass="0" sumclues="4" realclass="0" fold="1"><object>Full of Suspense</object><body>&quot;The Jerusalem Inception&quot; is a very well written novel that is the perfect combination of suspense and romance. The author really takes you to the time and place of the novel and you feel as though you are watching the events take place, making this a book you cannot put down. This would make an excellent movie and is a good choice for those who are looking for something new.</body><tokens>&quot; the jerusalem inception &quot; is a very well written novel that is the perfect combination of suspense and romance . the author really takes you to the time and place of the novel and you feel as though you are watching the events take place , making this a book you cannot put down . this would make an excellent movie and is a good choice for those who are looking for something new .</tokens><lemmas>&quot; the &lt;unknown&gt; inception &quot; be a very well write novel that be the perfect combination of suspense and romance . the author really take you to the time and place of the novel and you feel as though you be watch the event take place , make this a book you can put down . this would make an excellent movie and be a good choice for those who be look for something new . </lemmas><pos>'' DT NN NN `` VBZ DT RB RB VBN NN WDT VBZ DT JJ NN IN NN CC NN SENT DT NN RB VBZ PP TO DT NN CC NN IN DT NN CC PP VBP RB IN PP VBP VBG DT NNS VBP NN , VBG DT DT NN PP MD VB RP SENT DT MD VB DT JJ NN CC VBZ DT JJ NN IN DT WP VBP VBG IN NN JJ SENT </pos></review>
