<?xml version="1.0" encoding="ISO-8859-1" standalone="no"?>
<!DOCTYPE review SYSTEM "derev.dtd">
<review ID="3101" title="NoIDontWanttoPlayToday" writer="BrendaJones" author="DeanPF" date="March 12, 2011" stars="5" suspectbook="1" unknownpurchase="1" nickname="1" cluster="1" allcluesclass="0" threecluesclass="0" sumclues="4" realclass="0" fold="7"><object>Delightful Modern Tale</object><body>As our society grows more inclusive and tolerant of our vast human differences, bullying is becoming less and less tolerated.  Brenda Jones' book is a delightful tale for young and old about a jungle bully.  Using the diversity among the animals as the backdrop for the bullying tale, this is an amazing allegory for old and young alike.  This should be your next bedtime story.</body><tokens>as our society grows more inclusive and tolerant of our vast human differences , bullying is becoming less and less tolerated . brenda jones &quot; book is a delightful tale for young and old about a jungle bully . using the diversity among the animals as the backdrop for the bullying tale , this is an amazing allegory for old and young alike . this should be your next bedtime story .</tokens><lemmas>as our society grow more inclusive and tolerant of our vast human difference , bully be become less and less tolerate . &lt;unknown&gt; &lt;unknown&gt; &quot; book be a delightful tale for young and old about a jungle bully . use the diversity among the animal as the backdrop for the bully tale , this be an amazing allegory for old and young alike . this should be your next bedtime story . </lemmas><pos>IN PP$ NN VBZ RBR JJ CC JJ IN PP$ JJ JJ NNS , VBG VBZ VBG RBR CC RBR VBD SENT NN NNS '' NN VBZ DT JJ NN IN JJ CC JJ IN DT NN NN SENT VBG DT NN IN DT NNS IN DT NN IN DT VBG NN , DT VBZ DT JJ NN IN JJ CC JJ RB SENT DT MD VB PP$ JJ NN NN SENT </pos></review>
