<?xml version="1.0" encoding="ISO-8859-1" standalone="no"?>
<!DOCTYPE review SYSTEM "derev.dtd">
<review ID="6757" title="ZorPhilosophySpiritualityandScience" writer="JB" author="Anthony30" date="March 14, 2011" stars="5" suspectbook="1" unknownpurchase="1" nickname="1" cluster="1" allcluesclass="0" threecluesclass="0" sumclues="4" realclass="0" fold="4"><object>Enlightening and spiritual!</object><body>As Star War's Yoda once said &quot;Size matters not, Look at me..Judge me by my size do you?&quot; so is the same with the small Zor who carries within him a big lesson. This book was very enlightening and made you see the world for what it really is. As we get older we begin to question reality and what we believe we know. This book teaches you to look beyond the obvious. My favorite quote from the book is &quot;Everything is the result of something else. To have, what you have not; you must do, what you do not.&quot; I give it 5 stars and recommend it to anyone who is looking for answers not only about life but about themselves.</body><tokens>as star war 's yoda once said &quot; size matters not , look at me .. judge me by my size do you ? &quot; so is the same with the small zor who carries within him a big lesson . this book was very enlightening and made you see the world for what it really is . as we get older we begin to question reality and what we believe we know . this book teaches you to look beyond the obvious . my favorite quote from the book is &quot; everything is the result of something else . to have , what you have not ; you must do , what you do not . &quot; i give it 5 stars and recommend it to anyone who is looking for answers not only about life but about themselves .</tokens><lemmas>as star war 's &lt;unknown&gt; once say &quot; size matter not , look at me ... judge me by my size do you ? &quot; so be the same with the small &lt;unknown&gt; who carry within him a big lesson . this book be very enlightening and make you see the world for what it really be . as we get old we begin to question reality and what we believe we know . this book teach you to look beyond the obvious . my favorite quote from the book be &quot; everything be the result of something else . to have , what you have not ; you must do , what you do not . &quot; i give it 5 star and recommend it to anyone who be look for answer not only about life but about themselves . </lemmas><pos>IN NN NN POS NN RB VBD `` NN NNS RB , VBP IN PP : VB PP IN PP$ NN VB PP SENT '' RB VBZ DT JJ IN DT JJ NN WP VBZ IN PP DT JJ NN SENT DT NN VBD RB JJ CC VBD PP VBP DT NN IN WP PP RB VBZ SENT IN PP VBP JJR PP VBP TO VB NN CC WP PP VBP PP VBP SENT DT NN VBZ PP TO VB IN DT JJ SENT PP$ JJ NN IN DT NN VBZ `` NN VBZ DT NN IN NN RB SENT TO VB , WP PP VBP RB : PP MD VB , WP PP VBP RB SENT '' NNS VBP PP CD NNS CC VB PP TO NN WP VBZ VBG IN NNS RB RB IN NN CC IN PP SENT </pos></review>
