<?xml version="1.0" encoding="ISO-8859-1" standalone="no"?>
<!DOCTYPE review SYSTEM "derev.dtd">
<review ID="4175" title="SolonIce" writer="TitanRaines" author="DeanPF" date="February 28, 2011" stars="5" suspectbook="1" unknownpurchase="1" nickname="1" cluster="1" allcluesclass="0" threecluesclass="0" sumclues="4" realclass="0" fold="8"><object>Is Race still an Issue?</object><body>Titan Raines takes us on a soul-searching journey to talk his perspective of the race issue in the U.S. today.  Written much like an Australian Aboriginal Walkabout tale, Raines story takes place in the Peruvian jungle.  The writing is easy to read, formal yet casual, and very easy to understand and comprehend.  Join Raines on his journey and learn about his perspective of race in America today.</body><tokens>titan raines takes us on a soul-searching journey to talk his perspective of the race issue in the u . s . today . written much like an australian aboriginal walkabout tale , raines story takes place in the peruvian jungle . the writing is easy to read , formal yet casual , and very easy to understand and comprehend . join raines on his journey and learn about his perspective of race in america today .</tokens><lemmas>titan &lt;unknown&gt; take us on a soul-searching journey to talk his perspective of the race issue in the u . &lt;unknown&gt; . today . write much like an Australian aboriginal walkabout tale , &lt;unknown&gt; story take place in the Peruvian jungle . the writing be easy to read , formal yet casual , and very easy to understand and comprehend . join &lt;unknown&gt; on his journey and learn about his perspective of race in &lt;unknown&gt; today . </lemmas><pos>NN NNS VBZ PP IN DT JJ NN TO VB PP$ NN IN DT NN NN IN DT NN SENT NNS SENT NN SENT VBN RB IN DT JJ JJ NN NN , NNS NN VBZ NN IN DT JJ NN SENT DT NN VBZ JJ TO VB , JJ CC JJ , CC RB JJ TO VB CC VB SENT VB NNS IN PP$ NN CC VB IN PP$ NN IN NN IN NN NN SENT </pos></review>
