<?xml version="1.0" encoding="ISO-8859-1" standalone="no"?>
<!DOCTYPE review SYSTEM "derev.dtd">
<review ID="5437" title="TheFlip" writer="SidneyPotter" author="Anthony30" date="December 1, 2010" stars="5" suspectbook="1" unknownpurchase="1" nickname="1" cluster="1" allcluesclass="0" threecluesclass="0" sumclues="4" realclass="0" fold="0"><object>Interesting and Educational</object><body>&quot;Flip&quot; by D. Sidney Potter really goes in depth on all the ins and outs of what it is like to succesfully &quot;flip&quot; a house.  This book is great for someone like myself who wants to be educated on what really goes on when trying to make money from flipping a house and what sort of things to avoid.  The author goes in depth and addresses a lot of issues that many would not think to consider. I would recommend to anyone interested in real estate or those who are even considering buying a new home with the hopes of selling one day.</body><tokens>&quot; flip &quot; by d . sidney potter really goes in depth on all the ins and outs of what it is like to succesfully &quot; flip &quot; a house . this book is great for someone like myself who wants to be educated on what really goes on when trying to make money from flipping a house and what sort of things to avoid . the author goes in depth and addresses a lot of issues that many would not think to consider . i would recommend to anyone interested in real estate or those who are even considering buying a new home with the hopes of selling one day .</tokens><lemmas>&quot; flip &quot; by d . &lt;unknown&gt; potter really go in depth on all the in and out of what it be like to succesfully &quot; flip &quot; a house . this book be great for someone like myself who want to be educate on what really go on when try to make money from flip a house and what sort of thing to avoid . the author go in depth and address a lot of issue that many would not think to consider . i would recommend to anyone interested in real estate or those who be even consider buy a new home with the hope of sell one day . </lemmas><pos>`` JJ '' IN NN SENT NN NN RB VBZ IN NN IN PDT DT NNS CC NNS IN WP PP VBZ JJ TO RB `` VB '' DT NN SENT DT NN VBZ JJ IN NN IN PP WP VBZ TO VB VBN IN WP RB VBZ RP WRB VBG TO VB NN IN VBG DT NN CC WP NN IN NNS TO VB SENT DT NN VBZ IN NN CC VBZ DT NN IN NNS WDT RB MD RB VB TO VB SENT NP MD VB TO NN JJ IN JJ NN CC DT WP VBP RB VBG VBG DT JJ NN IN DT NNS IN VBG CD NN SENT </pos></review>
