<?xml version="1.0" encoding="ISO-8859-1" standalone="no"?>
<!DOCTYPE review SYSTEM "derev.dtd">
<review ID="6731" title="WriteYourFirstBook" writer="PeterBiadasz" author="Anthony30" date="January 16, 2011" stars="5" suspectbook="1" unknownpurchase="1" nickname="1" cluster="1" allcluesclass="0" threecluesclass="0" sumclues="4" realclass="0" fold="3"><object>Fantastic Book for Any Author!</object><body>I originally bought &quot;Write Your First Book, How to Start, Finish, and Publish the Book Inside of You&quot; by Peter Biadasz with the hopes that it would give me a few ideas on how to get my own book published.  I was pleasantly surprised at how much &quot;Write Your First Book&quot; covers.  This book not only goes over the basics of making sure your story is complete but it also covers everything from how the cover looks, to how to target the type of audience you are looking for.  I would recommend it to any type of author who is looking for the WHOLE package of ideas to publish their work or promote their work. This book is truly an excellent tool for any author.</body><tokens>i originally bought &quot; write your first book , how to start , finish , and publish the book inside of you &quot; by peter biadasz with the hopes that it would give me a few ideas on how to get my own book published . i was pleasantly surprised at how much &quot; write your first book &quot; covers . this book not only goes over the basics of making sure your story is complete but it also covers everything from how the cover looks , to how to target the type of audience you are looking for . i would recommend it to any type of author who is looking for the whole package of ideas to publish their work or promote their work . this book is truly an excellent tool for any author .</tokens><lemmas>i originally buy &quot; write your first book , how to start , finish , and publish the book inside of you &quot; by peter &lt;unknown&gt; with the hope IN it would give me a few idea on how to get my own book publish . i be pleasantly surprise at how much &quot; write your first book &quot; cover . this book not only go over the basic of make sure your story be complete but it also cover everything from how the cover look , to how to target the type of audience you be look for . i would recommend it to any type of author who be look for the whole package of idea to publish their work or promote their work . this book be truly an excellent tool for any author . </lemmas><pos>NP RB VBD `` VB PP$ JJ NN , WRB TO VB , VB , CC VB DT NN RB IN PP '' IN NN NN IN DT VBZ  PP MD VB PP DT JJ NNS IN WRB TO VB PP$ JJ NN VBN SENT NP VBD RB VBN IN WRB RB `` VB PP$ JJ NN `` VBZ SENT DT NN RB RB VBZ IN DT NNS IN VBG JJ PP$ NN VBZ JJ CC PP RB VBZ NN IN WRB DT NN VBZ , TO WRB TO VB DT NN IN NN PP VBP VBG IN SENT NP MD VB PP TO DT NN IN NN WP VBZ VBG IN DT JJ NN IN NNS TO VB PP$ NN CC VB PP$ NN SENT DT NN VBZ RB DT JJ NN IN DT NN SENT </pos></review>
