<?xml version="1.0" encoding="ISO-8859-1" standalone="no"?>
<!DOCTYPE review SYSTEM "derev.dtd">
<review ID="2225" title="HowToGetAGreatJobin90DaysorLess" writer="JoeCarroll" author="DeanPF" date="January 3, 2011" stars="5" suspectbook="1" unknownpurchase="1" nickname="1" cluster="1" allcluesclass="0" threecluesclass="0" sumclues="4" realclass="0" fold="6"><object>Don't Just Find a Job, Find Yourself</object><body>This is not your typical, How to Find a Job book.  Joe Carroll tells you right up front he's not interested in helping people find average, he's interested in helping average people become above-average people.  In addition to the basics of applying and interviewing for a job, he walks you through finding your passion and your talent then finding a career around those fields.  Carroll even includes a chapter on physical health and it's importance in career satisfaction.  In today's tough job market, this is definitely a smart read, no matter where you're at in your career.</body><tokens>this is not your typical , how to find a job book . joe carroll tells you right up front he 's not interested in helping people find average , he 's interested in helping average people become above-average people . in addition to the basics of applying and interviewing for a job , he walks you through finding your passion and your talent then finding a career around those fields . carroll even includes a chapter on physical health and it 's importance in career satisfaction . in today 's tough job market , this is definitely a smart read , no matter where you &quot; re at in your career .</tokens><lemmas>this be not your typical , how to find a job book . joe Carroll tell you right up front he be not interested in help people find average , he be interested in help average people become above-average people . in addition to the basic of apply and interview for a job , he walk you through find your passion and your talent then find a career around those field . Carroll even include a chapter on physical health and it be importance in career satisfaction . in today 's tough job market , this be definitely a smart read , no matter where you &quot; re at in your career . </lemmas><pos>DT VBZ RB PP$ JJ , WRB TO VB DT NN NN SENT NN NP VBZ PP RB RB JJ PP VBZ RB JJ IN VBG NNS VBP NN , PP VBZ JJ IN VBG JJ NNS VBP JJ NNS SENT IN NN TO DT NNS IN VBG CC VBG IN DT NN , PP VBZ PP IN VBG PP$ NN CC PP$ NN RB VBG DT NN IN DT NNS SENT NP RB VBZ DT NN IN JJ NN CC PP VBZ NN IN NN NN SENT IN NN POS JJ NN NN , DT VBZ RB DT JJ NN , DT NN WRB PP `` NN IN IN PP$ NN SENT </pos></review>
