<?xml version="1.0" encoding="ISO-8859-1" standalone="no"?>
<!DOCTYPE review SYSTEM "derev.dtd">
<review ID="5432" title="TheFlip" writer="SidneyPotter" author="DeanPF" date="December 2, 2010" stars="4" suspectbook="1" unknownpurchase="1" nickname="1" cluster="1" allcluesclass="0" threecluesclass="0" sumclues="4" realclass="0" fold="9"><object>Flipping Real Estate is still an Option</object><body>If the real estate bust dashed your dreams of flipping real estate as an investment, this is the book for you.  D. Sidney Potter walks you through the ins and outs of flipping real estate in the current economic climate.  His advice is very sound as he helps you navigate through some of the tough situations you can get into, such as &quot;no sell&quot; clauses.  If you're new to real estate completely, there's a glossary in the back to help you understand the terminology.  Whether you are slightly interested in flipping real estate or serious about getting started, this would be a great addition to your reading list.</body><tokens>if the real estate bust dashed your dreams of flipping real estate as an investment , this is the book for you . d . sidney potter walks you through the ins and outs of flipping real estate in the current economic climate . his advice is very sound as he helps you navigate through some of the tough situations you can get into , such as &quot; no sell &quot; clauses . if you &quot; re new to real estate completely , there 's a glossary in the back to help you understand the terminology . whether you are slightly interested in flipping real estate or serious about getting started , this would be a great addition to your reading list .</tokens><lemmas>if the real estate bust dash your dream of flip real estate as an investment , this be the book for you . d . &lt;unknown&gt; potter walk you through the in and out of flip real estate in the current economic climate . his advice be very sound as he help you navigate through some of the tough situation you can get into , such as &quot; no sell &quot; clause . if you &quot; re new to real estate completely , there be a glossary in the back to help you understand the terminology . whether you be slightly interested in flip real estate or serious about get start , this would be a great addition to your reading list . </lemmas><pos>IN DT JJ NN NN VBD PP$ NNS IN VBG JJ NN IN DT NN , DT VBZ DT NN IN PP SENT LS SENT NN NN VBZ PP IN DT NNS CC NNS IN VBG JJ NN IN DT JJ JJ NN SENT PP$ NN VBZ RB JJ IN PP VBZ PP VB IN DT IN DT JJ NNS PP MD VB IN , JJ IN `` UH VB `` NNS SENT IN PP `` NN JJ TO JJ NN RB , EX VBZ DT NN IN DT NN TO VB PP VB DT NN SENT IN PP VBP RB JJ IN VBG JJ NN CC JJ IN VBG VBN , DT MD VB DT JJ NN TO PP$ NN NN SENT </pos></review>
