<?xml version="1.0" encoding="ISO-8859-1" standalone="no"?>
<!DOCTYPE review SYSTEM "derev.dtd">
<review ID="1364" title="FinalDestination" writer="AnkurChoudhury" author="DeanPF" date="February 28, 2011" stars="5" suspectbook="1" unknownpurchase="1" nickname="1" cluster="1" allcluesclass="0" threecluesclass="0" sumclues="4" realclass="0" fold="5"><object>Develop a Daily Reading Habit</object><body>If you're looking for a book to help you develop a daily reading habit, Final Destination is the book for you.  Actually a book of poetry, most of the poems are a page or two in length.  If you want to develop a daily reading habit and reading a whole chapter intimidates you, this would be a perfect start.  The messages in the poems are profound as well.</body><tokens>if you &quot; re looking for a book to help you develop a daily reading habit , final destination is the book for you . actually a book of poetry , most of the poems are a page or two in length . if you want to develop a daily reading habit and reading a whole chapter intimidates you , this would be a perfect start . the messages in the poems are profound as well .</tokens><lemmas>if you &quot; re look for a book to help you develop a daily reading habit , final destination be the book for you . actually a book of poetry , most of the poem be a page or two in length . if you want to develop a daily reading habit and read a whole chapter intimidate you , this would be a perfect start . the message in the poem be profound as well . </lemmas><pos>IN PP '' IN VBG IN DT NN TO VB PP VB DT JJ NN NN , JJ NN VBZ DT NN IN PP SENT RB DT NN IN NN , JJS IN DT NNS VBP DT NN CC CD IN NN SENT IN PP VBP TO VB DT JJ NN NN CC VBG DT JJ NN VBZ PP , DT MD VB DT JJ NN SENT DT NNS IN DT NNS VBP JJ IN RB SENT </pos></review>
