<?xml version="1.0" encoding="ISO-8859-1" standalone="no"?>
<!DOCTYPE review SYSTEM "derev.dtd">
<review ID="5809" title="TheLightofInnocence" writer="CarlMarshall" author="Anthony30" date="October 19, 2010" stars="5" suspectbook="1" unknownpurchase="1" nickname="1" cluster="1" allcluesclass="0" threecluesclass="0" sumclues="4" realclass="0" fold="2"><object>The Light of Innocence:  Bright Spot to my day</object><body>The Light of Innocence Christian Living This book really tackles many of the questions we Christians or even those who are looking into Christianity have about the world today and how important it is to protect our spirit and our &quot;light&quot;.  Another great aspect of the book is how it addresses how important it is to keep our faith, especially as one of the three steps the author speaks of to getting eternal life.  The author really goes in depth of how important it is for us as Christians to grow spiritually especially in today's world and how in the end this spiritual growth, acceptance of Jesus Christ and faith will get us to Heaven. I give this book 5 stars and recommend it for anyone looking to grow in their own Christianity.</body><tokens>the light of innocence christian living this book really tackles many of the questions we christians or even those who are looking into christianity have about the world today and how important it is to protect our spirit and our &quot; light &quot; . another great aspect of the book is how it addresses how important it is to keep our faith , especially as one of the three steps the author speaks of to getting eternal life . the author really goes in depth of how important it is for us as christians to grow spiritually especially in today 's world and how in the end this spiritual growth , acceptance of jesus christ and faith will get us to heaven . i give this book 5 stars and recommend it for anyone looking to grow in their own christianity .</tokens><lemmas>the light of innocence Christian live this book really tackle many of the question we Christian or even those who be look into Christianity have about the world today and how important it be to protect our spirit and our &quot; light &quot; . another great aspect of the book be how it address how important it be to keep our faith , especially as one of the three step the author speak of to get eternal life . the author really go in depth of how important it be for us as Christian to grow spiritually especially in today 's world and how in the end this spiritual growth , acceptance of &lt;unknown&gt; &lt;unknown&gt; and faith will get us to heaven . i give this book 5 star and recommend it for anyone look to grow in their own Christianity . </lemmas><pos>DT NN IN NN NN VBG DT NN RB VBZ JJ IN DT NNS PP NNS CC RB DT WP VBP VBG IN NN VBP RB DT NN NN CC WRB JJ PP VBZ TO VB PP$ NN CC PP$ `` JJ '' SENT DT JJ NN IN DT NN VBZ WRB PP VBZ WRB JJ PP VBZ TO VB PP$ NN , RB IN CD IN DT CD NNS DT NN VBZ IN TO VBG JJ NN SENT DT NN RB VBZ IN NN IN WRB JJ PP VBZ IN PP IN NNS TO VB RB RB IN NN POS NN CC WRB IN DT NN DT JJ NN , NN IN NN NN CC NN MD VB PP TO NN SENT NNS VBP DT NN CD NNS CC VB PP IN NN VBG TO VB IN PP$ JJ NN SENT </pos></review>
