<?xml version="1.0" encoding="ISO-8859-1" standalone="no"?>
<!DOCTYPE review SYSTEM "derev.dtd">
<review ID="6736" title="WriteYourFirstBook" writer="PeterBiadasz" author="DeanPF" date="January 20, 2011" stars="5" suspectbook="1" unknownpurchase="1" nickname="1" cluster="1" allcluesclass="0" threecluesclass="0" sumclues="4" realclass="0" fold="1"><object>Accomplished Author Gives Back</object><body>Peter Biadasz takes his experience in publishing fifteen titles and helps aspiring writers with writing that first book.  The book is well laid out in the sequence that one would follow to write a book.  Although it is geared towards non-fiction writing, aspiring fiction writers can glean very useful information from this book.  No matter where you might be in your writing career, this is a definite read in today's competitive publishing climate.</body><tokens>peter biadasz takes his experience in publishing fifteen titles and helps aspiring writers with writing that first book . the book is well laid out in the sequence that one would follow to write a book . although it is geared towards non-fiction writing , aspiring fiction writers can glean very useful information from this book . no matter where you might be in your writing career , this is a definite read in today 's competitive publishing climate .</tokens><lemmas>peter &lt;unknown&gt; take his experience in publishing fifteen title and help aspiring writer with write that first book . the book be well lay out in the sequence IN one would follow to write a book . although it be gear towards non-fiction writing , aspire fiction writer can glean very useful information from this book . no matter where you might be in your writing career , this be a definite read in today 's competitive publishing climate . </lemmas><pos>NN NN VBZ PP$ NN IN NN CD NNS CC VBZ JJ NNS IN VBG DT JJ NN SENT DT NN VBZ RB VBN RP IN DT NN  PP MD VB TO VB DT NN SENT IN PP VBZ VBN IN NN NN , VBG NN NNS MD VB RB JJ NN IN DT NN SENT DT NN WRB PP MD VB IN PP$ NN NN , DT VBZ DT JJ NN IN NN POS JJ NN NN SENT </pos></review>
