<?xml version="1.0" encoding="ISO-8859-1" standalone="no"?>
<!DOCTYPE review SYSTEM "derev.dtd">
<review ID="1310" title="FacesSoulsPaintedCrows" writer="RudiUnterthiner" author="JCroichy" date="February 8, 2011" stars="5" suspectbook="1" unknownpurchase="1" nickname="1" cluster="1" allcluesclass="0" threecluesclass="0" sumclues="4" realclass="0" fold="4"><object>Beautiful Journey</object><body>It is amazing to read such a wonderful journey of truth and self-identity. In this specific book, Unterthiner explains the splendid life of a careers as a plastic surgeon, which consists of the life of the rich and famous. There are plenty of people in this world who would give up their normal lifestyle just to live among Hollywood's finest. In opposition, Unterthiner explains his struggles of self-identity and the disadvantage of living the life among the rich and famous. In the search of something that means the most to him, Unterthiner reaches in his inner-being and explore his identity, which is his culture. He decides that the his life as a plastic surgeon isn't for him and searches for something deeper, which is among his roots. The lesson from this book is money can't buy happiness, but it's the culture of self-identity that matters the most.</body><tokens>it is amazing to read such a wonderful journey of truth and self-identity . in this specific book , unterthiner explains the splendid life of a careers as a plastic surgeon , which consists of the life of the rich and famous . there are plenty of people in this world who would give up their normal lifestyle just to live among hollywood 's finest . in opposition , unterthiner explains his struggles of self-identity and the disadvantage of living the life among the rich and famous . in the search of something that means the most to him , unterthiner reaches in his inner-being and explore his identity , which is his culture . he decides that the his life as a plastic surgeon is n't for him and searches for something deeper , which is among his roots . the lesson from this book is money ca n't buy happiness , but it 's the culture of self-identity that matters the most .</tokens><lemmas>it be amazing to read such a wonderful journey of truth and self-identity . in this specific book , &lt;unknown&gt; explain the splendid life of a career as a plastic surgeon , which consist of the life of the rich and famous . there be plenty of people in this world who would give up their normal lifestyle just to live among &lt;unknown&gt; 's fine . in opposition , &lt;unknown&gt; explain his struggle of self-identity and the disadvantage of live the life among the rich and famous . in the search of something that mean the most to him , &lt;unknown&gt; reach in his &lt;unknown&gt; and explore his identity , which be his culture . he decide IN the his life as a plastic surgeon be n't for him and search for something deeper , which be among his root . the lesson from this book be money ca n't buy happiness , but it be the culture of self-identity that matter the most . </lemmas><pos>PP VBZ JJ TO VB PDT DT JJ NN IN NN CC NN SENT IN DT JJ NN , NN VBZ DT JJ NN IN DT NNS IN DT JJ NN , WDT VBZ IN DT NN IN DT JJ CC JJ SENT EX VBP NN IN NNS IN DT NN WP MD VB RP PP$ JJ NN RB TO VB IN NN POS JJS SENT IN NN , NN VBZ PP$ NNS IN NN CC DT NN IN VBG DT NN IN DT JJ CC JJ SENT IN DT NN IN NN WDT VBZ DT JJS TO PP , NN NNS IN PP$ NN CC VB PP$ NN , WDT VBZ PP$ NN SENT PP VBZ  DT PP$ NN IN DT JJ NN VBZ RB IN PP CC NNS IN NN RBR , WDT VBZ IN PP$ NNS SENT DT NN IN DT NN VBZ NN MD RB VB NN , CC PP VBZ DT NN IN NN WDT VBZ DT JJS SENT </pos></review>
