<?xml version="1.0" encoding="ISO-8859-1" standalone="no"?>
<!DOCTYPE review SYSTEM "derev.dtd">
<review ID="6730" title="WriteYourFirstBook" writer="PeterBiadasz" author="JCroichy" date="January 16, 2011" stars="5" suspectbook="1" unknownpurchase="1" nickname="1" cluster="1" allcluesclass="0" threecluesclass="0" sumclues="4" realclass="0" fold="9"><object>Publishing Made Easy</object><body>As an English writing college graduate, I've always been interested in writing my own book. However, I've always been clueless. Write Your First Book presents every aspect of creating your own book and publishing it. Prior to reading this book, I seriously believed that writing was the only major process, but the marketing procedures that come along with getting your book well-known are extremely important.  The author does a terrific job with creating step-by-step of the writing and marketing experience, such as: the proper format, the genre, manuscript editing, submitting manuscripts to publishers, designing the book cover, proper audience, and so much more.</body><tokens>as an english writing college graduate , i 've always been interested in writing my own book . however , i 've always been clueless . write your first book presents every aspect of creating your own book and publishing it . prior to reading this book , i seriously believed that writing was the only major process , but the marketing procedures that come along with getting your book well-known are extremely important . the author does a terrific job with creating step-by-step of the writing and marketing experience , such as : the proper format , the genre , manuscript editing , submitting manuscripts to publishers , designing the book cover , proper audience , and so much more .</tokens><lemmas>as an English writing college graduate , i have always be interested in write my own book . however , i have always be clueless . write your first book present every aspect of create your own book and publish it . prior to read this book , i seriously believe IN writing be the only major process , but the marketing procedure that come along with get your book well-known be extremely important . the author do a terrific job with create step-by-step of the writing and marketing experience , such as : the proper format , the genre , manuscript edit , submit manuscript to publisher , design the book cover , proper audience , and so much more . </lemmas><pos>IN DT JJ NN NN NN , NNS VBP RB VBN JJ IN VBG PP$ JJ NN SENT RB , NNS VBP RB VBN JJ SENT VB PP$ JJ NN VBZ DT NN IN VBG PP$ JJ NN CC VBG PP SENT RB TO VBG DT NN , NP RB VBD  NN VBD DT JJ JJ NN , CC DT NN NNS WDT VBP RP IN VBG PP$ NN NN VBP RB JJ SENT DT NN VBZ DT JJ NN IN VBG NN IN DT NN CC NN NN , JJ IN : DT JJ NN , DT NN , NN VBG , VBG NNS TO NNS , VBG DT NN NN , JJ NN , CC RB RB RBR SENT </pos></review>
