<?xml version="1.0" encoding="ISO-8859-1" standalone="no"?>
<!DOCTYPE review SYSTEM "derev.dtd">
<review ID="0880" title="CircleofLies" writer="DouglasAlan" author="JCroichy" date="January 16, 2011" stars="5" suspectbook="1" unknownpurchase="1" nickname="1" cluster="1" allcluesclass="0" threecluesclass="0" sumclues="4" realclass="0" fold="2"><object>Definitely a Must Read</object><body>One word: exhilarating! The author will make you feel as if you're in the book. Personally, if the first page is interesting, I will be hooked unto the rest of the book. Alan didn't fail my preference at all. The murdering, the intellectual mind-racing thrills throughout the whole book should be made into a film. Circle of Lies was definitely well-written. All of the characters were quite realistic and so was the plot of this story.  Alan definitely incorporated various psychological aspects into each page. Simply amazing! Moreover, it's not one of those books where you'll be able to predict everything.</body><tokens>one word : exhilarating ! the author will make you feel as if you &quot; re in the book . personally , if the first page is interesting , i will be hooked unto the rest of the book . alan did n't fail my preference at all . the murdering , the intellectual mind-racing thrills throughout the whole book should be made into a film . circle of lies was definitely well-written . all of the characters were quite realistic and so was the plot of this story . alan definitely incorporated various psychological aspects into each page . simply amazing ! moreover , it 's not one of those books where you 'll be able to predict everything .</tokens><lemmas>one word : exhilarate ! the author will make you feel as if you &quot; re in the book . personally , if the first page be interesting , i will be hook unto the rest of the book . &lt;unknown&gt; do n't fail my preference at all . the murder , the intellectual &lt;unknown&gt; thrill throughout the whole book should be make into a film . circle of lie be definitely well-write . all of the character be quite realistic and so be the plot of this story . Alan definitely incorporate various psychological aspect into each page . simply amazing ! moreover , it be not one of those book where you will be able to predict everything . </lemmas><pos>CD NN : VBG SENT DT NN MD VB PP VB RB IN PP `` NN IN DT NN SENT RB , IN DT JJ NN VBZ JJ , NP MD VB VBN IN DT NN IN DT NN SENT NN VBD RB VB PP$ NN IN DT SENT DT VBG , DT JJ NN VBZ IN DT JJ NN MD VB VBN IN DT NN SENT NN IN NNS VBD RB VBN SENT DT IN DT NNS VBD RB JJ CC RB VBD DT NN IN DT NN SENT NP RB VBD JJ JJ NNS IN DT NN SENT RB JJ SENT RB , PP VBZ RB CD IN DT NNS WRB PP MD VB JJ TO VB NN SENT </pos></review>
