<?xml version="1.0" encoding="ISO-8859-1" standalone="no"?>
<!DOCTYPE review SYSTEM "derev.dtd">
<review ID="4174" title="SolonIce" writer="TitanRaines" author="JCroichy" date="March 5, 2011" stars="5" suspectbook="1" unknownpurchase="1" nickname="1" cluster="1" allcluesclass="0" threecluesclass="0" sumclues="4" realclass="0" fold="8"><object>A wonderment to explore</object><body>One word: wow! Raines does a terrific job illustrating the racial issues of the western world. In this specific book, the author takes his readers through an adventure through a rain forest and brings up various issues of racism, prejudice, and even cultural identity. At first, I was absolutely confused on what to expect from this book, but as I kept on reading, there was so much spirituality exuding from each page. Furthermore, I gained a sense of the influence of the western hemisphere culture and the idea of supremacy. It was an interesting read. If you're interested in exploring culture, please read this book.</body><tokens>one word : wow ! raines does a terrific job illustrating the racial issues of the western world . in this specific book , the author takes his readers through an adventure through a rain forest and brings up various issues of racism , prejudice , and even cultural identity . at first , i was absolutely confused on what to expect from this book , but as i kept on reading , there was so much spirituality exuding from each page . furthermore , i gained a sense of the influence of the western hemisphere culture and the idea of supremacy . it was an interesting read . if you &quot; re interested in exploring culture , please read this book .</tokens><lemmas>one word : wow ! &lt;unknown&gt; do a terrific job illustrate the racial issue of the western world . in this specific book , the author take his reader through an adventure through a rain forest and bring up various issue of racism , prejudice , and even cultural identity . at first , i be absolutely confuse on what to expect from this book , but as i keep on reading , there be so much spirituality exude from each page . furthermore , i gain a sense of the influence of the western hemisphere culture and the idea of supremacy . it be an interesting read . if you &quot; re interested in explore culture , please read this book . </lemmas><pos>CD NN : NN SENT NNS VBZ DT JJ NN VBG DT JJ NNS IN DT JJ NN SENT IN DT JJ NN , DT NN VBZ PP$ NNS IN DT NN IN DT NN NN CC VBZ RP JJ NNS IN NN , NN , CC RB JJ NN SENT IN JJ , NP VBD RB VBN IN WP TO VB IN DT NN , CC IN NP VBD IN NN , EX VBD RB JJ NN VBG IN DT NN SENT RB , NP VBD DT NN IN DT NN IN DT JJ NN NN CC DT NN IN NN SENT PP VBD DT JJ NN SENT IN PP '' IN JJ IN VBG NN , VB VB DT NN SENT </pos></review>
