<?xml version="1.0" encoding="ISO-8859-1" standalone="no"?>
<!DOCTYPE review SYSTEM "derev.dtd">
<review ID="3516" title="PrinceOfThisWorld" writer="GeorgeSimeran" author="JCroichy" date="March 14, 2011" stars="5" suspectbook="1" unknownpurchase="1" nickname="1" cluster="1" allcluesclass="0" threecluesclass="0" sumclues="4" realclass="0" fold="7"><object>The Rock and Roll of Literature</object><body>First and foremost, George Simeran is definitely the prince of his literature world. At first, I was quite spectacle about reading this specific book. However, I was quickly indulged into with page of this intellengent piece of literature. The characters of this book definitely expressed real life individuals with various issues of love, sex, and drugs. I was completely blown away through Simeran's language, which were quite strong, but absolutely worthy and appropriate for its usage. I've never would imagine that I would enjoy of book filled with all types of sick and twisted drama, but I definitely enjoyed the racy and &quot;Rock and Roll&quot; life of each character. Definitely embrace this book with an open mind.</body><tokens>first and foremost , george simeran is definitely the prince of his literature world . at first , i was quite spectacle about reading this specific book . however , i was quickly indulged into with page of this intellengent piece of literature . the characters of this book definitely expressed real life individuals with various issues of love , sex , and drugs . i was completely blown away through simeran 's language , which were quite strong , but absolutely worthy and appropriate for its usage . i 've never would imagine that i would enjoy of book filled with all types of sick and twisted drama , but i definitely enjoyed the racy and &quot; rock and roll &quot; life of each character . definitely embrace this book with an open mind .</tokens><lemmas>first and foremost , &lt;unknown&gt; &lt;unknown&gt; be definitely the prince of his literature world . at first , i be quite spectacle about read this specific book . however , i be quickly indulge into with page of this &lt;unknown&gt; piece of literature . the character of this book definitely express real life individual with various issue of love , sex , and drug . i be completely blow away through &lt;unknown&gt; 's language , which be quite strong , but absolutely worthy and appropriate for its usage . i have never would imagine IN i would enjoy of book fill with all type of sick and twisted drama , but i definitely enjoy the racy and &quot; rock and roll &quot; life of each character . definitely embrace this book with an open mind . </lemmas><pos>JJ CC JJ , NN NN VBZ RB DT NN IN PP$ NN NN SENT IN JJ , NP VBD RB NN IN VBG DT JJ NN SENT RB , NP VBD RB VBN IN IN NN IN DT JJ NN IN NN SENT DT NNS IN DT NN RB VBD JJ NN NNS IN JJ NNS IN NN , NN , CC NNS SENT NP VBD RB VBN RB IN NN POS NN , WDT VBD RB JJ , CC RB JJ CC JJ IN PP$ NN SENT NNS VBP RB MD VB  NP MD VB IN NN VBN IN DT NNS IN JJ CC JJ NN , CC NP RB VBD DT JJ CC `` NN CC NN '' NN IN DT NN SENT RB VB DT NN IN DT JJ NN SENT </pos></review>
