<?xml version="1.0" encoding="ISO-8859-1" standalone="no"?>
<!DOCTYPE review SYSTEM "derev.dtd">
<review ID="5827" title="TheLightofInnocence" writer="CarlMarshall" author="DeanPF" date="November 8, 2010" stars="5" suspectbook="1" unknownpurchase="1" nickname="1" cluster="1" allcluesclass="0" threecluesclass="0" sumclues="4" realclass="0" fold="0"><object>A fresh light on Christian principles</object><body>Carl Marshall gives the reader another view of basic Christian beliefs.  The book is the story of his faith journey as he has experienced and grown as a Christian.  What's refreshing about this book is that it's not based on scholarly study.  Marshall quotes Scripture freely and explains the meanings of the scripture he uses in an easy to understand manner.  This helps make the book easy to read and enjoy, no matter one might be on their personal faith journey.</body><tokens>carl marshall gives the reader another view of basic christian beliefs . the book is the story of his faith journey as he has experienced and grown as a christian . what 's refreshing about this book is that it 's not based on scholarly study . marshall quotes scripture freely and explains the meanings of the scripture he uses in an easy to understand manner . this helps make the book easy to read and enjoy , no matter one might be on their personal faith journey .</tokens><lemmas>carl &lt;unknown&gt; give the reader another view of basic Christian belief . the book be the story of his faith journey as he have experience and grow as a Christian . what be refresh about this book be IN it be not base on scholarly study . &lt;unknown&gt; quote scripture freely and explain the meaning of the scripture he use in an easy to understand manner . this help make the book easy to read and enjoy , no matter one might be on their personal faith journey . </lemmas><pos>NN NN VBZ DT NN DT NN IN JJ JJ NNS SENT DT NN VBZ DT NN IN PP$ NN NN IN PP VBZ VBN CC VBN IN DT NN SENT WP VBZ VBG IN DT NN VBZ  PP VBZ RB VBN IN JJ NN SENT NN NNS NN RB CC VBZ DT NNS IN DT NN PP VBZ IN DT JJ TO VB NN SENT DT VBZ VB DT NN JJ TO VB CC VB , DT NN PP MD VB IN PP$ JJ NN NN SENT </pos></review>
