<?xml version="1.0" encoding="ISO-8859-1" standalone="no"?>
<!DOCTYPE review SYSTEM "derev.dtd">
<review ID="3114" title="NoIDontWanttoPlayToday" writer="BrendaJones" author="JCroichy" date="February 8, 2011" stars="5" suspectbook="1" unknownpurchase="1" nickname="1" cluster="1" allcluesclass="0" threecluesclass="0" sumclues="4" realclass="0" fold="6"><object>A Great Lesson for Society</object><body>Brenda Jones has done a remarkable job focusing on an issue that has rocked our nation so many times. The content of this story is so pure, but yet meaningful. In my opinion, I believe that the topic of bullying begins with the parents and their relationship with their child. This book is a great way for parents to explain to their children that bullying is wrong. In addition, there is a beatiful message that explores everyone as an individual. Bullies seem to mess with individuals who are nothing like the bully. Therefore, it stems from what the bully sees from their home life. Brenda Jones definitely shows the psychological ways of conquering bullying through the voice of a children's book.</body><tokens>brenda jones has done a remarkable job focusing on an issue that has rocked our nation so many times . the content of this story is so pure , but yet meaningful . in my opinion , i believe that the topic of bullying begins with the parents and their relationship with their child . this book is a great way for parents to explain to their children that bullying is wrong . in addition , there is a beatiful message that explores everyone as an individual . bullies seem to mess with individuals who are nothing like the bully . therefore , it stems from what the bully sees from their home life . brenda jones definitely shows the psychological ways of conquering bullying through the voice of a children 's book .</tokens><lemmas>&lt;unknown&gt; &lt;unknown&gt; have do a remarkable job focus on an issue that have rock our nation so many time . the content of this story be so pure , but yet meaningful . in my opinion , i believe IN the topic of bully begin with the parent and their relationship with their child . this book be a great way for parent to explain to their child IN bully be wrong . in addition , there be a &lt;unknown&gt; message that explore everyone as an individual . bully seem to mess with individual who be nothing like the bully . therefore , it stem from what the bully see from their home life . &lt;unknown&gt; &lt;unknown&gt; definitely show the psychological way of conquer bully through the voice of a child 's book . </lemmas><pos>NN NNS VBZ VBN DT JJ NN VBG IN DT NN WDT VBZ VBN PP$ NN IN JJ NNS SENT DT NN IN DT NN VBZ RB JJ , CC RB JJ SENT IN PP$ NN , NNS VBP  DT NN IN VBG VBZ IN DT NNS CC PP$ NN IN PP$ NN SENT DT NN VBZ DT JJ NN IN NNS TO VB TO PP$ NNS  VBG VBZ JJ SENT IN NN , EX VBZ DT JJ NN WDT VBZ NN IN DT NN SENT NNS VBP TO VB IN NNS WP VBP NN IN DT NN SENT RB , PP VBZ IN WP DT NN VBZ IN PP$ NN NN SENT NN NNS RB VBZ DT JJ NNS IN VBG VBG IN DT NN IN DT NNS POS NN SENT </pos></review>
