<?xml version="1.0" encoding="ISO-8859-1" standalone="no"?>
<!DOCTYPE review SYSTEM "derev.dtd">
<review ID="1352" title="FinalDestination" writer="AnkurChoudhury" author="JCroichy" date="February 20, 2011" stars="5" suspectbook="1" unknownpurchase="1" nickname="1" cluster="1" allcluesclass="0" threecluesclass="0" sumclues="4" realclass="0" fold="5"><object>Related Life Struggles</object><body>I definitely fell in love with this book! I'm a huge poetry fanatic. In all honesty, my initial thoughts of the title of this book were an instant reminder of the movie Final Destination, but of course, I wasn't expecting the book to be a depiction of the movie.  In opposition, The Final Destination is a book filled with poetry of personal inner thoughts, struggles, and even pain.  As a poet as well, it can be quite hard to explain your most intimate thoughts throughout a poetry piece. I can relate to every poem because of the situations of unanswered prayers, feeling blind throughout life, happiness, loneness, failure, not fitting in society, and so much more. Excellent book!</body><tokens>i definitely fell in love with this book ! i 'm a huge poetry fanatic . in all honesty , my initial thoughts of the title of this book were an instant reminder of the movie final destination , but of course , i was n't expecting the book to be a depiction of the movie . in opposition , the final destination is a book filled with poetry of personal inner thoughts , struggles , and even pain . as a poet as well , it can be quite hard to explain your most intimate thoughts throughout a poetry piece . i can relate to every poem because of the situations of unanswered prayers , feeling blind throughout life , happiness , loneness , failure , not fitting in society , and so much more . excellent book !</tokens><lemmas>i definitely fall in love with this book ! i be a huge poetry fanatic . in all honesty , my initial thought of the title of this book be an instant reminder of the movie final destination , but of course , i be n't expect the book to be a depiction of the movie . in opposition , the final destination be a book fill with poetry of personal inner thought , struggle , and even pain . as a poet as well , it can be quite hard to explain your most intimate thought throughout a poetry piece . i can relate to every poem because of the situation of unanswered prayer , feel blind throughout life , happiness , loneness , failure , not fitting in society , and so much more . excellent book ! </lemmas><pos>NP RB VBD IN NN IN DT NN SENT NP VBP DT JJ NN NN SENT IN DT NN , PP$ JJ NNS IN DT NN IN DT NN VBD DT JJ NN IN DT NN JJ NN , CC IN NN , NP VBD RB VBG DT NN TO VB DT NN IN DT NN SENT IN NN , DT JJ NN VBZ DT NN VBN IN NN IN JJ JJ NNS , NNS , CC RB NN SENT IN DT NN IN RB , PP MD VB RB JJ TO VB PP$ RBS JJ NNS IN DT NN NN SENT NP MD VB TO DT NN IN IN DT NNS IN JJ NNS , VBG JJ IN NN , NN , NN , NN , RB JJ IN NN , CC RB RB RBR SENT JJ NN SENT </pos></review>
