<?xml version="1.0" encoding="ISO-8859-1" standalone="no"?>
<!DOCTYPE review SYSTEM "derev.dtd">
<review ID="1029" title="DestinedToLiveDespiteMe" writer="YolandaShanks" author="JCroichy" date="March 5, 2011" stars="5" suspectbook="1" unknownpurchase="1" nickname="1" cluster="1" allcluesclass="0" threecluesclass="0" sumclues="4" realclass="0" fold="3"><object>Beautiful Ray of Sunlight, Beautiful Ray of Hope, Beautiful Ray of Glory, Beautiful is the Lord</object><body>This specific book is absolutely powerful! In life, it is definitely hard to deal with personal issues. Furthermore, there are different ways that people cope with devastations. Yolanda Shanks does a terrific job with giving a helping hand to people in a situation of desperate need and a lighted path. There are so many people looking for an answer of peace, hope, joy. Thus, with the literature help from Shanks, individuals can read a book filled with wonderful biblical messages of freedom. Everyone should read this book for an uplifting, spiritual experience.</body><tokens>this specific book is absolutely powerful ! in life , it is definitely hard to deal with personal issues . furthermore , there are different ways that people cope with devastations . yolanda shanks does a terrific job with giving a helping hand to people in a situation of desperate need and a lighted path . there are so many people looking for an answer of peace , hope , joy . thus , with the literature help from shanks , individuals can read a book filled with wonderful biblical messages of freedom . everyone should read this book for an uplifting , spiritual experience .</tokens><lemmas>this specific book be absolutely powerful ! in life , it be definitely hard to deal with personal issue . furthermore , there be different way IN people cope with devastation . &lt;unknown&gt; shank do a terrific job with give a help hand to people in a situation of desperate need and a lighted path . there be so many people look for an answer of peace , hope , joy . thus , with the literature help from shank , individual can read a book fill with wonderful biblical message of freedom . everyone should read this book for an uplift , spiritual experience . </lemmas><pos>DT JJ NN VBZ RB JJ SENT IN NN , PP VBZ RB JJ TO VB IN JJ NNS SENT RB , EX VBP JJ NNS  NNS VB IN NNS SENT NN NNS VBZ DT JJ NN IN VBG DT VBG NN TO NNS IN DT NN IN JJ NN CC DT JJ NN SENT EX VBP RB JJ NNS VBG IN DT NN IN NN , NN , NN SENT RB , IN DT NN NN IN NNS , NNS MD VB DT NN VBN IN JJ JJ NNS IN NN SENT NN MD VB DT NN IN DT VBG , JJ NN SENT </pos></review>
