<?xml version="1.0" encoding="ISO-8859-1" standalone="no"?>
<!DOCTYPE review SYSTEM "derev.dtd">
<review ID="6765" title="ZorPhilosophySpiritualityandScience" writer="JB" author="JCroichy" date="February 20, 2011" stars="5" suspectbook="1" unknownpurchase="1" nickname="1" cluster="1" allcluesclass="0" threecluesclass="0" sumclues="4" realclass="0" fold="0"><object>The Exploration of Life</object><body>To begin with, Zor is a liberating of the various systems of life. As a young person, I've often questioned the many facets of the existence of life and the purpose of life. As an admirer of the hippie generation and the generation of peace, love, and free-spirit, I was absolutely reminded of the stated personal admirations. The author has done a terrific job with incorporating the liveliness and energies of life. The meaning of life is so much more than waking up and going to work. Life has something to do with spirituality, philosophy, and the laws of nature. The author has a wonderful sense of imagination, which is seen through the amazing and intriguing interaction of Jonathan and Zor. I seriously recommend this book; especially to individuals who needs a sense of liveliness.</body><tokens>to begin with , zor is a liberating of the various systems of life . as a young person , i 've often questioned the many facets of the existence of life and the purpose of life . as an admirer of the hippie generation and the generation of peace , love , and free-spirit , i was absolutely reminded of the stated personal admirations . the author has done a terrific job with incorporating the liveliness and energies of life . the meaning of life is so much more than waking up and going to work . life has something to do with spirituality , philosophy , and the laws of nature . the author has a wonderful sense of imagination , which is seen through the amazing and intriguing interaction of jonathan and zor . i seriously recommend this book ; especially to individuals who needs a sense of liveliness .</tokens><lemmas>to begin with , &lt;unknown&gt; be a liberate of the various system of life . as a young person , i have often question the many facet of the existence of life and the purpose of life . as an admirer of the hippie generation and the generation of peace , love , and &lt;unknown&gt; , i be absolutely remind of the stated personal admiration . the author have do a terrific job with incorporate the liveliness and energy of life . the meaning of life be so much more than wake up and go to work . life have something to do with spirituality , philosophy , and the law of nature . the author have a wonderful sense of imagination , which be see through the amazing and intriguing interaction of &lt;unknown&gt; and &lt;unknown&gt; . i seriously recommend this book ; especially to individual who need a sense of liveliness . </lemmas><pos>TO VB IN , NN VBZ DT VBG IN DT JJ NNS IN NN SENT IN DT JJ NN , NNS VBP RB VBN DT JJ NNS IN DT NN IN NN CC DT NN IN NN SENT IN DT NN IN DT NN NN CC DT NN IN NN , NN , CC NN , NP VBD RB VBN IN DT JJ JJ NNS SENT DT NN VBZ VBN DT JJ NN IN VBG DT NN CC NNS IN NN SENT DT NN IN NN VBZ RB RB RBR IN VBG RP CC VBG TO VB SENT NN VBZ NN TO VB IN NN , NN , CC DT NNS IN NN SENT DT NN VBZ DT JJ NN IN NN , WDT VBZ VBN IN DT JJ CC JJ NN IN NN CC NN SENT NP RB VBP DT NN : RB TO NNS WP VBZ DT NN IN NN SENT </pos></review>
