<?xml version="1.0" encoding="ISO-8859-1" standalone="no"?>
<!DOCTYPE review SYSTEM "derev.dtd">
<review ID="6567" title="VoiceofConscience" writer="BehcetKaya" author="JillSodafsky" date="June 3, 2011" stars="5" suspectbook="1" unknownpurchase="1" nickname="1" cluster="1" allcluesclass="0" threecluesclass="0" sumclues="4" realclass="0" fold="5"><object>Got my attention from the start!</object><body>This book has it all! Love that crosses boundaries, cultures, religions, and defies all odds because the truth is that love knows no boundaries; loss and mourning for family members, love that is in the past, present and future, and then a renewed love for new family that could not have been foreseen.  The plot is full of drama and age old lessons that have new meanings that span the test of time. Its hard to believe this is Kaya's first book! We will hear more from him in the future, that's for sure!</body><tokens>this book has it all ! love that crosses boundaries , cultures , religions , and defies all odds because the truth is that love knows no boundaries ; loss and mourning for family members , love that is in the past , present and future , and then a renewed love for new family that could not have been foreseen . the plot is full of drama and age old lessons that have new meanings that span the test of time . its hard to believe this is kaya 's first book ! we will hear more from him in the future , that 's for sure !</tokens><lemmas>this book have it all ! love that cross boundary , culture , religion , and defy all odd because the truth be IN love know no boundary ; loss and mourn for family member , love that be in the past , present and future , and then a renewed love for new family that could not have be foresee . the plot be full of drama and age old lesson that have new meaning that span the test of time . its hard to believe this be Kaya 's first book ! we will hear more from him in the future , that be for sure ! </lemmas><pos>DT NN VBZ PP RB SENT NN WDT VBZ NNS , NNS , NNS , CC VBZ DT NNS IN DT NN VBZ  NN VBZ DT NNS : NN CC VBG IN NN NNS , NN WDT VBZ IN DT JJ , JJ CC JJ , CC RB DT JJ NN IN JJ NN WDT MD RB VB VBN VBN SENT DT NN VBZ JJ IN NN CC NN JJ NNS WDT VBP JJ NNS WDT VBP DT NN IN NN SENT PP$ JJ TO VB DT VBZ NP POS JJ NN SENT PP MD VB JJR IN PP IN DT NN , WDT VBZ IN JJ SENT </pos></review>
