<?xml version="1.0" encoding="ISO-8859-1" standalone="no"?>
<!DOCTYPE review SYSTEM "derev.dtd">
<review ID="3511" title="PrinceOfThisWorld" writer="GeorgeSimeran" author="Kathy" date="March 17, 2011" stars="5" suspectbook="1" unknownpurchase="1" nickname="1" cluster="1" allcluesclass="0" threecluesclass="0" sumclues="4" realclass="0" fold="9"><object>Dark, engaging read</object><body>Simerman's &quot;Prince of this World: A Novel&quot; is quite dark but engaging. His preoccupation with sex and fidelity at the same time is intriguing. He has a dark, twisted sense of humor. If you like dark but witty authors, such as Charles will definitely enjoy this book. I like that Simeran shows how quite young adults are more exposed to sexuality, lewdness, and carelessness than people in their thirties and up now were. A good read for sure, if you don't mind the intense sexuality of it.</body><tokens>simerman 's &quot; prince of this world : a novel &quot; is quite dark but engaging . his preoccupation with sex and fidelity at the same time is intriguing . he has a dark , twisted sense of humor . if you like dark but witty authors , such as charles will definitely enjoy this book . i like that simeran shows how quite young adults are more exposed to sexuality , lewdness , and carelessness than people in their thirties and up now were . a good read for sure , if you do n't mind the intense sexuality of it .</tokens><lemmas>&lt;unknown&gt; 's &quot; prince of this world : a novel &quot; be quite dark but engaging . his preoccupation with sex and fidelity at the same time be intriguing . he have a dark , twisted sense of humor . if you like dark but witty author , such as &lt;unknown&gt; will definitely enjoy this book . i like that &lt;unknown&gt; show how quite young adult be more expose to sexuality , lewdness , and carelessness than people in their thirty and up now be . a good read for sure , if you do n't mind the intense sexuality of it . </lemmas><pos>NP POS `` NN IN DT NN : DT NN `` VBZ RB JJ CC JJ SENT PP$ NN IN NN CC NN IN DT JJ NN VBZ JJ SENT PP VBZ DT JJ , JJ NN IN NN SENT IN PP VBP JJ CC JJ NNS , JJ IN NNS MD RB VB DT NN SENT NP IN DT NN VBZ WRB RB JJ NNS VBP RBR VBN TO NN , NN , CC NN IN NNS IN PP$ NNS CC RB RB VBD SENT DT JJ NN IN JJ , IN PP VBP RB VB DT JJ NN IN PP SENT </pos></review>
