<?xml version="1.0" encoding="ISO-8859-1" standalone="no"?>
<!DOCTYPE review SYSTEM "derev.dtd">
<review ID="6804" title="ZorPhilosophySpiritualityandScience" writer="JB" author="JillSodafsky" date="February 18, 2011" stars="5" suspectbook="1" unknownpurchase="1" nickname="1" cluster="1" allcluesclass="0" threecluesclass="0" sumclues="4" realclass="0" fold="7"><object>Great read for those looking to get spiritual without reading over our heads!</object><body>Zor is deep, but not limiting. The dialogue is convincing. It just goes to show, you never know who you will meet and how they will impact your life. It speaks to the mentality of accepting everyone and not being overly critical because you never know who you will encounter.  Further, I am a firm believer in &quot;compatible energy&quot; and it is not lost in this book! Great read, and rather uplifting!</body><tokens>zor is deep , but not limiting . the dialogue is convincing . it just goes to show , you never know who you will meet and how they will impact your life . it speaks to the mentality of accepting everyone and not being overly critical because you never know who you will encounter . further , i am a firm believer in &quot; compatible energy &quot; and it is not lost in this book ! great read , and rather uplifting !</tokens><lemmas>&lt;unknown&gt; be deep , but not limit . the dialogue be convince . it just go to show , you never know who you will meet and how they will impact your life . it speak to the mentality of accept everyone and not be overly critical because you never know who you will encounter . further , i be a firm believer in &quot; compatible energy &quot; and it be not lose in this book ! great read , and rather uplift ! </lemmas><pos>NN VBZ JJ , CC RB VBG SENT DT NN VBZ VBG SENT PP RB VBZ TO VB , PP RB VBP WP PP MD VB CC WRB PP MD VB PP$ NN SENT PP VBZ TO DT NN IN VBG NN CC RB VBG RB JJ IN PP RB VBP WP PP MD VB SENT RBR , NP VBP DT NN NN IN `` JJ NN '' CC PP VBZ RB VBN IN DT NN SENT JJ NN , CC RB VBG SENT </pos></review>
