<?xml version="1.0" encoding="ISO-8859-1" standalone="no"?>
<!DOCTYPE review SYSTEM "derev.dtd">
<review ID="6193" title="TheMasadaComplex" writer="AvrahamAzrieli" author="JillSodafsky" date="September 2, 2011" stars="5" suspectbook="1" unknownpurchase="1" nickname="1" cluster="1" allcluesclass="0" threecluesclass="0" sumclues="4" realclass="0" fold="4"><object>Azrieli comes thru!</object><body>What a quick read! And so politically relevant! The book does get cynical, but shadows real life so it should be a bit expected!  This book holds its own with the likes of other more well-known reads! Give Azrieli a chance! Between historical exploration and present relevance, it is a must read for sure!</body><tokens>what a quick read ! and so politically relevant ! the book does get cynical , but shadows real life so it should be a bit expected ! this book holds its own with the likes of other more well-known reads ! give azrieli a chance ! between historical exploration and present relevance , it is a must read for sure !</tokens><lemmas>what a quick read ! and so politically relevant ! the book do get cynical , but shadow real life so it should be a bit expect ! this book hold its own with the like of other more well-known read ! give &lt;unknown&gt; a chance ! between historical exploration and present relevance , it be a must read for sure ! </lemmas><pos>WP DT JJ NN SENT CC RB RB JJ SENT DT NN VBZ VB JJ , CC VBZ JJ NN IN PP MD VB DT NN VBN SENT DT NN VBZ PP$ JJ IN DT NNS IN JJ JJR JJ NNS SENT VB NP DT NN SENT IN JJ NN CC JJ NN , PP VBZ DT MD VB IN JJ SENT </pos></review>
