<?xml version="1.0" encoding="ISO-8859-1" standalone="no"?>
<!DOCTYPE review SYSTEM "derev.dtd">
<review ID="2566" title="LethalExperiment" writer="JohnLocke" author="Kathy" date="January 22, 2011" stars="5" suspectbook="1" unknownpurchase="1" nickname="1" cluster="1" allcluesclass="0" threecluesclass="0" sumclues="4" realclass="0" fold="8"><object>A fun read!</object><body>I am a fan of John Locke's novels and &quot;Lethal Experiment&quot; does not disappoint. This novel is chock-full of ripe characters and surprising plot twists and turns from beginning to end. It grips you from page one. I read this book in one evening. If you like crime and mystery novels, you'll enjoy &quot;Lethal Experiment.&quot; It's a fast, fun read for sure.</body><tokens>i am a fan of john locke 's novels and &quot; lethal experiment &quot; does not disappoint . this novel is chock-full of ripe characters and surprising plot twists and turns from beginning to end . it grips you from page one . i read this book in one evening . if you like crime and mystery novels , you 'll enjoy &quot; lethal experiment . &quot; it 's a fast , fun read for sure .</tokens><lemmas>i be a fan of john &lt;unknown&gt; 's novel and &quot; lethal experiment &quot; do not disappoint . this novel be chock-full of ripe character and surprising plot twist and turn from begin to end . it grip you from page one . i read this book in one evening . if you like crime and mystery novel , you will enjoy &quot; lethal experiment . &quot; it be a fast , fun read for sure . </lemmas><pos>NP VBP DT NN IN NN NNS POS NNS CC `` JJ NN `` VBZ RB VB SENT DT NN VBZ JJ IN JJ NNS CC JJ NN NNS CC VBZ IN VBG TO VB SENT PP VBZ PP IN NN CD SENT NP VBD DT NN IN CD NN SENT IN PP IN NN CC NN NNS , PP MD VB `` JJ NN SENT `` PP VBZ DT JJ , NN VBN IN JJ SENT </pos></review>
