<?xml version="1.0" encoding="ISO-8859-1" standalone="no"?>
<!DOCTYPE review SYSTEM "derev.dtd">
<review ID="6729" title="WriteYourFirstBook" writer="PeterBiadasz" author="JillSodafsky" date="January 16, 2011" stars="5" suspectbook="1" unknownpurchase="1" nickname="1" cluster="1" allcluesclass="0" threecluesclass="0" sumclues="4" realclass="0" fold="6"><object>This How-To is a Must-Have!</object><body>This book is an easy how-to! If you have ever wanted to write your own book, this is the book you must get! It breaks down those ideas we all get but are too scared to follow through with into a much easier diagram, and then teaches you step by step how to see that diagram through to a real-life happy ending!  I love how it starts with what not to do! That definitely caught my attention, because I was guilty of the very things Peter is saying we all do without realizing that we shouldn't! I am a big fan and can't wait to put Peter's techniques into action!</body><tokens>this book is an easy how-to ! if you have ever wanted to write your own book , this is the book you must get ! it breaks down those ideas we all get but are too scared to follow through with into a much easier diagram , and then teaches you step by step how to see that diagram through to a real-life happy ending ! i love how it starts with what not to do ! that definitely caught my attention , because i was guilty of the very things peter is saying we all do without realizing that we should n't ! i am a big fan and ca n't wait to put peter 's techniques into action !</tokens><lemmas>this book be an easy how-to ! if you have ever want to write your own book , this be the book you must get ! it break down those idea we all get but be too scare to follow through with into a much easy diagram , and then teach you step by step how to see that diagram through to a real-life happy ending ! i love how it start with what not to do ! that definitely catch my attention , because i be guilty of the very thing peter be say we all do without realize IN we should n't ! i be a big fan and ca n't wait to put peter 's technique into action ! </lemmas><pos>DT NN VBZ DT RB JJ SENT IN PP VBP RB VBN TO VB PP$ JJ NN , DT VBZ DT NN PP MD VB SENT PP VBZ RP DT NNS PP RB VBP CC VBP RB VBN TO VB RP IN IN DT RB JJR NN , CC RB VBZ PP VB IN NN WRB TO VB DT NN IN TO DT JJ JJ NN SENT NP NN WRB PP VBZ IN WP RB TO VB SENT DT RB VBN PP$ NN , IN NP VBD JJ IN DT JJ NNS NN VBZ VBG PP DT VBP IN VBG  PP MD RB SENT NP VBP DT JJ NN CC MD RB VB TO VB NN POS NNS IN NN SENT </pos></review>
