<?xml version="1.0" encoding="ISO-8859-1" standalone="no"?>
<!DOCTYPE review SYSTEM "derev.dtd">
<review ID="3115" title="NoIDontWanttoPlayToday" writer="BrendaJones" author="JillSodafsky" date="February 7, 2011" stars="5" suspectbook="1" unknownpurchase="1" nickname="1" cluster="1" allcluesclass="0" threecluesclass="0" sumclues="4" realclass="0" fold="3"><object>Great Book to Teach Children how Bullying Affects Others! Must-Read!</object><body>This is a must read for children everywhere! Not only does it show how hurtful bullying can be, but it also shows us the other side of bullying. Larry just wanted to play with his friends, but he did not have the proper social skills, so what he meant as playful came across as mean and degrading. We must remember that there are two sides to every story. This book does a good job of reminding us of that. It also reminds us that we don't always know what someone's intentions are, even if they seem transparent.</body><tokens>this is a must read for children everywhere ! not only does it show how hurtful bullying can be , but it also shows us the other side of bullying . larry just wanted to play with his friends , but he did not have the proper social skills , so what he meant as playful came across as mean and degrading . we must remember that there are two sides to every story . this book does a good job of reminding us of that . it also reminds us that we do n't always know what someone 's intentions are , even if they seem transparent .</tokens><lemmas>this be a must read for child everywhere ! not only do it show how hurtful bully can be , but it also show us the other side of bully . Larry just want to play with his friend , but he do not have the proper social skill , so what he mean as playful come across as mean and degrading . we must remember IN there be two side to every story . this book do a good job of remind us of that . it also remind us IN we do n't always know what someone 's intention be , even if they seem transparent . </lemmas><pos>DT VBZ DT MD VB IN NNS RB SENT RB RB VBZ PP VBP WRB JJ VBG MD VB , CC PP RB VBZ PP DT JJ NN IN VBG SENT NP RB VBD TO VB IN PP$ NNS , CC PP VBD RB VB DT JJ JJ NNS , RB WP PP VBD IN JJ VBD RP IN JJ CC JJ SENT PP MD VB  EX VBP CD NNS TO DT NN SENT DT NN VBZ DT JJ NN IN VBG PP IN DT SENT PP RB VBZ PP  PP VBP RB RB VB WP NN POS NNS VBP , RB IN PP VBP JJ SENT </pos></review>
