<?xml version="1.0" encoding="ISO-8859-1" standalone="no"?>
<!DOCTYPE review SYSTEM "derev.dtd">
<review ID="1314" title="FacesSoulsPaintedCrows" writer="RudiUnterthiner" author="JillSodafsky" date="February 4, 2011" stars="5" suspectbook="1" unknownpurchase="1" nickname="1" cluster="1" allcluesclass="0" threecluesclass="0" sumclues="4" realclass="0" fold="1"><object>Wow...just...wow!</object><body>Dr. Reiter struggles with something most of us do - an internal desire to do good and right by your moral code and a need for material necessities. Life is just easier if you have the means necessary to enjoy all it has to offer. Dr. Reiter has found a way to combine those two innate desires and satisfy both his inner compass as well as what society dictates he should need in order to be truly happy. Bravo Dr. Reiter!</body><tokens>dr . reiter struggles with something most of us do - an internal desire to do good and right by your moral code and a need for material necessities . life is just easier if you have the means necessary to enjoy all it has to offer . dr . reiter has found a way to combine those two innate desires and satisfy both his inner compass as well as what society dictates he should need in order to be truly happy . bravo dr . reiter !</tokens><lemmas>Dr . &lt;unknown&gt; struggle with something most of us do - an internal desire to do good and right by your moral code and a need for material necessity . life be just easy if you have the mean necessary to enjoy all it have to offer . Dr . &lt;unknown&gt; have find a way to combine those two innate desire and satisfy both his inner compass as well as what society dictate he should need in order to be truly happy . bravo Dr . &lt;unknown&gt; ! </lemmas><pos>NN SENT NN NNS IN NN JJS IN PP VBP : DT JJ NN TO VB JJ CC JJ IN PP$ JJ NN CC DT NN IN NN NNS SENT NN VBZ RB JJR IN PP VBP DT NNS JJ TO VB DT PP VBZ TO VB SENT NN SENT NN VBZ VBN DT NN TO VB DT CD JJ NNS CC VB DT PP$ JJ NN RB RB IN WP NN VBZ PP MD VB IN NN TO VB RB JJ SENT NN NN SENT NN SENT </pos></review>
