<?xml version="1.0" encoding="ISO-8859-1" standalone="no"?>
<!DOCTYPE review SYSTEM "derev.dtd">
<review ID="2206" title="HowToGetAGreatJobin90DaysorLess" writer="JoeCarroll" author="JillSodafsky" date="January 1, 2011" stars="5" suspectbook="1" unknownpurchase="1" nickname="1" cluster="1" allcluesclass="0" threecluesclass="0" sumclues="4" realclass="0" fold="2"><object>Must-Read! Extremely Helpful!</object><body>The author is extremely motivational.  His tactics seem to relate well no matter how much previous work experience you have or lack.  Further, his plan is well thought out, easy to understand, and clearly broken down into categories that seem surmountable. His plan did not scare me - it seemed like a path I could actually follow and not a system that was unrealistic or too time consuming to lead to a profitable result. Joe Carroll's book gave me a very positive outlook on job searching that is hard to stay focused on in the midst of this economic downturn we are faced with. I would recommend this book to anyone who needs a little guidance in their quest to find what makes them truly happy and a reminder that a positive attitude is worth so much more than we sometimes give it credit for.</body><tokens>the author is extremely motivational . his tactics seem to relate well no matter how much previous work experience you have or lack . further , his plan is well thought out , easy to understand , and clearly broken down into categories that seem surmountable . his plan did not scare me - it seemed like a path i could actually follow and not a system that was unrealistic or too time consuming to lead to a profitable result . joe carroll 's book gave me a very positive outlook on job searching that is hard to stay focused on in the midst of this economic downturn we are faced with . i would recommend this book to anyone who needs a little guidance in their quest to find what makes them truly happy and a reminder that a positive attitude is worth so much more than we sometimes give it credit for .</tokens><lemmas>the author be extremely motivational . his tactic seem to relate well no matter how much previous work experience you have or lack . further , his plan be well think out , easy to understand , and clearly break down into category that seem surmountable . his plan do not scare me - it seem like a path i could actually follow and not a system that be unrealistic or too time consuming to lead to a profitable result . joe Carroll 's book give me a very positive outlook on job search that be hard to stay focus on in the midst of this economic downturn we be face with . i would recommend this book to anyone who need a little guidance in their quest to find what make them truly happy and a reminder IN a positive attitude be worth so much more than we sometimes give it credit for . </lemmas><pos>DT NN VBZ RB JJ SENT PP$ NNS VBP TO VB RB DT NN WRB JJ JJ NN NN PP VBP CC NN SENT RBR , PP$ NN VBZ RB VBN RP , JJ TO VB , CC RB VBN RP IN NNS WDT VBP JJ SENT PP$ NN VBD RB VB PP : PP VBD IN DT NN NP MD RB VB CC RB DT NN WDT VBD JJ CC RB NN NN TO VB TO DT JJ NN SENT NN NP POS NN VBD PP DT RB JJ NN IN NN VBG DT VBZ JJ TO VB VBN IN IN DT NN IN DT JJ NN PP VBP VBN IN SENT NP MD VB DT NN TO NN WP VBZ DT JJ NN IN PP$ NN TO VB WP VBZ PP RB JJ CC DT NN  DT JJ NN VBZ JJ RB RB JJR IN PP RB VBP PP VBP IN SENT </pos></review>
