<?xml version="1.0" encoding="ISO-8859-1" standalone="no"?>
<!DOCTYPE review SYSTEM "derev.dtd">
<review ID="6558" title="VoiceofConscience" writer="BehcetKaya" author="Kathy" date="June 13, 2011" stars="5" suspectbook="1" unknownpurchase="1" nickname="1" cluster="1" allcluesclass="0" threecluesclass="0" sumclues="4" realclass="0" fold="3"><object>A great read</object><body>Behcet Kaya's &quot;Voice of Conscience&quot; is a captivating book from the beginning. The story is set in Turkey, and addresses Turkish and Muslim customs and traditions. His knowledge accompanied with an engaging, well written plot and journey for the reader make for a fine novel. He tells a story of love, loss, and revenge, and shows us how, in the end, revenge is not worth pursuing. The novel is a akin to a  the format of a Shakespearean tragedy, and well worth reading.</body><tokens>behcet kaya 's &quot; voice of conscience &quot; is a captivating book from the beginning . the story is set in turkey , and addresses turkish and muslim customs and traditions . his knowledge accompanied with an engaging , well written plot and journey for the reader make for a fine novel . he tells a story of love , loss , and revenge , and shows us how , in the end , revenge is not worth pursuing . the novel is a akin to a the format of a shakespearean tragedy , and well worth reading .</tokens><lemmas>&lt;unknown&gt; Kaya 's &quot; voice of conscience &quot; be a captivating book from the beginning . the story be set in turkey , and address Turkish and Muslim custom and tradition . his knowledge accompany with an engaging , well write plot and journey for the reader make for a fine novel . he tell a story of love , loss , and revenge , and show us how , in the end , revenge be not worth pursuing . the novel be a akin to a the format of a Shakespearean tragedy , and well worth reading . </lemmas><pos>NP NP POS `` NN IN NN `` VBZ DT JJ NN IN DT NN SENT DT NN VBZ VBN IN NN , CC VBZ JJ CC NN NNS CC NNS SENT PP$ NN VBN IN DT JJ , RB VBN NN CC NN IN DT NN VB IN DT JJ NN SENT PP VBZ DT NN IN NN , NN , CC NN , CC VBZ PP WRB , IN DT NN , NN VBZ RB JJ NN SENT DT NN VBZ DT JJ TO DT DT NN IN DT JJ NN , CC RB JJ NN SENT </pos></review>
