<?xml version="1.0" encoding="ISO-8859-1" standalone="no"?>
<!DOCTYPE review SYSTEM "derev.dtd">
<review ID="1030" title="DestinedToLiveDespiteMe" writer="YolandaShanks" author="LBrown" date="February 28, 2011" stars="5" suspectbook="1" unknownpurchase="1" nickname="1" cluster="1" allcluesclass="0" threecluesclass="0" sumclues="4" realclass="0" fold="6"><object>Raw and honest, a love and survival story.</object><body>Yolanda Shank's &quot;Destined to Live, Despite Me: Biblical Truths for Suicide Survivors&quot; is a raw and triumphant depiction of a suicidal survivor herself, Shank, and the connection with God, love and acceptance. True feelings are scripted in her novel and both feelings of empathy and joy will wrap your soul. Yolanda Shank has given her readers a gift. &quot;Destined to Live, Despite Me&quot; is not meant to be a biography for self-pity, instead it induces humility and truth; a development in accepting the God's love for you and love for yourself. We all deserve to live with love. Shank is a wonderful writer and &quot;Destined to Live, Despite Me&quot; would make a beautiful present or a novel you want to keep on your bookshelves.</body><tokens>yolanda shank 's &quot; destined to live , despite me : biblical truths for suicide survivors &quot; is a raw and triumphant depiction of a suicidal survivor herself , shank , and the connection with god , love and acceptance . true feelings are scripted in her novel and both feelings of empathy and joy will wrap your soul . yolanda shank has given her readers a gift . &quot; destined to live , despite me &quot; is not meant to be a biography for self-pity , instead it induces humility and truth ; a development in accepting the god 's love for you and love for yourself . we all deserve to live with love . shank is a wonderful writer and &quot; destined to live , despite me &quot; would make a beautiful present or a novel you want to keep on your bookshelves .</tokens><lemmas>&lt;unknown&gt; shank be &quot; destine to live , despite me : biblical truth for suicide survivor &quot; be a raw and triumphant depiction of a suicidal survivor herself , shank , and the connection with god , love and acceptance . true feeling be script in her novel and both feeling of empathy and joy will wrap your soul . &lt;unknown&gt; shank have give her reader a gift . &quot; destine to live , despite me &quot; be not mean to be a biography for self-pity , instead it induce humility and truth ; a development in accept the god 's love for you and love for yourself . we all deserve to live with love . shank be a wonderful writer and &quot; destine to live , despite me &quot; would make a beautiful present or a novel you want to keep on your bookshelve . </lemmas><pos>NN NN VBZ `` VBN TO VB , IN PP : JJ NNS IN NN NNS '' VBZ DT JJ CC JJ NN IN DT JJ NN PP , VB , CC DT NN IN NN , NN CC NN SENT JJ NNS VBP VBN IN PP$ NN CC DT NNS IN NN CC NN MD VB PP$ NN SENT NN NN VBZ VBN PP$ NNS DT NN SENT '' VBN TO VB , IN PP `` VBZ RB VBN TO VB DT NN IN NN , RB PP VBZ NN CC NN : DT NN IN VBG DT NN POS NN IN PP CC VBP IN PP SENT PP RB VBP TO VB IN NN SENT NN VBZ DT JJ NN CC `` VBN TO VB , IN PP `` MD VB DT JJ NN CC DT NN PP VBP TO VB IN PP$ NNS SENT </pos></review>
