<?xml version="1.0" encoding="ISO-8859-1" standalone="no"?>
<!DOCTYPE review SYSTEM "derev.dtd">
<review ID="4212" title="TheBestSeller" writer="ArunabhaSengupta" author="LBrown" date="August 22, 2012" stars="4" suspectbook="1" unknownpurchase="1" nickname="1" cluster="1" allcluesclass="0" threecluesclass="0" sumclues="4" realclass="0" fold="9"><object>Short of perfection</object><body>It could have been a perfect novel had it not grappled with so many issues. Rewarding and riveting, it could perhaps have benefitted if the psychological thriller part was toned down. Nevertheless it remained a great read with something for everyone. For a couple of nights, the lady character with Borderline Personality Disorder really haunted me.</body><tokens>it could have been a perfect novel had it not grappled with so many issues . rewarding and riveting , it could perhaps have benefitted if the psychological thriller part was toned down . nevertheless it remained a great read with something for everyone . for a couple of nights , the lady character with borderline personality disorder really haunted me .</tokens><lemmas>it could have be a perfect novel have it not grapple with so many issue . rewarding and riveting , it could perhaps have benefit if the psychological thriller part be tone down . nevertheless it remain a great read with something for everyone . for a couple of night , the lady character with borderline personality disorder really haunt me . </lemmas><pos>PP MD VB VBN DT JJ NN VBD PP RB VBD IN RB JJ NNS SENT JJ CC JJ , PP MD RB VB VBN IN DT JJ NN NN VBD VBN RP SENT RB PP VBD DT JJ NN IN NN IN NN SENT IN DT NN IN NNS , DT NN NN IN JJ NN NN RB VBN PP SENT </pos></review>
