<?xml version="1.0" encoding="ISO-8859-1" standalone="no"?>
<!DOCTYPE review SYSTEM "derev.dtd">
<review ID="4394" title="TheBookofFiveRingsfromSmarterComics" writer="MiyamotoMusashi" author="Kathy" date="November 6, 2011" stars="5" suspectbook="1" unknownpurchase="1" nickname="1" cluster="1" allcluesclass="0" threecluesclass="0" sumclues="4" realclass="0" fold="1"><object>A classic revamped</object><body>The concepts famous 17th century Japanese swordsman Miyamoto Musashi's well-known &quot;Book of Five Rings&quot; have been simplified and easily accessible to anyone - yet equally relevant- in this comic book version by SmarterComics. The illustrations are excellent, mixing old and new imagery. The lessons and principles conveyed are applicable to anyone regarding how to be successful in work, business, personal endeavors - life in general. Great read.</body><tokens>the concepts famous 17th century japanese swordsman miyamoto musashi 's well-known &quot; book of five rings &quot; have been simplified and easily accessible to anyone - yet equally relevant- in this comic book version by smartercomics . the illustrations are excellent , mixing old and new imagery . the lessons and principles conveyed are applicable to anyone regarding how to be successful in work , business , personal endeavors - life in general . great read .</tokens><lemmas>the concept famous 17th century Japanese swordsman Miyamoto Musashi 's well-known &quot; book of five ring &quot; have be simplify and easily accessible to anyone - yet equally &lt;unknown&gt; in this comic book version by &lt;unknown&gt; . the illustration be excellent , mix old and new imagery . the lesson and principle convey be applicable to anyone regarding how to be successful in work , business , personal endeavor - life in general . great read . </lemmas><pos>DT NNS JJ JJ NN NN NN NP NP POS JJ `` NN IN CD NNS `` VBP VBN VBN CC RB JJ TO NN : RB RB NN IN DT JJ NN NN IN NNS SENT DT NNS VBP JJ , VBG JJ CC JJ NN SENT DT NNS CC NNS VBN VBP JJ TO NN IN WRB TO VB JJ IN NN , NN , JJ NNS : NN IN NN SENT JJ NN SENT </pos></review>
