<?xml version="1.0" encoding="ISO-8859-1" standalone="no"?>
<!DOCTYPE review SYSTEM "derev.dtd">
<review ID="3625" title="SavingRachel" writer="JohnLocke" author="Kathy" date="January 4, 2011" stars="4" suspectbook="1" unknownpurchase="1" nickname="1" cluster="1" allcluesclass="0" threecluesclass="0" sumclues="4" realclass="0" fold="0"><object>A Roller Coaster of a Read</object><body>Saving Rachel (A Donovan Creed Crime Novel) (Kindle Edition) by John Locke is a fun read, for sure. From the start, Locke uses playful language, amusing and relevant references, and I couldn't put it down once I started it. I'm a huge fan of suspense and drama/thriller/crime stories, so if you are, too, you'd likely enjoy it as much as I did. It's a quick read and very entertaining. The reason I gave this novel four stars instead of five is, though the storytelling is great and thoroughly engaging, it is not very layers writing. Kick me for being a bit of a tough critic, but that I am, and that I recommend this book should tell you something. If this were summer time, I'd recommend this as a good beach read. But since we're in the throes of the January, by this and curl up with a warm fuzzy blanket and dive in. You'll be glad you did.</body><tokens>saving rachel ( a donovan creed crime novel ) ( kindle edition ) by john locke is a fun read , for sure . from the start , locke uses playful language , amusing and relevant references , and i could n't put it down once i started it . i 'm a huge fan of suspense and drama / thriller / crime stories , so if you are , too , you &quot; d likely enjoy it as much as i did . it 's a quick read and very entertaining . the reason i gave this novel four stars instead of five is , though the storytelling is great and thoroughly engaging , it is not very layers writing . kick me for being a bit of a tough critic , but that i am , and that i recommend this book should tell you something . if this were summer time , i &quot; d recommend this as a good beach read . but since we &quot; re in the throes of the january , by this and curl up with a warm fuzzy blanket and dive in . you 'll be glad you did .</tokens><lemmas>save &lt;unknown&gt; ( a &lt;unknown&gt; creed crime novel ) ( kindle edition ) by john &lt;unknown&gt; be a fun read , for sure . from the start , Locke use playful language , amusing and relevant reference , and i could n't put it down once i start it . i be a huge fan of suspense and drama / thriller / crime storey , so if you be , too , you &quot; d likely enjoy it as much as i do . it be a quick read and very entertaining . the reason i give this novel four star instead of five be , though the storytelling be great and thoroughly engaging , it be not very layer write . kick me for be a bit of a tough critic , but IN i be , and IN i recommend this book should tell you something . if this be summer time , i &quot; d recommend this as a good beach read . but since we &quot; re in the throes of the January , by this and curl up with a warm fuzzy blanket and dive in . you will be glad you do . </lemmas><pos>VBG NN ( DT JJ NN NN NN ) ( VB NN ) IN NN NN VBZ DT NN VBD , IN JJ SENT IN DT NN , NP VBZ JJ NN , JJ CC JJ NNS , CC NP MD RB VB PP RP IN NP VBD PP SENT NP VBP DT JJ NN IN NN CC NN SYM NN SYM NN NNS , RB IN PP VBP , RB , PP `` NN RB VBP PP RB RB IN NP VBD SENT PP VBZ DT JJ NN CC RB JJ SENT DT NN NP VBD DT JJ CD NNS RB IN CD VBZ , IN DT NN VBZ JJ CC RB JJ , PP VBZ RB RB VBZ VBG SENT VB PP IN VBG DT NN IN DT JJ NN , CC  NNS VBP , CC  NP VB DT NN MD VB PP NN SENT IN DT VBD NN NN , FW '' SYM VB DT IN DT JJ NN VBD SENT CC IN PP `` NN IN DT NN IN DT NN , IN DT CC VB RP IN DT JJ JJ NN CC VB RP SENT PP MD VB JJ PP VBD SENT </pos></review>
