<?xml version="1.0" encoding="ISO-8859-1" standalone="no"?>
<!DOCTYPE review SYSTEM "derev.dtd">
<review ID="2221" title="HowToGetAGreatJobin90DaysorLess" writer="JoeCarroll" author="LBrown" date="January 1, 2011" stars="5" suspectbook="1" unknownpurchase="1" nickname="1" cluster="1" allcluesclass="0" threecluesclass="0" sumclues="4" realclass="0" fold="7"><object>A needed how-to book for jobseekers!</object><body>Joe Carroll has written a book that not only will help the unemployed but those seeking a better job and a healthier mind set. Finding a job is not always easy and losing yourself along the way can bring you to a breaking point. Carroll wants to connect you back to your &quot;calling;&quot; what you were meant to do and he gives you the steps to get there. It isn't just about a job, it is about your happiness. Carroll's How To Get a Great Job in 90 Days or Less is an asset to every jobseeker and anyone who wants to find their road to success.</body><tokens>joe carroll has written a book that not only will help the unemployed but those seeking a better job and a healthier mind set . finding a job is not always easy and losing yourself along the way can bring you to a breaking point . carroll wants to connect you back to your &quot; calling ; &quot; what you were meant to do and he gives you the steps to get there . it is n't just about a job , it is about your happiness . carroll 's how to get a great job in 90 days or less is an asset to every jobseeker and anyone who wants to find their road to success .</tokens><lemmas>joe Carroll have write a book IN not only will help the unemployed but those seek a good job and a healthy mind set . find a job be not always easy and lose yourself along the way can bring you to a breaking point . Carroll want to connect you back to your &quot; calling ; &quot; what you be mean to do and he give you the step to get there . it be n't just about a job , it be about your happiness . Carroll be how to get a great job in @card@ day or less be an asset to every &lt;unknown&gt; and anyone who want to find their road to success . </lemmas><pos>NN NP VBZ VBN DT NN  RB RB MD VB DT JJ CC DT VBG DT JJR NN CC DT JJR NN NN SENT VBG DT NN VBZ RB RB JJ CC VBG PP IN DT NN MD VB PP TO DT JJ NN SENT NP VBZ TO VB PP RB TO PP$ `` NN : `` WP PP VBD VBN TO VB CC PP VBZ PP DT NNS TO VB RB SENT PP VBZ RB RB IN DT NN , PP VBZ RB PP$ NN SENT NP VBZ WRB TO VB DT JJ NN IN CD NNS CC JJR VBZ DT NN TO DT NN CC NN WP VBZ TO VB PP$ NN TO NN SENT </pos></review>
