<?xml version="1.0" encoding="ISO-8859-1" standalone="no"?>
<!DOCTYPE review SYSTEM "derev.dtd">
<review ID="6735" title="WriteYourFirstBook" writer="PeterBiadasz" author="Kathy" date="January 22, 2011" stars="5" suspectbook="1" unknownpurchase="1" nickname="1" cluster="1" allcluesclass="0" threecluesclass="0" sumclues="4" realclass="0" fold="4"><object>Great advice for aspiring writers</object><body>Peter Biadasz is a successful author of fifteen books and &quot;Write Your First Book&quot; is a well-written how-to guide on writing your first book - from putting pen to paper, to pitching your idea, getting it published, and seeing your title on bookstore shelves. While the book is more geared towards writing nonfiction, it is applicable to writers of fiction as well. I have read many books on writing and writing advice, and Biadasz's book is definitely one of the best. It's very informative and he writes from experience. It's a great resource for any budding writer.</body><tokens>peter biadasz is a successful author of fifteen books and &quot; write your first book &quot; is a well-written how-to guide on writing your first book - from putting pen to paper , to pitching your idea , getting it published , and seeing your title on bookstore shelves . while the book is more geared towards writing nonfiction , it is applicable to writers of fiction as well . i have read many books on writing and writing advice , and biadasz 's book is definitely one of the best . it 's very informative and he writes from experience . it 's a great resource for any budding writer .</tokens><lemmas>peter &lt;unknown&gt; be a successful author of fifteen book and &quot; write your first book &quot; be a well-write how-to guide on write your first book - from put pen to paper , to pitch your idea , get it publish , and see your title on bookstore shelf . while the book be more gear towards write nonfiction , it be applicable to writer of fiction as well . i have read many book on write and write advice , and &lt;unknown&gt; 's book be definitely one of the good . it be very informative and he write from experience . it be a great resource for any budding writer . </lemmas><pos>NN NN VBZ DT JJ NN IN CD NNS CC `` VB PP$ JJ NN '' VBZ DT VBN JJ NN IN VBG PP$ JJ NN : IN VBG NN TO NN , TO VBG PP$ NN , VBG PP VBD , CC VBG PP$ NN IN NN NNS SENT IN DT NN VBZ RBR VBN IN VBG NN , PP VBZ JJ TO NNS IN NN IN RB SENT NNS VBP VBN JJ NNS IN VBG CC VBG NN , CC NP POS NN VBZ RB CD IN DT JJS SENT PP VBZ RB JJ CC PP VBZ IN NN SENT PP VBZ DT JJ NN IN DT JJ NN SENT </pos></review>
