<?xml version="1.0" encoding="ISO-8859-1" standalone="no"?>
<!DOCTYPE review SYSTEM "derev.dtd">
<review ID="0878" title="CircleofLies" writer="DouglasAlan" author="LBrown" date="January 17, 2011" stars="5" suspectbook="1" unknownpurchase="1" nickname="1" cluster="1" allcluesclass="0" threecluesclass="0" sumclues="4" realclass="0" fold="5"><object>Will keep you reading!</object><body>Not a typical book I would read, but a friend suggested it. I have to say it got me hooked from the first page--now that is a good book! Alan executed that right off the bat, leading any reader into a craze of never wanting to put it down. However, the plot of a shady drug company setting a person up is a bit outmoded, however, Alan mixes it up. Besides incorporating the government, you can sense the uncertainty and dubiousness in his main character, John Delany. These characteristics, for me, add a more tension filled story with human questionability. It made me want to keep reading, as these are qualities we can all relate to. It also left me, and will any reader, curious throughout. This is my first read from Douglas Alan, and it certainly did not disappoint. &quot;Circle of Lies,&quot; is suspenseful, upbeat and unpredictable.</body><tokens>not a typical book i would read , but a friend suggested it . i have to say it got me hooked from the first page--now that is a good book ! alan executed that right off the bat , leading any reader into a craze of never wanting to put it down . however , the plot of a shady drug company setting a person up is a bit outmoded , however , alan mixes it up . besides incorporating the government , you can sense the uncertainty and dubiousness in his main character , john delany . these characteristics , for me , add a more tension filled story with human questionability . it made me want to keep reading , as these are qualities we can all relate to . it also left me , and will any reader , curious throughout . this is my first read from douglas alan , and it certainly did not disappoint . &quot; circle of lies , &quot; is suspenseful , upbeat and unpredictable .</tokens><lemmas>not a typical book i would read , but a friend suggest it . i have to say it get me hook from the first &lt;unknown&gt; that be a good book ! &lt;unknown&gt; execute IN right off the bat , lead any reader into a craze of never want to put it down . however , the plot of a shady drug company set a person up be a bit outmode , however , Alan mix it up . besides incorporate the government , you can sense the uncertainty and dubiousness in his main character , john &lt;unknown&gt; . these characteristic , for me , add a more tension fill story with human questionability . it make me want to keep reading , as these be quality we can all relate to . it also leave me , and will any reader , curious throughout . this be my first read from &lt;unknown&gt; &lt;unknown&gt; , and it certainly do not disappoint . &quot; circle of lie , &quot; be suspenseful , upbeat and unpredictable . </lemmas><pos>RB DT JJ NN NP MD VB , CC DT NN VBD PP SENT NNS VBP TO VB PP VBD PP VBD IN DT JJ NN WDT VBZ DT JJ NN SENT NN VBD  RB IN DT NN , VBG DT NN IN DT NN IN RB VBG TO VB PP RP SENT RB , DT NN IN DT JJ NN NN VBG DT NN RB VBZ DT NN VBN , RB , NP VBZ PP RP SENT IN VBG DT NN , PP MD VB DT NN CC NN IN PP$ JJ NN , NN NN SENT DT NNS , IN PP , VB DT JJR NN VBN NN IN JJ NN SENT PP VBD PP VBP TO VB NN , IN DT VBP NNS PP MD RB VB TO SENT PP RB VBD PP , CC MD DT NN , JJ IN SENT DT VBZ PP$ JJ NN IN NNS NN , CC PP RB VBD RB VB SENT '' NN IN NNS , '' VBZ JJ , JJ CC JJ SENT </pos></review>
