<?xml version="1.0" encoding="ISO-8859-1" standalone="no"?>
<!DOCTYPE review SYSTEM "derev.dtd">
<review ID="6158" title="TheMasadaComplex" writer="AvrahamAzrieli" author="Kathy" date="September 10, 2011" stars="4" suspectbook="1" unknownpurchase="1" nickname="1" cluster="1" allcluesclass="0" threecluesclass="0" sumclues="4" realclass="0" fold="2"><object>Fun political thriller.</object><body>&quot;The Masada Complex&quot; by Avraham Azriele is a political thriller (with some sarcasm, which I quite enjoyed). It's well-written and the story flows well and kept my attention the whole time. It is a realistic political thriller involving Israel's relations and politics, and it's is quite pertinent to current times. A good read!</body><tokens>&quot; the masada complex &quot; by avraham azriele is a political thriller ( with some sarcasm , which i quite enjoyed ) . it 's well-written and the story flows well and kept my attention the whole time . it is a realistic political thriller involving israel 's relations and politics , and it 's is quite pertinent to current times . a good read !</tokens><lemmas>&quot; the &lt;unknown&gt; complex &quot; by &lt;unknown&gt; &lt;unknown&gt; be a political thriller ( with some sarcasm , which i quite enjoy ) . it be well-write and the story flow well and keep my attention the whole time . it be a realistic political thriller involve Israel 's relation and politics , and it have be quite pertinent to current time . a good read ! </lemmas><pos>'' DT NN NN '' IN NN NN VBZ DT JJ NN ( IN DT NN , WDT NP RB VBN ) SENT PP VBZ VBN CC DT NN VBZ RB CC VBD PP$ NN DT JJ NN SENT PP VBZ DT JJ JJ NN VBG NP POS NNS CC NNS , CC PP VBZ VBZ RB JJ TO JJ NNS SENT DT JJ NN SENT </pos></review>
