<?xml version="1.0" encoding="ISO-8859-1" standalone="no"?>
<!DOCTYPE review SYSTEM "derev.dtd">
<review ID="3104" title="NoIDontWanttoPlayToday" writer="BrendaJones" author="LBrown" date="February 19, 2011" stars="5" suspectbook="1" unknownpurchase="1" nickname="1" cluster="1" allcluesclass="0" threecluesclass="0" sumclues="4" realclass="0" fold="8"><object>Such a wonderful book!</object><body>I had a feeling Brenda Jones &quot;No, I Don't Want to Play Today: An African Tale About Bullying&quot; was going to be touching story. It teaches such an important lesson to those who read it--the lesson of respect. The King of the Jungle Larry the lion bully's and victimizes the other creatures of the jungle and ends up losing all of his friends, due to his actions. Bullying has become a terrifying factor for kids and their peers, causing them to lose self-confidence or their lives. It is important to start teaching kids at a young age that respect and kindness is imperative. Brenda Jones has written a story that teaches empathy and how bullying has its consequences. I recommend this book to any parent or child, and makes for an excellent gift.</body><tokens>i had a feeling brenda jones &quot; no , i do n't want to play today : an african tale about bullying &quot; was going to be touching story . it teaches such an important lesson to those who read it--the lesson of respect . the king of the jungle larry the lion bully 's and victimizes the other creatures of the jungle and ends up losing all of his friends , due to his actions . bullying has become a terrifying factor for kids and their peers , causing them to lose self-confidence or their lives . it is important to start teaching kids at a young age that respect and kindness is imperative . brenda jones has written a story that teaches empathy and how bullying has its consequences . i recommend this book to any parent or child , and makes for an excellent gift .</tokens><lemmas>i have a feel &lt;unknown&gt; &lt;unknown&gt; &quot; no , i do n't want to play today : an African tale about bully &quot; be go to be touch story . it teach such an important lesson to those who read &lt;unknown&gt; lesson of respect . the king of the jungle &lt;unknown&gt; the lion bully 's and victimize the other creature of the jungle and end up lose all of his friend , due to his action . bully have become a terrifying factor for kid and their peer , cause them to lose self-confidence or their life . it be important to start teaching kid at a young age IN respect and kindness be imperative . &lt;unknown&gt; &lt;unknown&gt; have write a story that teach empathy and how bully have its consequence . i recommend this book to any parent or child , and make for an excellent gift . </lemmas><pos>NP VBD DT VBG NN NNS `` RB , NNS VBP RB VB TO VB NN : DT JJ NN IN VBG '' VBD VBG TO VB VBG NN SENT PP VBZ PDT DT JJ NN TO DT WP VBP JJ NN IN NN SENT DT NN IN DT NN NN DT NN NN POS CC VBZ DT JJ NNS IN DT NN CC VBZ IN VBG DT IN PP$ NNS , JJ TO PP$ NNS SENT VBG VBZ VBN DT JJ NN IN NNS CC PP$ NNS , VBG PP TO VB NN CC PP$ NNS SENT PP VBZ JJ TO VB NN NNS IN DT JJ NN  NN CC NN VBZ JJ SENT NN NNS VBZ VBN DT NN WDT VBZ NN CC WRB VBG VBZ PP$ NNS SENT NNS VBP DT NN TO DT NN CC NN , CC VBZ IN DT JJ NN SENT </pos></review>
