<?xml version="1.0" encoding="ISO-8859-1" standalone="no"?>
<!DOCTYPE review SYSTEM "derev.dtd">
<review ID="2228" title="HowToGetAGreatJobin90DaysorLess" writer="JoeCarroll" author="MihirShah" date="January 2, 2011" stars="5" suspectbook="1" unknownpurchase="1" nickname="1" cluster="1" allcluesclass="0" threecluesclass="0" sumclues="4" realclass="0" fold="6"><object>Pursuing Your Calling</object><body>Joe Carroll's &quot;How to Get a Great Job in 90 Days or Less,&quot; supplies the reader with strategies and knowledge that is essential in finding a job within the three months time frame.  The beauty of his piece lies in the simple life lessons he outlines that people seemingly forget.  For example, his book creates awareness for time management, trusting your instincts, following your passion, etc.  Carroll is a certified career coach and has years of experience in this field.  Therefore, there could be no better teacher for the aspiring learner.  It's a must read because it'll teach you what the colleges won't.  Carroll emphasizes networking,maintaining a healthy lifestyle, and career management skills.  Overall, Carroll's &quot;How to Get a Great Job in 90 Days or Less,&quot; imparts the fundamentals of finding a career that aligns your talents with your passion and calling.</body><tokens>joe carroll 's &quot; how to get a great job in 90 days or less , &quot; supplies the reader with strategies and knowledge that is essential in finding a job within the three months time frame . the beauty of his piece lies in the simple life lessons he outlines that people seemingly forget . for example , his book creates awareness for time management , trusting your instincts , following your passion , etc . carroll is a certified career coach and has years of experience in this field . therefore , there could be no better teacher for the aspiring learner . it 's a must read because it 'll teach you what the colleges wo n't . carroll emphasizes networking , maintaining a healthy lifestyle , and career management skills . overall , carroll 's &quot; how to get a great job in 90 days or less , &quot; imparts the fundamentals of finding a career that aligns your talents with your passion and calling .</tokens><lemmas>joe Carroll 's &quot; how to get a great job in @card@ day or less , &quot; supply the reader with strategy and knowledge that be essential in find a job within the three month time frame . the beauty of his piece lie in the simple life lesson he outline IN people seemingly forget . for example , his book create awareness for time management , trust your instinct , follow your passion , etc . Carroll be a certified career coach and have year of experience in this field . therefore , there could be no good teacher for the aspiring learner . it be a must read because it will teach you what the college wo n't . Carroll emphasize networking , maintain a healthy lifestyle , and career management skill . overall , Carroll 's &quot; how to get a great job in @card@ day or less , &quot; impart the fundamental of find a career that align your talent with your passion and calling . </lemmas><pos>NN NP POS '' WRB TO VB DT JJ NN IN CD NNS CC JJR , '' VBZ DT NN IN NNS CC NN WDT VBZ JJ IN VBG DT NN IN DT CD NNS NN NN SENT DT NN IN PP$ NN VBZ IN DT JJ NN NNS PP VBZ  NNS RB VBP SENT IN NN , PP$ NN VBZ NN IN NN NN , VBG PP$ NNS , VBG PP$ NN , FW SENT NP VBZ DT JJ NN NN CC VBZ NNS IN NN IN DT NN SENT RB , EX MD VB DT JJR NN IN DT JJ NN SENT PP VBZ DT MD VB IN PP MD VB PP WP DT NNS MD RB SENT NP VBZ NN , VBG DT JJ NN , CC NN NN NNS SENT RB , NP POS '' WRB TO VB DT JJ NN IN CD NNS CC JJR , '' VBZ DT NNS IN VBG DT NN WDT VBZ PP$ NNS IN PP$ NN CC NN SENT </pos></review>
