<?xml version="1.0" encoding="ISO-8859-1" standalone="no"?>
<!DOCTYPE review SYSTEM "derev.dtd">
<review ID="3513" title="PrinceOfThisWorld" writer="GeorgeSimeran" author="MihirShah" date="March 17, 2011" stars="4" suspectbook="1" unknownpurchase="1" nickname="1" cluster="1" allcluesclass="0" threecluesclass="0" sumclues="4" realclass="0" fold="9"><object>Surprises of Debauchery and Mayhem in Los Angeles--Thrillingly Good</object><body>George Simeran's Prince of This World presents this overarching level of intrigue right from the get-go.  Opening up with a chilling scene of Phil, Rock, and our narrator, George burying a prostitute in an isolated area of Angeles National Forest, readers are on alert, expecting something out of this world.  The pace of the piece is fast-moving, lending it to the potential limelight of the big screen.  Set in the heart of Los Angeles, the book features themes of twisted love, sex, drugs, the hood, playboys, and anything else you can think of that fits the label of debauchery.  What's unusual, and thrillingly good about this novel is that it succeeds in establishing a connection between the main character and the audience--despite the fact the main character is more or less an anti-hero.  These are the people you tell yourself to &quot;Stay away from no matter what.&quot; Simeran's writing style and dark humor are particularly addictive, and leave the readers pleading for more.  In many ways, Prince of this World is a play on emotions as the characters display a knack for rambunctious and horrifying behaviors. For anyone who wishes to see how not to be behave, this book is for you.  For anyone who loves the twists and turns, a complete roller coaster literary experience, Prince of the World is definitely for you.  Overall, it's an enjoyable and entertaining read.  I highly recommend it.</body><tokens>george simeran 's prince of this world presents this overarching level of intrigue right from the get-go . opening up with a chilling scene of phil , rock , and our narrator , george burying a prostitute in an isolated area of angeles national forest , readers are on alert , expecting something out of this world . the pace of the piece is fast-moving , lending it to the potential limelight of the big screen . set in the heart of los angeles , the book features themes of twisted love , sex , drugs , the hood , playboys , and anything else you can think of that fits the label of debauchery . what 's unusual , and thrillingly good about this novel is that it succeeds in establishing a connection between the main character and the audience--despite the fact the main character is more or less an anti-hero . these are the people you tell yourself to &quot; stay away from no matter what . &quot; simeran 's writing style and dark humor are particularly addictive , and leave the readers pleading for more . in many ways , prince of this world is a play on emotions as the characters display a knack for rambunctious and horrifying behaviors . for anyone who wishes to see how not to be behave , this book is for you . for anyone who loves the twists and turns , a complete roller coaster literary experience , prince of the world is definitely for you . overall , it 's an enjoyable and entertaining read . i highly recommend it .</tokens><lemmas>George &lt;unknown&gt; 's prince of this world present this overarching level of intrigue right from the &lt;unknown&gt; . open up with a chilling scene of &lt;unknown&gt; , rock , and our narrator , &lt;unknown&gt; bury a prostitute in an isolated area of &lt;unknown&gt; national forest , reader be on alert , expect something out of this world . the pace of the piece be fast-moving , lend it to the potential limelight of the big screen . set in the heart of los &lt;unknown&gt; , the book feature theme of twisted love , sex , drug , the hood , playboy , and anything else you can think of that fit the label of debauchery . what be unusual , and thrillingly good about this novel be IN it succeed in establish a connection between the main character and the &lt;unknown&gt; the fact the main character be more or less an anti-hero . these be the people you tell yourself to &quot; stay away from no matter what . &quot; &lt;unknown&gt; 's write style and dark humor be particularly addictive , and leave the reader plead for more . in many way , prince of this world be a play on emotion as the character display a knack for rambunctious and horrify behavior . for anyone who wish to see how not to be behave , this book be for you . for anyone who love the twist and turn , a complete roller coaster literary experience , prince of the world be definitely for you . overall , it be an enjoyable and entertaining read . i highly recommend it . </lemmas><pos>NP NP POS NN IN DT NN VBZ DT JJ NN IN NN NN IN DT NN SENT VBG RP IN DT JJ NN IN NN , NN , CC PP$ NN , NN VBG DT NN IN DT JJ NN IN NNS JJ NN , NNS VBP IN NN , VBG NN RP IN DT NN SENT DT NN IN DT NN VBZ JJ , VBG PP TO DT JJ NN IN DT JJ NN SENT VBN IN DT NN IN NP NNS , DT NN VBZ NNS IN JJ NN , NN , NNS , DT NN , NNS , CC NN RB PP MD VB IN WDT VBZ DT NN IN NN SENT WP VBZ JJ , CC RB JJ IN DT NN VBZ  PP VBZ IN VBG DT NN IN DT JJ NN CC DT NN DT NN DT JJ NN VBZ JJR CC RBR DT NN SENT DT VBP DT NNS PP VBP PP TO `` VB RB IN DT NN WP SENT '' NP POS VBG NN CC JJ NN VBP RB JJ , CC VB DT NNS VBG IN RBR SENT IN JJ NNS , NN IN DT NN VBZ DT NN IN NNS IN DT NNS VBP DT NN IN JJ CC VBG NNS SENT IN NN WP VBZ TO VB WRB RB TO VB VB , DT NN VBZ IN PP SENT IN NN WP VBZ DT NNS CC VBZ , DT JJ NN NN JJ NN , NN IN DT NN VBZ RB IN PP SENT RB , PP VBZ DT JJ CC JJ NN SENT NP RB VB PP SENT </pos></review>
