<?xml version="1.0" encoding="ISO-8859-1" standalone="no"?>
<!DOCTYPE review SYSTEM "derev.dtd">
<review ID="1305" title="FacesSoulsPaintedCrows" writer="RudiUnterthiner" author="MihirShah" date="February 11, 2011" stars="5" suspectbook="1" unknownpurchase="1" nickname="1" cluster="1" allcluesclass="0" threecluesclass="0" sumclues="4" realclass="0" fold="4"><object>The Story of Human Triumph and Redemption in the Face of Adversity</object><body>Rudi Unterthiner's &quot;Faces, Souls, and Painted Crows,&quot; captures the profound meaning between the face and the soul.  Using the conflicted Dr. Paul Reiter, as the main character, Unterthiner delves into themes of life, healing, and expiation--atonement or penance in order to gain forgiveness.  Reiter's journey culminates in a prestigious career as a cosmetic surgeon in Hollywood, and forces him to choose between his profession and the opportunity to be a healer to the Indians living off the shores of the Sea of Cortez.  Essentially, the character of Dr. Paul Reiter embodies the struggle of the debut author, Rudi Unterthiner.  In fact, it was Rudi Unterthiner who came to the United States illegally, persevered his way through medical school, and is now noted as one of the premiere plastic surgeons.  More than anything else, this is a story of resolve and the individual's ability to triumph over his surroundings and overcome in the face of extreme adversity.  The rise to fame can alter anyone's attitude, especially one who struggled so hard to get there.  However, Unterthiner's &quot;Faces, Souls, and Painted Crows&quot; does a remarkable job in demonstrating Reiter's human side, where morals matter, despite having a claim to fame and fortune.  The book is a must read with immense meaning and an aesthetically pleasing writing style.  Simply delightful.</body><tokens>rudi unterthiner 's &quot; faces , souls , and painted crows , &quot; captures the profound meaning between the face and the soul . using the conflicted dr . paul reiter , as the main character , unterthiner delves into themes of life , healing , and expiation--atonement or penance in order to gain forgiveness . reiter 's journey culminates in a prestigious career as a cosmetic surgeon in hollywood , and forces him to choose between his profession and the opportunity to be a healer to the indians living off the shores of the sea of cortez . essentially , the character of dr . paul reiter embodies the struggle of the debut author , rudi unterthiner . in fact , it was rudi unterthiner who came to the united states illegally , persevered his way through medical school , and is now noted as one of the premiere plastic surgeons . more than anything else , this is a story of resolve and the individual 's ability to triumph over his surroundings and overcome in the face of extreme adversity . the rise to fame can alter anyone 's attitude , especially one who struggled so hard to get there . however , unterthiner 's &quot; faces , souls , and painted crows &quot; does a remarkable job in demonstrating reiter 's human side , where morals matter , despite having a claim to fame and fortune . the book is a must read with immense meaning and an aesthetically pleasing writing style . simply delightful .</tokens><lemmas>Rudi &lt;unknown&gt; 's &quot; face , soul , and painted crow , &quot; capture the profound meaning between the face and the soul . use the conflict Dr . Paul &lt;unknown&gt; , as the main character , &lt;unknown&gt; delve into theme of life , healing , and &lt;unknown&gt; or penance in order to gain forgiveness . &lt;unknown&gt; 's journey culminate in a prestigious career as a cosmetic surgeon in &lt;unknown&gt; , and force him to choose between his profession and the opportunity to be a healer to the Indian live off the shore of the sea of Cortez . essentially , the character of Dr . Paul Reiter embody the struggle of the debut author , &lt;unknown&gt; &lt;unknown&gt; . in fact , it be &lt;unknown&gt; &lt;unknown&gt; who come to the unite state illegally , persevere his way through medical school , and be now note as one of the premiere plastic surgeon . more than anything else , this be a story of resolve and the individual 's ability to triumph over his surroundings and overcome in the face of extreme adversity . the rise to fame can alter anyone 's attitude , especially one who struggle so hard to get there . however , &lt;unknown&gt; 's &quot; face , soul , and painted crow &quot; do a remarkable job in demonstrate &lt;unknown&gt; 's human side , where moral matter , despite have a claim to fame and fortune . the book be a must read with immense meaning and an aesthetically pleasing write style . simply delightful . </lemmas><pos>NP NP POS `` NNS , NNS , CC JJ NNS , '' VBZ DT JJ NN IN DT NN CC DT NN SENT VBG DT VBN NN SENT NP NN , IN DT JJ NN , NN VBZ IN NNS IN NN , NN , CC NN CC NN IN NN TO VB NN SENT NN POS NN VBZ IN DT JJ NN IN DT JJ NN IN NN , CC VBZ PP TO VB IN PP$ NN CC DT NN TO VB DT NN TO DT NNS VBG RP DT NNS IN DT NN IN NP SENT RB , DT NN IN NN SENT NP NP VBZ DT NN IN DT NN NN , NN NN SENT IN NN , PP VBD NN NN WP VBD TO DT VBN NNS RB , VBD PP$ NN IN JJ NN , CC VBZ RB VBN IN CD IN DT JJ NN NNS SENT JJR IN NN RB , DT VBZ DT NN IN NN CC DT NN POS NN TO VB RP PP$ NN CC VB IN DT NN IN JJ NN SENT DT NN TO NN MD VB NN POS NN , RB CD WP VBD RB JJ TO VB RB SENT RB , NP POS `` NNS , NNS , CC JJ NNS `` VBZ DT JJ NN IN VBG NN POS JJ NN , WRB NNS VBP , IN VBG DT NN TO NN CC NN SENT DT NN VBZ DT MD VB IN JJ NN CC DT RB JJ VBG NN SENT RB JJ SENT </pos></review>
