<?xml version="1.0" encoding="ISO-8859-1" standalone="no"?>
<!DOCTYPE review SYSTEM "derev.dtd">
<review ID="3111" title="NoIDontWanttoPlayToday" writer="BrendaJones" author="MihirShah" date="February 11, 2011" stars="5" suspectbook="1" unknownpurchase="1" nickname="1" cluster="1" allcluesclass="0" threecluesclass="0" sumclues="4" realclass="0" fold="8"><object>Circle of Friendship</object><body>Brenda Jones' &quot;No, I Don't Want to Play Today: An African Tale About Bullying&quot; is a refreshing yet vital children's book that addresses pertinent topics such as bullying, friendship, and character building.  Brenda Jones helps children understand the meaning of bullying in an enjoyable narrative.  Children have an affinity for animals, and Brenda Jones realizes this as she build an entire plot in a fictionalized world of animals.  In many ways, this book on bullying brings back pleasant images of Jungle Book, Lion King, and Winnie the Pooh, all of which revolved around moral lessons and character building for children.  The plot revolves around Larry the Lion, who tends to bully other animals to the point that no one wants to play with him.  Interestingly, the book teaches problem-solving skills in the form of Jill the Jaguar, who acts as the mediator between Larry the Lion and the rest of the animals.  Ultimately, Larry the Lion understands that he has a circle of friends, and their relationship is based on accepting and tolerating one's differences.  Each person has something to contribute to the friendship.  On the surface, the book is fun and entertaining and children will have a blast with it.  Inherently, it will plant moral values and character-building skills that will prove crucial as they move to higher stages in their life.</body><tokens>brenda jones &quot; &quot; no , i do n't want to play today : an african tale about bullying &quot; is a refreshing yet vital children 's book that addresses pertinent topics such as bullying , friendship , and character building . brenda jones helps children understand the meaning of bullying in an enjoyable narrative . children have an affinity for animals , and brenda jones realizes this as she build an entire plot in a fictionalized world of animals . in many ways , this book on bullying brings back pleasant images of jungle book , lion king , and winnie the pooh , all of which revolved around moral lessons and character building for children . the plot revolves around larry the lion , who tends to bully other animals to the point that no one wants to play with him . interestingly , the book teaches problem-solving skills in the form of jill the jaguar , who acts as the mediator between larry the lion and the rest of the animals . ultimately , larry the lion understands that he has a circle of friends , and their relationship is based on accepting and tolerating one 's differences . each person has something to contribute to the friendship . on the surface , the book is fun and entertaining and children will have a blast with it . inherently , it will plant moral values and character-building skills that will prove crucial as they move to higher stages in their life .</tokens><lemmas>&lt;unknown&gt; &lt;unknown&gt; &quot; &quot; no , i do n't want to play today : an African tale about bully &quot; be a refreshing yet vital child 's book that address pertinent topic such as bully , friendship , and character building . &lt;unknown&gt; &lt;unknown&gt; help child understand the meaning of bully in an enjoyable narrative . child have an affinity for animal , and &lt;unknown&gt; &lt;unknown&gt; realize this as she build an entire plot in a fictionalize world of animal . in many way , this book on bully bring back pleasant image of jungle book , lion king , and &lt;unknown&gt; the &lt;unknown&gt; , all of which revolve around moral lesson and character building for child . the plot revolve around &lt;unknown&gt; the lion , who tend to bully other animal to the point IN no one want to play with him . interestingly , the book teach problem-solve skill in the form of &lt;unknown&gt; the jaguar , who act as the mediator between &lt;unknown&gt; the lion and the rest of the animal . ultimately , &lt;unknown&gt; the lion understand IN he have a circle of friend , and their relationship be base on accept and tolerate one 's difference . each person have something to contribute to the friendship . on the surface , the book be fun and entertaining and child will have a blast with it . inherently , it will plant moral value and character-building skill that will prove crucial as they move to high stage in their life . </lemmas><pos>NN NNS '' `` UH , NNS VBP RB VB TO VB NN : DT JJ NN IN VBG '' VBZ DT JJ CC JJ NNS POS NN WDT VBZ JJ NNS JJ IN VBG , NN , CC NN NN SENT NN NNS VBZ NNS VB DT NN IN VBG IN DT JJ NN SENT NNS VBP DT NN IN NNS , CC NN NNS VBZ DT IN PP VBP DT JJ NN IN DT VBN NN IN NNS SENT IN JJ NNS , DT NN IN VBG VBZ RB JJ NNS IN NN NN , NN NN , CC NN DT NN , DT IN WDT VBD IN JJ NNS CC NN NN IN NNS SENT DT NN VBZ RB VB DT NN , WP VBZ TO VB JJ NNS TO DT NN  DT CD VBZ TO VB IN PP SENT RB , DT NN VBZ VBG NNS IN DT NN IN NN DT NN , WP VBZ IN DT NN IN NN DT NN CC DT NN IN DT NNS SENT RB , NN DT NN VBZ  PP VBZ DT NN IN NNS , CC PP$ NN VBZ VBN IN VBG CC VBG PP POS NNS SENT DT NN VBZ NN TO VB TO DT NN SENT IN DT NN , DT NN VBZ NN CC JJ CC NNS MD VB DT NN IN PP SENT RB , PP MD VB JJ NNS CC NN NNS WDT MD VB JJ IN PP VBP TO JJR NNS IN PP$ NN SENT </pos></review>
