<?xml version="1.0" encoding="ISO-8859-1" standalone="no"?>
<!DOCTYPE review SYSTEM "derev.dtd">
<review ID="5831" title="TheLightofInnocence" writer="CarlMarshall" author="LBrown" date="November 7, 2010" stars="5" suspectbook="1" unknownpurchase="1" nickname="1" cluster="1" allcluesclass="0" threecluesclass="0" sumclues="4" realclass="0" fold="1"><object>Open and honest.</object><body>A book that speaks for itself--Carl Marshall has openly discussed his passageway to faith, his effort in finding a church domicile and living as a Christian--as most Christians cannot be as unleashing. It is a clear and easy read and one that is great to read by you or with family and friends. Marshall is fluid in his faith and his never-ending guidance from God. The Light of Innocence is a compassionate read.</body><tokens>a book that speaks for itself--carl marshall has openly discussed his passageway to faith , his effort in finding a church domicile and living as a christian--as most christians cannot be as unleashing . it is a clear and easy read and one that is great to read by you or with family and friends . marshall is fluid in his faith and his never-ending guidance from god . the light of innocence is a compassionate read .</tokens><lemmas>a book that speak for &lt;unknown&gt; &lt;unknown&gt; have openly discuss his passageway to faith , his effort in find a church domicile and live as a &lt;unknown&gt; most Christian can be as unleash . it be a clear and easy read and one that be great to read by you or with family and friend . &lt;unknown&gt; be fluid in his faith and his never-end guidance from god . the light of innocence be a compassionate read . </lemmas><pos>DT NN WDT VBZ IN NN NN VBZ RB VBN PP$ NN TO NN , PP$ NN IN VBG DT NN NN CC VBG IN DT NNS RBS NNS MD VB RB VBG SENT PP VBZ DT JJ CC JJ NN CC CD WDT VBZ JJ TO VB IN PP CC IN NN CC NNS SENT NN VBZ JJ IN PP$ NN CC PP$ VBG NN IN NN SENT DT NN IN NN VBZ DT JJ NN SENT </pos></review>
