<?xml version="1.0" encoding="ISO-8859-1" standalone="no"?>
<!DOCTYPE review SYSTEM "derev.dtd">
<review ID="6733" title="WriteYourFirstBook" writer="PeterBiadasz" author="LBrown" date="January 15, 2011" stars="5" suspectbook="1" unknownpurchase="1" nickname="1" cluster="1" allcluesclass="0" threecluesclass="0" sumclues="4" realclass="0" fold="2"><object>A present for a first time book writer!</object><body>I have been counseled on book writing--people telling me it will take forever or you just have to focus--not so encouraging. As I start to write my very first book, I am thankful for Peter Biadasz's &quot;Write Your First Book.&quot; It is similar to working with an editor who has amazing coaching skills to get you to your goal. The book is an asset and a mentor in my venture through book writing. Biadasz's advice helps the &quot;forever, never happen&quot; syndrome, people have torched on me, seem to float away. He elaborates on the planning, publishing and selling of your book in our modern markets. I am a big fan of Peter Biadasz work and &quot;Write Your First Book&quot; is a gift he has given to readers, one that I am grateful for.</body><tokens>i have been counseled on book writing--people telling me it will take forever or you just have to focus--not so encouraging . as i start to write my very first book , i am thankful for peter biadasz 's &quot; write your first book . &quot; it is similar to working with an editor who has amazing coaching skills to get you to your goal . the book is an asset and a mentor in my venture through book writing . biadasz 's advice helps the &quot; forever , never happen &quot; syndrome , people have torched on me , seem to float away . he elaborates on the planning , publishing and selling of your book in our modern markets . i am a big fan of peter biadasz work and &quot; write your first book &quot; is a gift he has given to readers , one that i am grateful for .</tokens><lemmas>i have be counsel on book &lt;unknown&gt; tell me it will take forever or you just have to &lt;unknown&gt; so encouraging . as i start to write my very first book , i be thankful for peter &lt;unknown&gt; be &quot; write your first book . &quot; it be similar to work with an editor who have amazing coaching skill to get you to your goal . the book be an asset and a mentor in my venture through book writing . &lt;unknown&gt; 's advice help the &quot; forever , never happen &quot; syndrome , people have torch on me , seem to float away . he elaborate on the planning , publish and sell of your book in our modern market . i be a big fan of peter &lt;unknown&gt; work and &quot; write your first book &quot; be a gift he have give to reader , one that i be grateful for . </lemmas><pos>NNS VBP VBN VBN IN NN NN VBG PP PP MD VB RB CC PP RB VB TO VB RB JJ SENT IN NP VBP TO VB PP$ RB JJ NN , NNS VBP JJ IN NN NN VBZ `` VB PP$ JJ NN SENT `` PP VBZ JJ TO VBG IN DT NN WP VBZ JJ NN NNS TO VB PP TO PP$ NN SENT DT NN VBZ DT NN CC DT NN IN PP$ NN IN NN NN SENT NP POS NN VBZ DT `` RB , RB VB `` NN , NNS VBP VBN IN PP , VBP TO VB RB SENT PP VBZ IN DT NN , VBG CC VBG IN PP$ NN IN PP$ JJ NNS SENT NP VBP DT JJ NN IN NN NN NN CC `` VB PP$ JJ NN '' VBZ DT NN PP VBZ VBN TO NNS , CD WDT NNS VBP JJ IN SENT </pos></review>
