<?xml version="1.0" encoding="ISO-8859-1" standalone="no"?>
<!DOCTYPE review SYSTEM "derev.dtd">
<review ID="2259" title="InfiniteExposure" writer="RolandHughes" author="MihirShah" date="December 9, 2011" stars="5" suspectbook="1" unknownpurchase="1" nickname="1" cluster="1" allcluesclass="0" threecluesclass="0" sumclues="4" realclass="0" fold="7"><object>Consequences of Corporate Greed and IT Outsourcing: Relevant Literature</object><body>Before the devastating events of 9/11, no one really thought America was vulnerable to any external influences. Roland Hughes' Infinite Exposure, revolving around Nedim, is a wake-up call warning everyone that terror can take many shapes, especially in this technologically advanced word. Hughes suggests that terrorists can turn the financial world upside down in the United States and dwarf the destruction of 9/11 using technology. After reading this thought-provoking book, the audience will undoubtedly question any and all who may require their personal contact information. Today, the United States outsources most of its work to offshore locations and other countries, where the jurisdiction may be limited and terrorists would not have a difficult time accessing an individuals' personal information. The following passage depicts the consequences of corporate greed and outsourcing IT work: &quot;Not only were the martyrs being paid to come into the country and kill Americans, they were putting Americans out of jobs from day one.&quot; Rather than forcing ideas down reader's throats, Hughes outlines the facts. The audience can decide for themselves how valid and credible Hughes' statements are. The book, in its entirety, is well written, genuine, innovative, and an extremely relevant piece of literature.</body><tokens>before the devastating events of 9 / 11 , no one really thought america was vulnerable to any external influences . roland hughes &quot; infinite exposure , revolving around nedim , is a wake-up call warning everyone that terror can take many shapes , especially in this technologically advanced word . hughes suggests that terrorists can turn the financial world upside down in the united states and dwarf the destruction of 9 / 11 using technology . after reading this thought-provoking book , the audience will undoubtedly question any and all who may require their personal contact information . today , the united states outsources most of its work to offshore locations and other countries , where the jurisdiction may be limited and terrorists would not have a difficult time accessing an individuals &quot; personal information . the following passage depicts the consequences of corporate greed and outsourcing it work : &quot; not only were the martyrs being paid to come into the country and kill americans , they were putting americans out of jobs from day one . &quot; rather than forcing ideas down reader 's throats , hughes outlines the facts . the audience can decide for themselves how valid and credible hughes &quot; statements are . the book , in its entirety , is well written , genuine , innovative , and an extremely relevant piece of literature .</tokens><lemmas>before the devastating event of 9 / @card@ , no one really think &lt;unknown&gt; be vulnerable to any external influence . &lt;unknown&gt; &lt;unknown&gt; &quot; infinite exposure , revolve around &lt;unknown&gt; , be a wake-up call warn everyone IN terror can take many shape , especially in this technologically advanced word . &lt;unknown&gt; suggest IN terrorist can turn the financial world upside down in the unite state and dwarf the destruction of 9 / @card@ use technology . after read this thought-provoking book , the audience will undoubtedly question any and all who may require their personal contact information . today , the unite state &lt;unknown&gt; most of its work to offshore location and other country , where the jurisdiction may be limit and terrorist would not have a difficult time access an individual &quot; personal information . the follow passage depict the consequence of corporate greed and outsource it work : &quot; not only be the martyr be pay to come into the country and kill American , they be put American out of job from day one . &quot; rather than force idea down reader 's throat , &lt;unknown&gt; outline the fact . the audience can decide for themselves how valid and credible &lt;unknown&gt; &quot; statement be . the book , in its entirety , be well written , genuine , innovative , and an extremely relevant piece of literature . </lemmas><pos>IN DT JJ NNS IN CD SYM CD , RB CD RB VBN NN VBD JJ TO DT JJ NNS SENT NN NNS `` JJ NN , VBG IN NN , VBZ DT JJ NN VBG NN  NN MD VB JJ NNS , RB IN DT RB JJ NN SENT NNS VBZ  NNS MD VB DT JJ NN RB RB IN DT VBN NNS CC VB DT NN IN CD SYM CD VBG NN SENT IN VBG DT JJ NN , DT NN MD RB VB DT CC DT WP MD VB PP$ JJ NN NN SENT NN , DT VBN NNS NNS JJS IN PP$ NN TO JJ NNS CC JJ NNS , WRB DT NN MD VB VBN CC NNS MD RB VB DT JJ NN VBG DT NNS `` JJ NN SENT DT VBG NN VBZ DT NNS IN JJ NN CC VBG PP VBP : `` RB RB VBD DT NNS VBG VBN TO VB IN DT NN CC NN NNS , PP VBD VBG NNS RP IN NNS IN NN CD SENT '' RB IN VBG NNS IN NN POS NNS , NN VBZ DT NNS SENT DT NN MD VB IN PP WRB JJ CC JJ NNS '' NNS VBP SENT DT NN , IN PP$ NN , VBZ RB JJ , JJ , JJ , CC DT RB JJ NN IN NN SENT </pos></review>
