<?xml version="1.0" encoding="ISO-8859-1" standalone="no"?>
<!DOCTYPE review SYSTEM "derev.dtd">
<review ID="1365" title="FinalDestination" writer="AnkurChoudhury" author="MihirShah" date="February 27, 2011" stars="5" suspectbook="1" unknownpurchase="1" nickname="1" cluster="1" allcluesclass="0" threecluesclass="0" sumclues="4" realclass="0" fold="5"><object>One Evil Moment is All it Takes</object><body>Ankur Choudhury's Final Destination is a moving book of poetry that discusses a man's journey of adversity and fighting a destiny of miseries and crooked paths on the way to the final destination, death--essentially a finish line that can't be crossed, a full stop.  Revolving around sorrow and the darker realities of life, Choudhury's poetry is a testament to the &quot;me against the world philosophy.&quot;  An especially powerful passage from his first poem &quot;Me Against Myself' reads &quot;In this arena of life that I've lost and won, Shadowed by darkness  and burned by the sun-- And as teary eyes welcome this battle, I see that me against myself has just begun.&quot; Beneath the gloom of doom and death, however, there is considerable emphasis on the journey of life.  Often times, one event can inspire and one event can change the course of one's life. Final Destination depicts the death of Ankur's mother, and the absolutely devastating, even destructive impact on his life. Drowning in alcohol and loneliness, Choudhury inflicted with doubt and fear; however, he remained afloat in search for joy, hoping that one day he would be surrounded left and right in happiness.  In a beautiful, yet harrowing way, he describes his state of being as a living corpse, for &quot;breathing through the nose is a corpse still alive.&quot; Poetry often brings out the honest and genuine feelings of an individual.  Final Destination does just that and is a must read.</body><tokens>ankur choudhury 's final destination is a moving book of poetry that discusses a man 's journey of adversity and fighting a destiny of miseries and crooked paths on the way to the final destination , death--essentially a finish line that ca n't be crossed , a full stop . revolving around sorrow and the darker realities of life , choudhury 's poetry is a testament to the &quot; me against the world philosophy . &quot; an especially powerful passage from his first poem &quot; me against myself &quot; reads &quot; in this arena of life that i 've lost and won , shadowed by darkness and burned by the sun-- and as teary eyes welcome this battle , i see that me against myself has just begun . &quot; beneath the gloom of doom and death , however , there is considerable emphasis on the journey of life . often times , one event can inspire and one event can change the course of one 's life . final destination depicts the death of ankur 's mother , and the absolutely devastating , even destructive impact on his life . drowning in alcohol and loneliness , choudhury inflicted with doubt and fear ; however , he remained afloat in search for joy , hoping that one day he would be surrounded left and right in happiness . in a beautiful , yet harrowing way , he describes his state of being as a living corpse , for &quot; breathing through the nose is a corpse still alive . &quot; poetry often brings out the honest and genuine feelings of an individual . final destination does just that and is a must read .</tokens><lemmas>Ankur Choudhury 's final destination be a move book of poetry that discuss a man 's journey of adversity and fight a destiny of misery and crooked path on the way to the final destination , &lt;unknown&gt; a finish line that ca n't be cross , a full stop . revolve around sorrow and the dark reality of life , &lt;unknown&gt; 's poetry be a testament to the &quot; me against the world philosophy . &quot; an especially powerful passage from his first poem &quot; me against myself &quot; read &quot; in this arena of life IN i have lose and win , shadow by darkness and burn by the &lt;unknown&gt; and as teary eye welcome this battle , i see IN me against myself have just begin . &quot; beneath the gloom of doom and death , however , there be considerable emphasis on the journey of life . often time , one event can inspire and one event can change the course of one 's life . final destination depict the death of Ankur 's mother , and the absolutely devastating , even destructive impact on his life . drown in alcohol and loneliness , &lt;unknown&gt; inflict with doubt and fear ; however , he remain afloat in search for joy , hope IN one day he would be surround left and right in happiness . in a beautiful , yet harrow way , he describe his state of be as a live corpse , for &quot; breathe through the nose be a corpse still alive . &quot; poetry often bring out the honest and genuine feeling of an individual . final destination do just IN and be a must read . </lemmas><pos>NP NP POS JJ NN VBZ DT VBG NN IN NN WDT VBZ DT NN POS NN IN NN CC VBG DT NN IN NNS CC JJ NNS IN DT NN TO DT JJ NN , RB DT NN NN WDT MD RB VB VBN , DT JJ NN SENT VBG IN NN CC DT JJR NNS IN NN , NN POS NN VBZ DT NN TO DT `` FW IN DT NN NN SENT `` DT RB JJ NN IN PP$ JJ NN '' PP IN PP `` VBZ `` IN DT NN IN NN  NNS VBP VBN CC VBN , VBN IN NN CC VBN IN DT NN CC IN NN NNS VBP DT NN , NNS VBP  PP IN PP VBZ RB VBN SENT '' IN DT NN IN NN CC NN , RB , EX VBZ JJ NN IN DT NN IN NN SENT RB NNS , CD NN MD VB CC CD NN MD VB DT NN IN CD POS NN SENT JJ NN VBZ DT NN IN NP POS NN , CC DT RB JJ , RB JJ NN IN PP$ NN SENT VBG IN NN CC NN , NN VBD IN NN CC NN : RB , PP VBD RB IN NN IN NN , VBG  CD NN PP MD VB VBN RB CC RB IN NN SENT IN DT JJ , RB VBG NN , PP VBZ PP$ NN IN VBG IN DT VBG NN , IN `` VBG IN DT NN VBZ DT NN RB JJ SENT '' NN RB VBZ RP DT JJ CC JJ NNS IN DT NN SENT JJ NN VBZ RB  CC VBZ DT MD VB SENT </pos></review>
