<?xml version="1.0" encoding="ISO-8859-1" standalone="no"?>
<!DOCTYPE review SYSTEM "derev.dtd">
<review ID="5434" title="TheFlip" writer="SidneyPotter" author="LBrown" date="December 1, 2010" stars="5" suspectbook="1" unknownpurchase="1" nickname="1" cluster="1" allcluesclass="0" threecluesclass="0" sumclues="4" realclass="0" fold="0"><object>A book that will teach more about flipping than you'd expect!</object><body>D Sidney Potter flipped me to another realm. He completely astounded me with his technique and quality and gave his readers some &quot;realness&quot; about flipping. It is all over the TV and seems to be a talked about even on the streets. So, my thrill, I have to be honest was dwindled at the thought to read yet another book, however, Potter delivered! It was an improvement to read a book about flipping and real estate that intertwined more personal memoirs and touches.</body><tokens>d sidney potter flipped me to another realm . he completely astounded me with his technique and quality and gave his readers some &quot; realness &quot; about flipping . it is all over the tv and seems to be a talked about even on the streets . so , my thrill , i have to be honest was dwindled at the thought to read yet another book , however , potter delivered ! it was an improvement to read a book about flipping and real estate that intertwined more personal memoirs and touches .</tokens><lemmas>d &lt;unknown&gt; potter flip me to another realm . he completely astound me with his technique and quality and give his reader some &quot; realness &quot; about flip . it be all over the tv and seem to be a talk about even on the street . so , my thrill , i have to be honest be dwindle at the thought to read yet another book , however , potter deliver ! it be an improvement to read a book about flip and real estate that intertwine more personal memoir and touch . </lemmas><pos>SYM NN NN VBD PP TO DT NN SENT PP RB VBD PP IN PP$ NN CC NN CC VBD PP$ NNS DT `` NN '' IN VBG SENT PP VBZ RB IN DT NN CC VBZ TO VB DT VBD RB RB IN DT NNS SENT RB , PP$ NN , NNS VBP TO VB JJ VBD VBN IN DT NN TO VB RB DT NN , RB , VB VBN SENT PP VBD DT NN TO VB DT NN IN VBG CC JJ NN WDT VBD JJR JJ NNS CC NNS SENT </pos></review>
