<?xml version="1.0" encoding="ISO-8859-1" standalone="no"?>
<!DOCTYPE review SYSTEM "derev.dtd">
<review ID="0877" title="CircleofLies" writer="DouglasAlan" author="MihirShah" date="January 17, 2011" stars="5" suspectbook="1" unknownpurchase="1" nickname="1" cluster="1" allcluesclass="0" threecluesclass="0" sumclues="4" realclass="0" fold="3"><object>Layers of Mystery Upon Mystery-A thrilling read</object><body>Alan Douglas' Circle of Lies is a riveting page turner that affirms the old Pringles commercial, &quot;once you pop, the fun don't stop.&quot;  Now, this is not your bag of chips; instead, it's a dazzling display of tremendous plot and character development.  From the get go, readers are attached to John Delaney, an ex-cop turned lawyer.  Modeling after the Joseph Campbell's The Hero's Journey, fate puts Delaney into a situation where he must decide whether to support his childhood friend and risk his career and family, or shy away and presume him guilty. s Alan Douglas' writing style is exhilarating, prompting the reader to simply devour through the book at breakneck speed.  The plot revolves on his childhood friend, Ted Jordan, who is accused of murdering his law partner for a grand total of $500,000 dollars. Douglas incorporates so many themes into the novel (greed, good versus evil, perseverance, etc.), but none bigger than loyalty.  Despite the evidence clearly pointing to Ted Jordan, Delaney continues his investigation.  A series of events leads to Jordan's disappearance and puts Delaney at a crossroads.  Does John Delaney take the loyalty route and seek his friend or take the easy way out and let sleeping dogs lie. In Circle of Lies, there is an overarching mystery, or lie that is being concealed.  There is someone more powerful than Ted Jordan; so powerful that the government is intent on having Delaney drop the case. It's a must read book that puts Alan Douglas' thirty years of law experience on full display.  He knows the way around the court and does an excellent job of weaving in minor characters to give depth to the book.  Five-stars, highly recommended!</body><tokens>alan douglas &quot; circle of lies is a riveting page turner that affirms the old pringles commercial , &quot; once you pop , the fun do n't stop . &quot; now , this is not your bag of chips ; instead , it 's a dazzling display of tremendous plot and character development . from the get go , readers are attached to john delaney , an ex-cop turned lawyer . modeling after the joseph campbell 's the hero 's journey , fate puts delaney into a situation where he must decide whether to support his childhood friend and risk his career and family , or shy away and presume him guilty . s alan douglas &quot; writing style is exhilarating , prompting the reader to simply devour through the book at breakneck speed . the plot revolves on his childhood friend , ted jordan , who is accused of murdering his law partner for a grand total of $500 , 000 dollars . douglas incorporates so many themes into the novel ( greed , good versus evil , perseverance , etc . ) , but none bigger than loyalty . despite the evidence clearly pointing to ted jordan , delaney continues his investigation . a series of events leads to jordan 's disappearance and puts delaney at a crossroads . does john delaney take the loyalty route and seek his friend or take the easy way out and let sleeping dogs lie . in circle of lies , there is an overarching mystery , or lie that is being concealed . there is someone more powerful than ted jordan ; so powerful that the government is intent on having delaney drop the case . it 's a must read book that puts alan douglas &quot; thirty years of law experience on full display . he knows the way around the court and does an excellent job of weaving in minor characters to give depth to the book . five-stars , highly recommended !</tokens><lemmas>&lt;unknown&gt; &lt;unknown&gt; &quot; circle of lie be a riveting page turner that affirm the old &lt;unknown&gt; commercial , &quot; once you pop , the fun do n't stop . &quot; now , this be not your bag of chip ; instead , it be a dazzling display of tremendous plot and character development . from the get go , reader be attach to john &lt;unknown&gt; , an ex-cop turn lawyer . model after the joseph &lt;unknown&gt; be the hero 's journey , fate put &lt;unknown&gt; into a situation where he must decide whether to support his childhood friend and risk his career and family , or shy away and presume him guilty . &lt;unknown&gt; &lt;unknown&gt; &lt;unknown&gt; &quot; write style be exhilarate , prompt the reader to simply devour through the book at breakneck speed . the plot revolve on his childhood friend , ted &lt;unknown&gt; , who be accuse of murder his law partner for a grand total of &lt;unknown&gt; , @card@ dollar . &lt;unknown&gt; incorporate so many theme into the novel ( greed , good versus evil , perseverance , etc . ) , but none big than loyalty . despite the evidence clearly point to ted &lt;unknown&gt; , Delaney continue his investigation . a series of event lead to &lt;unknown&gt; 's disappearance and put &lt;unknown&gt; at a crossroad . do john &lt;unknown&gt; take the loyalty route and seek his friend or take the easy way out and let sleeping dog lie . in circle of lie , there be an overarching mystery , or lie that be be conceal . there be someone more powerful than ted &lt;unknown&gt; ; so powerful IN the government be intent on have &lt;unknown&gt; drop the case . it be a must read book that put &lt;unknown&gt; &lt;unknown&gt; &quot; thirty year of law experience on full display . he know the way around the court and do an excellent job of weave in minor character to give depth to the book . &lt;unknown&gt; , highly recommend ! </lemmas><pos>JJ NNS '' NN IN NNS VBZ DT JJ NN NN WDT VBZ DT JJ NNS JJ , '' RB PP VBP , DT NN VBP RB VB SENT '' RB , DT VBZ RB PP$ NN IN NNS : RB , PP VBZ DT JJ NN IN JJ NN CC NN NN SENT IN DT VBP VB , NNS VBP VBN TO NN NN , DT NN VBD NN SENT VBG IN DT NN NN VBZ DT NN POS NN , NN VBZ NN IN DT NN WRB PP MD VB IN TO VB PP$ NN NN CC VB PP$ NN CC NN , CC VB RP CC VB PP JJ SENT JJ JJ NNS '' VBG NN VBZ VBG , VBG DT NN TO RB VB IN DT NN IN JJ NN SENT DT NN VBZ IN PP$ NN NN , VB NN , WP VBZ VBN IN VBG PP$ NN NN IN DT JJ NN IN NN , CD NNS SENT NNS VBZ RB JJ NNS IN DT NN ( NN , JJ CC JJ , NN , FW SENT ) , CC NN JJR IN NN SENT IN DT NN RB VBG TO VB NN , NP VBZ PP$ NN SENT DT NN IN NNS VBZ TO NN POS NN CC VBZ NN IN DT NNS SENT VBZ NN NN VB DT NN NN CC VB PP$ NN CC VB DT JJ NN RP CC VB NN NNS VBP SENT IN NN IN NNS , EX VBZ DT JJ NN , CC NN WDT VBZ VBG VBN SENT EX VBZ NN RBR JJ IN VBP NN : RB JJ  DT NN VBZ NN IN VBG NN NN DT NN SENT PP VBZ DT MD VB NN WDT VBZ JJ NNS '' CD NNS IN NN NN IN JJ NN SENT PP VBZ DT NN IN DT NN CC VBZ DT JJ NN IN VBG IN JJ NNS TO VB NN TO DT NN SENT NNS , RB VBN SENT </pos></review>
