<?xml version="1.0" encoding="ISO-8859-1" standalone="no"?>
<!DOCTYPE review SYSTEM "derev.dtd">
<review ID="6739" title="WriteYourFirstBook" writer="PeterBiadasz" author="MihirShah" date="January 17, 2011" stars="5" suspectbook="1" unknownpurchase="1" nickname="1" cluster="1" allcluesclass="0" threecluesclass="0" sumclues="4" realclass="0" fold="5"><object>A Step-by-Step Guide to Book Writing and Publishing</object><body>Peter Biadasz' Write Your First Book is the ideal consultation source for amateur authors looking to publish or market their first books.  The most difficult aspect of book writing is getting it out there.  There are so many questions to answer.  For example, what will the structure and formatting of the book be, who will publish the book, should I self-publish, etc.  Whether you are an established author or just getting your feet wet in the industry, Peter Biasdasz will help extract the brewing ideas from within and translated them into writing. Owner of Total Publishing and Media, Biadasz has concentrated his efforts on author development for nearly fifteen years--no small feat in the publishing industry.  Author Nicci Sefton says, &quot;(Peter) helped me see that there are more steps to writing a book than just &quot;ta da,&quot; it's published; there's a process. In the end it's worth it.&quot; Overall, the best part of the book is that it ties in both the writing process and the marketing process as one unit.  Without one, the other will serve no purpose.  As a writer, it is important to know that writing alone--regardless of how much of a gem the book is--does not entitle success. To learn about Peter Biadasz' pragmatic, step-by-step approach to writing and publishing a successful book--and reaching the target audience, read and understand, Write Your First Book.  It deserves all five stars.  I highly recommend it!</body><tokens>peter biadasz &quot; write your first book is the ideal consultation source for amateur authors looking to publish or market their first books . the most difficult aspect of book writing is getting it out there . there are so many questions to answer . for example , what will the structure and formatting of the book be , who will publish the book , should i self-publish , etc . whether you are an established author or just getting your feet wet in the industry , peter biasdasz will help extract the brewing ideas from within and translated them into writing . owner of total publishing and media , biadasz has concentrated his efforts on author development for nearly fifteen years--no small feat in the publishing industry . author nicci sefton says , &quot; ( peter ) helped me see that there are more steps to writing a book than just &quot; ta da , &quot; it 's published ; there 's a process . in the end it 's worth it . &quot; overall , the best part of the book is that it ties in both the writing process and the marketing process as one unit . without one , the other will serve no purpose . as a writer , it is important to know that writing alone--regardless of how much of a gem the book is--does not entitle success . to learn about peter biadasz &quot; pragmatic , step-by-step approach to writing and publishing a successful book--and reaching the target audience , read and understand , write your first book . it deserves all five stars . i highly recommend it !</tokens><lemmas>peter &lt;unknown&gt; &quot; write your first book be the ideal consultation source for amateur author look to publish or market their first book . the most difficult aspect of book writing be get it out there . there be so many question to answer . for example , what will the structure and format of the book be , who will publish the book , should i &lt;unknown&gt; , etc . whether you be an established author or just get your foot wet in the industry , peter &lt;unknown&gt; will help extract the brewing idea from within and translate them into writing . owner of total publishing and medium , &lt;unknown&gt; have concentrate his effort on author development for nearly fifteen &lt;unknown&gt; small feat in the publishing industry . author &lt;unknown&gt; &lt;unknown&gt; say , &quot; ( peter ) help me see IN there be more step to write a book than just &quot; &lt;unknown&gt; da , &quot; it be publish ; there be a process . in the end it be worth it . &quot; overall , the good part of the book be IN it tie in both the write process and the marketing process as one unit . without one , the other will serve no purpose . as a writer , it be important to know IN write &lt;unknown&gt; of how much of a gem the book &lt;unknown&gt; not entitle success . to learn about peter &lt;unknown&gt; &quot; pragmatic , step-by-step approach to write and publish a successful &lt;unknown&gt; reach the target audience , read and understand , write your first book . it deserve all five star . i highly recommend it ! </lemmas><pos>NN NN `` VB PP$ JJ NN VBZ DT JJ NN NN IN JJ NNS VBG TO VB CC VB PP$ JJ NNS SENT DT RBS JJ NN IN NN NN VBZ VBG PP RP RB SENT EX VBP RB JJ NNS TO VB SENT IN NN , WP MD DT NN CC VBG IN DT NN VB , WP MD VB DT NN , MD NP NN , FW SENT IN PP VBP DT JJ NN CC RB VBG PP$ NNS VBN IN DT NN , NN NN MD VB VB DT NN NNS IN IN CC VBN PP IN NN SENT NN IN JJ NN CC NNS , NP VBZ VBN PP$ NNS IN NN NN IN RB CD NN JJ NN IN DT NN NN SENT NN NN NN VBZ , `` ( NN ) VBD PP VBP  EX VBP JJR NNS TO VBG DT NN IN RB `` JJ NN , `` PP VBZ VBN : EX VBZ DT NN SENT IN DT NN PP VBZ JJ PP SENT '' RB , DT JJS NN IN DT NN VBZ  PP VBZ IN CC DT VBG NN CC DT NN NN IN CD NN SENT IN CD , DT JJ MD VB DT NN SENT IN DT NN , PP VBZ JJ TO VB  VBG JJ IN WRB JJ IN DT NN DT NN VBZ RB VB NN SENT TO VB IN NN NN `` JJ , NN NN TO VBG CC VBG DT JJ NN VBG DT NN NN , VB CC VB , VB PP$ JJ NN SENT PP VBZ DT CD NNS SENT NP RB VB PP SENT </pos></review>
