<?xml version="1.0" encoding="ISO-8859-1" standalone="no"?>
<!DOCTYPE review SYSTEM "derev.dtd">
<review ID="4178" title="SolonIce" writer="TitanRaines" author="MihirShah" date="February 26, 2011" stars="5" suspectbook="1" unknownpurchase="1" nickname="1" cluster="1" allcluesclass="0" threecluesclass="0" sumclues="4" realclass="0" fold="0"><object>A New Perspective on Race, A Man's Journey to Self Discovery</object><body>Men like Henry David Thoreau have realized that they must remove themselves from society and civilization if they are going to achieve the notion of self discovery.  Titan Raines' Sol on Ice: Race and a Taste of Ayahuasca Shaminism reminds me of Walden, with the exception that the text is a first-hand account of the author's observations in a rainforest in Peru.  The sacred hallucinogen, as Raines describes the illegal substance ayahuasca--at a shamanism workshop in 2009--draws Westerners from all over in hopes that it will heal their problems from drug and alcohol addiction, depression, anxiety, post traumatic stress disorder, etc.  Back in New York, Raines' is left to ponder over his experiences, the impact of the ayahuasca, and more importantly, the numerous questions his trip to South America triggered.  Raines brings back much of what he has learned--and not learned-- back to New York, ranging from exploring his own African American heritage to ideas about racism and other life altering issues.  Raines notices that by &quot;acknowledging and accepting these fears&quot; he was essentially transforming them.  Read Sol on Ice to learn more about Titan Raines' struggle to uplift himself from poverty, and the inherent bitterness and inbred anger resulting from the abuse of his race.  More than anything else, Sol on Ice teaches Raines, and the individual how to dig deeper into the layers of conscience and address the burden of fitting in and finding your niche in the world.</body><tokens>men like henry david thoreau have realized that they must remove themselves from society and civilization if they are going to achieve the notion of self discovery . titan raines &quot; sol on ice : race and a taste of ayahuasca shaminism reminds me of walden , with the exception that the text is a first-hand account of the author 's observations in a rainforest in peru . the sacred hallucinogen , as raines describes the illegal substance ayahuasca--at a shamanism workshop in 2009--draws westerners from all over in hopes that it will heal their problems from drug and alcohol addiction , depression , anxiety , post traumatic stress disorder , etc . back in new york , raines &quot; is left to ponder over his experiences , the impact of the ayahuasca , and more importantly , the numerous questions his trip to south america triggered . raines brings back much of what he has learned--and not learned-- back to new york , ranging from exploring his own african american heritage to ideas about racism and other life altering issues . raines notices that by &quot; acknowledging and accepting these fears &quot; he was essentially transforming them . read sol on ice to learn more about titan raines &quot; struggle to uplift himself from poverty , and the inherent bitterness and inbred anger resulting from the abuse of his race . more than anything else , sol on ice teaches raines , and the individual how to dig deeper into the layers of conscience and address the burden of fitting in and finding your niche in the world .</tokens><lemmas>man like henry &lt;unknown&gt; &lt;unknown&gt; have realize IN they must remove themselves from society and civilization if they be go to achieve the notion of self discovery . titan &lt;unknown&gt; &quot; sol on ice : race and a taste of ayahuasca &lt;unknown&gt; remind me of &lt;unknown&gt; , with the exception IN the text be a first-hand account of the author 's observation in a rainforest in Peru . the sacred hallucinogen , as &lt;unknown&gt; describe the illegal substance &lt;unknown&gt; a shamanism workshop in &lt;unknown&gt; westerner from all over in hope IN it will heal their problem from drug and alcohol addiction , depression , anxiety , post traumatic stress disorder , etc . back in new york , &lt;unknown&gt; &quot; be leave to ponder over his experience , the impact of the ayahuasca , and more importantly , the numerous question his trip to south &lt;unknown&gt; trigger . &lt;unknown&gt; bring back much of what he have &lt;unknown&gt; not &lt;unknown&gt; back to new york , range from explore his own &lt;unknown&gt; American heritage to idea about racism and other life alter issue . &lt;unknown&gt; notice IN by &quot; acknowledge and accept these fear &quot; he be essentially transform them . read sol on ice to learn more about titan &lt;unknown&gt; &quot; struggle to uplift himself from poverty , and the inherent bitterness and inbred anger result from the abuse of his race . more than anything else , sol on ice teach &lt;unknown&gt; , and the individual how to dig deep into the layer of conscience and address the burden of fit in and find your niche in the world . </lemmas><pos>NNS IN NN NN NN VBP VBN  PP MD VB PP IN NN CC NN IN PP VBP VBG TO VB DT NN IN NN NN SENT NN NNS '' NN IN NN : NN CC DT NN IN NN NN VBZ PP IN NN , IN DT NN  DT NN VBZ DT JJ NN IN DT NN POS NNS IN DT NN IN NN SENT DT JJ NN , IN NNS VBZ DT JJ NN NN DT NN NN IN JJ NNS IN DT IN IN NNS  PP MD VB PP$ NNS IN NN CC NN NN , NN , NN , VB JJ NN NN , FW SENT RB IN JJ VBP , NNS `` VBZ VBN TO VB RP PP$ NNS , DT NN IN DT NN , CC RBR RB , DT JJ NNS PP$ NN TO JJ NN VBD SENT NNS VBZ RB RB IN WP PP VBZ NN RB JJ RB TO JJ VBP , VBG IN VBG PP$ JJ NN NN NN TO NNS IN NN CC JJ NN VBG NNS SENT NNS VBZ  IN `` VBG CC VBG DT NNS `` PP VBD RB VBG PP SENT VBN NN IN NN TO VB JJR IN NN NNS '' NN TO VB PP IN NN , CC DT JJ NN CC JJ NN VBG IN DT NN IN PP$ NN SENT JJR IN NN RB , NN IN NN VBZ NNS , CC DT NN WRB TO VB JJR IN DT NNS IN NN CC VB DT NN IN VBG RP CC VBG PP$ NN IN DT NN SENT </pos></review>
