<?xml version="1.0" encoding="ISO-8859-1" standalone="no"?>
<!DOCTYPE review SYSTEM "derev.dtd">
<review ID="3102" title="NoIDontWanttoPlayToday" writer="BrendaJones" author="MizBanks" date="March 11, 2011" stars="5" suspectbook="1" unknownpurchase="1" nickname="1" cluster="1" allcluesclass="0" threecluesclass="0" sumclues="4" realclass="0" fold="9"><object>Great Teaching and Learning Tool for Parents and Teachers</object><body>No, I Don't Want to Play Today: An African Tale about Bullying is a wonderful teaching tool that can be used for any age to encourage discussion about the act of bullying. Bullying is, unfortunately, a widespread epidemic in the United States, and is becoming an increasingly complex topic to address. The great thing about this story of bully &quot;Larry the Lion,&quot; is that is states simply that everyone is different, and treating others with kindness is the only way to make and keep friends. Brenda Jones hit the nail on the head. Her book should be purchased for every teacher's, parent's and school's library, and used to initiate conversations on how to be kind to everyone.</body><tokens>no , i do n't want to play today : an african tale about bullying is a wonderful teaching tool that can be used for any age to encourage discussion about the act of bullying . bullying is , unfortunately , a widespread epidemic in the united states , and is becoming an increasingly complex topic to address . the great thing about this story of bully &quot; larry the lion , &quot; is that is states simply that everyone is different , and treating others with kindness is the only way to make and keep friends . brenda jones hit the nail on the head . her book should be purchased for every teacher 's , parent 's and school 's library , and used to initiate conversations on how to be kind to everyone .</tokens><lemmas>no , i do n't want to play today : an African tale about bully be a wonderful teaching tool that can be use for any age to encourage discussion about the act of bully . bully be , unfortunately , a widespread epidemic in the unite state , and be become an increasingly complex topic to address . the great thing about this story of bully &quot; &lt;unknown&gt; the lion , &quot; be that be state simply IN everyone be different , and treat other with kindness be the only way to make and keep friend . &lt;unknown&gt; &lt;unknown&gt; hit the nail on the head . her book should be purchase for every teacher 's , parent be and school 's library , and use to initiate conversation on how to be kind to everyone . </lemmas><pos>RB , NNS VBP RB VB TO VB NN : DT JJ NN RB VBG VBZ DT JJ NN NN WDT MD VB VBN IN DT NN TO VB NN IN DT NN IN VBG SENT VBG VBZ , RB , DT JJ NN IN DT VBN NNS , CC VBZ VBG DT RB JJ NN TO VB SENT DT JJ NN IN DT NN IN NN '' NN DT NN , '' VBZ WDT VBZ NNS RB  NN VBZ JJ , CC VBG NNS IN NN VBZ DT JJ NN TO VB CC VB NNS SENT NN NNS VBD DT NN IN DT NN SENT PP$ NN MD VB VBN IN DT NN POS , NN VBZ CC NN POS NN , CC VBD TO VB NNS IN WRB TO VB JJ TO NN SENT </pos></review>
