<?xml version="1.0" encoding="ISO-8859-1" standalone="no"?>
<!DOCTYPE review SYSTEM "derev.dtd">
<review ID="2628" title="LetterstoEthan" writer="TomMcQueen" author="MizBanks" date="November 8, 2010" stars="5" suspectbook="1" unknownpurchase="1" nickname="1" cluster="1" allcluesclass="0" threecluesclass="0" sumclues="4" realclass="0" fold="8"><object>Loving God, loving others</object><body>A life lived well, rooted in faith in God and full of healthy interpersonal relationships, is the greatest example that can be modeled to children and grandchildren. In Letters to Ethan, author Tom McQueen demonstrates how to further a rich family legacy through a series of letters written to his first grandchild. McQueen teaches Ethan in the simplest of terms the extraordinary benefits of loving God and loving others. Through these letters, readers will find inspiration and encouragement for the challenging, yet rewarding task, of guiding the precious children in their lives.</body><tokens>a life lived well , rooted in faith in god and full of healthy interpersonal relationships , is the greatest example that can be modeled to children and grandchildren . in letters to ethan , author tom mcqueen demonstrates how to further a rich family legacy through a series of letters written to his first grandchild . mcqueen teaches ethan in the simplest of terms the extraordinary benefits of loving god and loving others . through these letters , readers will find inspiration and encouragement for the challenging , yet rewarding task , of guiding the precious children in their lives .</tokens><lemmas>a life live well , root in faith in god and full of healthy interpersonal relationship , be the great example that can be model to child and grandchild . in letter to &lt;unknown&gt; , author tom Mcqueen demonstrate how to further a rich family legacy through a series of letter write to his first grandchild . Mcqueen teach &lt;unknown&gt; in the simple of term the extraordinary benefit of loving god and loving other . through these letter , reader will find inspiration and encouragement for the challenging , yet rewarding task , of guide the precious child in their life . </lemmas><pos>DT NN VBD RB , VBN IN NN IN NN CC JJ IN JJ JJ NNS , VBZ DT JJS NN WDT MD VB VBN TO NNS CC NNS SENT IN NNS TO NN , NN NN NP VBZ WRB TO VB DT JJ NN NN IN DT NN IN NNS VBN TO PP$ JJ NN SENT NP VBZ NN IN DT JJS IN NNS DT JJ NNS IN JJ NN CC JJ NNS SENT IN DT NNS , NNS MD VB NN CC NN IN DT JJ , RB JJ NN , IN VBG DT JJ NNS IN PP$ NNS SENT </pos></review>
