<?xml version="1.0" encoding="ISO-8859-1" standalone="no"?>
<!DOCTYPE review SYSTEM "derev.dtd">
<review ID="4402" title="TheBookofFiveRingsfromSmarterComics" writer="MiyamotoMusashi" author="MihirShah" date="November 3, 2011" stars="5" suspectbook="1" unknownpurchase="1" nickname="1" cluster="1" allcluesclass="0" threecluesclass="0" sumclues="4" realclass="0" fold="1"><object>The Perfect Book for the Warrior Mentality</object><body>We live in a world where &quot;dog-eat-dog world&quot; and &quot;it's me against the world&quot; stigmas are prevalent.  While it would be nice to live in a utopian world of peace and comfort, this is simply wishful thinking. Winning isn't simply an ambition, but a necessity for survival in the 21st century.  17th century Samurai warrior Miyamoto Musashi's The Book of Five Rings is available in comic book edition through SmarterComics.  As sequels and remakes re-kindle fond memories of original classics, Franco Arda's SmarterComics takes prominent books such as The Book of Five Rings and Machiavelli's The Prince and essentially transitions these books for 21st century audience consumption. With more pictures, stunning visual graphics, shorter lengths, and much the same substances, SmarterComics The Book of Five Rings conveys the same essential points as the original, while creating a finished product that will cater to the majority of demographics.  For all of the warrior mentality, swordsmanship aficionados, and the ultimate strategists, The Book of Five Rings from SmarterComics is a must.</body><tokens>we live in a world where &quot; dog-eat-dog world &quot; and &quot; it 's me against the world &quot; stigmas are prevalent . while it would be nice to live in a utopian world of peace and comfort , this is simply wishful thinking . winning is n't simply an ambition , but a necessity for survival in the 21st century . 17th century samurai warrior miyamoto musashi 's the book of five rings is available in comic book edition through smartercomics . as sequels and remakes re-kindle fond memories of original classics , franco arda 's smartercomics takes prominent books such as the book of five rings and machiavelli 's the prince and essentially transitions these books for 21st century audience consumption . with more pictures , stunning visual graphics , shorter lengths , and much the same substances , smartercomics the book of five rings conveys the same essential points as the original , while creating a finished product that will cater to the majority of demographics . for all of the warrior mentality , swordsmanship aficionados , and the ultimate strategists , the book of five rings from smartercomics is a must .</tokens><lemmas>we live in a world where &quot; dog-eat-dog world &quot; and &quot; it be me against the world &quot; stigma be prevalent . while it would be nice to live in a utopian world of peace and comfort , this be simply wishful thinking . win be n't simply an ambition , but a necessity for survival in the 21st century . 17th century samurai warrior Miyamoto Musashi be the book of five ring be available in comic book edition through &lt;unknown&gt; . as sequel and remake &lt;unknown&gt; fond memory of original classic , &lt;unknown&gt; &lt;unknown&gt; 's &lt;unknown&gt; take prominent book such as the book of five ring and &lt;unknown&gt; be the prince and essentially transition these book for 21st century audience consumption . with more picture , stunning visual graphics , short length , and much the same substance , &lt;unknown&gt; the book of five ring convey the same essential point as the original , while create a finished product that will cater to the majority of demographic . for all of the warrior mentality , swordsmanship aficionado , and the ultimate strategist , the book of five ring from &lt;unknown&gt; be a must . </lemmas><pos>PP VBP IN DT NN WRB `` NN NN '' CC `` PP VBZ PP IN DT NN `` NNS VBP JJ SENT IN PP MD VB JJ TO VB IN DT JJ NN IN NN CC NN , DT VBZ RB JJ NN SENT VBG VBZ RB RB DT NN , CC DT NN IN NN IN DT JJ NN SENT JJ NN NN NN NP NP VBZ DT NN IN CD NNS VBZ JJ IN JJ NN NN IN NNS SENT IN NNS CC NNS VBP JJ NNS IN JJ NNS , NN NN POS NN VBZ JJ NNS JJ IN DT NN IN CD NNS CC NNS VBZ DT NN CC RB NNS DT NNS IN JJ NN NN NN SENT IN JJR NNS , JJ JJ NNS , JJR NNS , CC RB DT JJ NNS , NNS DT NN IN CD NNS VBZ DT JJ JJ NNS IN DT JJ , IN VBG DT JJ NN WDT MD VB TO DT NN IN NNS SENT IN DT IN DT NN NN , NN NNS , CC DT JJ NNS , DT NN IN CD NNS IN NNS VBZ DT MD SENT </pos></review>
