<?xml version="1.0" encoding="ISO-8859-1" standalone="no"?>
<!DOCTYPE review SYSTEM "derev.dtd">
<review ID="6523" title="VoiceofConscience" writer="BehcetKaya" author="MihirShah" date="June 10, 2011" stars="5" suspectbook="1" unknownpurchase="1" nickname="1" cluster="1" allcluesclass="0" threecluesclass="0" sumclues="4" realclass="0" fold="4"><object>A Beautifully-Written Haunting Tragedy</object><body>Voice of Conscience is a riveting rollercoaster that finds the protagonist, Ramzi, being thrust into a dangerous world following the untimely murder of his family.  Formerly a small-village boy in Eastern Turkey, Ramzi is forced to assume a new level of maturity as he lands in London, still reeling from the loss--and consumed by thoughts of revenge.  In an interesting twist, Ramzi finds the unexpected in sunny California: love and a new life.  However, can he survive the voice of his conscience that constantly reminds him of the atrocities and injustice committed against his family?  Often times, liberation and peace can only be attained when returning full circle at the scene of the crime; facing the demons of the past.  Ramzi finds this out the hard way as his obsession and haunting memories pull him back to where it all started, leaving the readers in for a startling finish.  Rich with meaning and unique flavor of culture and family, Voice of Conscience is a must-read combination of many different alluring elements--brewing romance, family tragedy, terror, vengeance, etc.</body><tokens>voice of conscience is a riveting rollercoaster that finds the protagonist , ramzi , being thrust into a dangerous world following the untimely murder of his family . formerly a small-village boy in eastern turkey , ramzi is forced to assume a new level of maturity as he lands in london , still reeling from the loss--and consumed by thoughts of revenge . in an interesting twist , ramzi finds the unexpected in sunny california : love and a new life . however , can he survive the voice of his conscience that constantly reminds him of the atrocities and injustice committed against his family ? often times , liberation and peace can only be attained when returning full circle at the scene of the crime ; facing the demons of the past . ramzi finds this out the hard way as his obsession and haunting memories pull him back to where it all started , leaving the readers in for a startling finish . rich with meaning and unique flavor of culture and family , voice of conscience is a must-read combination of many different alluring elements--brewing romance , family tragedy , terror , vengeance , etc .</tokens><lemmas>voice of conscience be a riveting rollercoaster that find the protagonist , Ramzi , be thrust into a dangerous world follow the untimely murder of his family . formerly a &lt;unknown&gt; boy in eastern turkey , Ramzi be force to assume a new level of maturity as he land in &lt;unknown&gt; , still reel from the &lt;unknown&gt; consume by thought of revenge . in an interesting twist , Ramzi find the unexpected in sunny &lt;unknown&gt; : love and a new life . however , can he survive the voice of his conscience that constantly remind him of the atrocity and injustice commit against his family ? often time , liberation and peace can only be attain when return full circle at the scene of the crime ; face the demon of the past . Ramzi find this out the hard way as his obsession and haunting memory pull him back to where it all start , leave the reader in for a startling finish . rich with meaning and unique flavor of culture and family , voice of conscience be a must-read combination of many different alluring &lt;unknown&gt; romance , family tragedy , terror , vengeance , etc . </lemmas><pos>NN IN NN VBZ DT JJ NN WDT VBZ DT NN , NP , VBG VBN IN DT JJ NN VBG DT JJ NN IN PP$ NN SENT RB DT NN NN IN JJ NN , NP VBZ VBN TO VB DT JJ NN IN NN IN PP VBZ IN NN , RB VBG IN DT NN VBN IN NNS IN NN SENT IN DT JJ NN , NP VBZ DT JJ IN JJ NN : NN CC DT JJ NN SENT RB , MD PP VB DT NN IN PP$ NN WDT RB VBZ PP IN DT NNS CC NN VBN IN PP$ NN SENT RB NNS , NN CC NN MD RB VB VBN WRB VBG JJ NN IN DT NN IN DT NN : VBG DT NNS IN DT NN SENT NP VBZ DT IN DT JJ NN IN PP$ NN CC NN NNS VBP PP RB TO WRB PP RB VBD , VBG DT NNS IN IN DT JJ NN SENT JJ IN NN CC JJ NN IN NN CC NN , NN IN NN VBZ DT NN NN IN JJ JJ JJ NN NN , NN NN , NN , NN , FW SENT </pos></review>
