<?xml version="1.0" encoding="ISO-8859-1" standalone="no"?>
<!DOCTYPE review SYSTEM "derev.dtd">
<review ID="5804" title="TheLightofInnocence" writer="CarlMarshall" author="MihirShah" date="October 21, 2010" stars="5" suspectbook="1" unknownpurchase="1" nickname="1" cluster="1" allcluesclass="0" threecluesclass="0" sumclues="4" realclass="0" fold="2"><object>An inspirational pathway to self realization</object><body>Carl Marshall's the Light of Innocence is an inspirational, albeit revolutionary attempt to instruct mankind to return to innocence through baptism.  The book emphasizes that  Baptism returns the human state of mind to its innocent origins.  Alluding to biblical tales of the Temple of Abraham and Yahweh, Marshall strives to create spiritual awareness of the all-encompassing belief in Jesus Christ.  All parts of this piece are brimming with confidence and unconditional belief in Jesus Christ as the savior.</body><tokens>carl marshall 's the light of innocence is an inspirational , albeit revolutionary attempt to instruct mankind to return to innocence through baptism . the book emphasizes that baptism returns the human state of mind to its innocent origins . alluding to biblical tales of the temple of abraham and yahweh , marshall strives to create spiritual awareness of the all-encompassing belief in jesus christ . all parts of this piece are brimming with confidence and unconditional belief in jesus christ as the savior .</tokens><lemmas>carl &lt;unknown&gt; be the light of innocence be an inspirational , albeit revolutionary attempt to instruct mankind to return to innocence through baptism . the book emphasize IN baptism return the human state of mind to its innocent origin . allude to biblical tale of the temple of Abraham and &lt;unknown&gt; , Marshall strive to create spiritual awareness of the all-encompassing belief in &lt;unknown&gt; &lt;unknown&gt; . all part of this piece be brim with confidence and unconditional belief in &lt;unknown&gt; &lt;unknown&gt; as the savior . </lemmas><pos>NN NN VBZ DT NN IN NN VBZ DT JJ , IN JJ NN TO VB NN TO VB TO NN IN NN SENT DT NN VBZ  NN VBZ DT JJ NN IN NN TO PP$ JJ NNS SENT VBG TO JJ NNS IN DT NN IN NP CC NP , NP VBZ TO VB JJ NN IN DT JJ NN IN NN NN SENT DT NNS IN DT NN VBP VBG IN NN CC JJ NN IN NN NN IN DT NN SENT </pos></review>
