<?xml version="1.0" encoding="ISO-8859-1" standalone="no"?>
<!DOCTYPE review SYSTEM "derev.dtd">
<review ID="1304" title="FacesSoulsPaintedCrows" writer="RudiUnterthiner" author="MizBanks" date="February 11, 2011" stars="5" suspectbook="1" unknownpurchase="1" nickname="1" cluster="1" allcluesclass="0" threecluesclass="0" sumclues="4" realclass="0" fold="7"><object>Thoughtful and Poetic Story of Love, Life and Death</object><body>Wow. Faces, Souls, and Painted Crows by Rudi Unterthiner is a great read. It was the most pleasant surprise I've encountered in a quite some time. When reading Rudi's introduction, which included an apology for some reason, I wasn't sure what I was headed for, but conversely, I was hooked just reading the Prologue. It's written in a very poetic and thoughtful manner even though a main premise is Aesthetic Surgery. It makes you look at cosmetic surgery in a different light because it examines the most important of human ideals - interpersonal relationships and the fluidity of life and death - in relation to it. If you love to read, and enjoy the mental dance that great storytellers invite you to, you will not want to miss this one.</body><tokens>wow . faces , souls , and painted crows by rudi unterthiner is a great read . it was the most pleasant surprise i 've encountered in a quite some time . when reading rudi 's introduction , which included an apology for some reason , i was n't sure what i was headed for , but conversely , i was hooked just reading the prologue . it 's written in a very poetic and thoughtful manner even though a main premise is aesthetic surgery . it makes you look at cosmetic surgery in a different light because it examines the most important of human ideals - interpersonal relationships and the fluidity of life and death - in relation to it . if you love to read , and enjoy the mental dance that great storytellers invite you to , you will not want to miss this one .</tokens><lemmas>wow . face , soul , and painted crow by &lt;unknown&gt; &lt;unknown&gt; be a great read . it be the most pleasant surprise i have encounter in a quite some time . when read Rudi 's introduction , which include an apology for some reason , i be n't sure what i be head for , but conversely , i be hook just read the prologue . it be write in a very poetic and thoughtful manner even though a main premise be aesthetic surgery . it make you look at cosmetic surgery in a different light because it examine the most important of human ideal - interpersonal relationship and the fluidity of life and death - in relation to it . if you love to read , and enjoy the mental dance IN great storyteller invite you to , you will not want to miss this one . </lemmas><pos>NN SENT NNS , NNS , CC JJ NNS IN NN NN VBZ DT JJ NN SENT PP VBD DT RBS JJ NN NNS VBP VBN IN DT RB DT NN SENT WRB VBG NP POS NN , WDT VBD DT NN IN DT NN , NP VBD RB JJ WP NP VBD VBN IN , CC RB , NP VBD VBN RB VBG DT NN SENT PP VBZ VBN IN DT RB JJ CC JJ NN RB IN DT JJ NN VBZ JJ NN SENT PP VBZ PP VB IN JJ NN IN DT JJ NN IN PP VBZ DT RBS JJ IN JJ NNS : JJ NNS CC DT NN IN NN CC NN : IN NN TO PP SENT IN PP VBP TO VB , CC VB DT JJ NN  JJ NNS VB PP TO , PP MD RB VB TO VB DT CD SENT </pos></review>
