<?xml version="1.0" encoding="ISO-8859-1" standalone="no"?>
<!DOCTYPE review SYSTEM "derev.dtd">
<review ID="1027" title="DestinedToLiveDespiteMe" writer="YolandaShanks" author="MizBanks" date="March 6, 2011" stars="5" suspectbook="1" unknownpurchase="1" nickname="1" cluster="1" allcluesclass="0" threecluesclass="0" sumclues="4" realclass="0" fold="6"><object>Surviving Suicide to Live Life in Christ</object><body>We'll probably never know the number of people who've had thoughts of suicide because it's not something everyone is willing to admit. Yolanda Shanks not only had the thoughts, but she acted on them and attempted to take her life. In her book, Destined to Live Despite Me, she shares her struggles of feeling lost and alone, and explains that, even years after an unsuccessful suicide attempt, she didn't experience healing in her soul until she began walking intimately in communion with Christ. In our busy and fast-paced world it's easy to feel overwhelmed, and lose parts of yourself in an effort simply to keep up with daily life. Shanks makes you analyze and reflect to see if you're aware of your feelings and comfortable with who you are as a person, or conversely, building walls without living meaningfully and purposely.</body><tokens>we 'll probably never know the number of people who 've had thoughts of suicide because it 's not something everyone is willing to admit . yolanda shanks not only had the thoughts , but she acted on them and attempted to take her life . in her book , destined to live despite me , she shares her struggles of feeling lost and alone , and explains that , even years after an unsuccessful suicide attempt , she did n't experience healing in her soul until she began walking intimately in communion with christ . in our busy and fast-paced world it 's easy to feel overwhelmed , and lose parts of yourself in an effort simply to keep up with daily life . shanks makes you analyze and reflect to see if you &quot; re aware of your feelings and comfortable with who you are as a person , or conversely , building walls without living meaningfully and purposely .</tokens><lemmas>we will probably never know the number of people who have have thought of suicide because it be not something everyone be willing to admit . Yolanda shank not only have the thought , but she act on them and attempt to take her life . in her book , destine to live despite me , she share her struggle of feel lost and alone , and explain IN , even year after an unsuccessful suicide attempt , she do n't experience healing in her soul until she begin walk intimately in communion with &lt;unknown&gt; . in our busy and fast-paced world it be easy to feel overwhelmed , and lose part of yourself in an effort simply to keep up with daily life . shank make you analyze and reflect to see if you &quot; re aware of your feeling and comfortable with who you be as a person , or conversely , build wall without live meaningfully and purposely . </lemmas><pos>PP MD RB RB VB DT NN IN NNS WP VBP VBN NNS IN NN IN PP VBZ RB NN NN VBZ JJ TO VB SENT NP VBZ RB RB VBD DT NNS , CC PP VBD IN PP CC VBD TO VB PP$ NN SENT IN PP$ NN , VBN TO VB IN PP , PP VBZ PP$ NNS IN VBG JJ CC RB , CC VBZ  , RB NNS IN DT JJ NN NN , PP VBD RB VB NN IN PP$ NN IN PP VBD VBG RB IN NN IN NN SENT IN PP$ JJ CC JJ NN PP VBZ JJ TO VB JJ , CC VB NNS IN PP IN DT NN RB TO VB RP IN JJ NN SENT NNS VBZ PP VBP CC VBP TO VB IN PP '' IN JJ IN PP$ NNS CC JJ IN WP PP VBP IN DT NN , CC RB , VBG NNS IN VBG RB CC RB SENT </pos></review>
