<?xml version="1.0" encoding="ISO-8859-1" standalone="no"?>
<!DOCTYPE review SYSTEM "derev.dtd">
<review ID="6137" title="TheMasadaComplex" writer="AvrahamAzrieli" author="MihirShah" date="September 2, 2011" stars="5" suspectbook="1" unknownpurchase="1" nickname="1" cluster="1" allcluesclass="0" threecluesclass="0" sumclues="4" realclass="0" fold="3"><object>Intriguing Political Thriller</object><body>In the spirit of Avraham Azrieli's novels, The Masada Complex is a tantalizing political thriller that delves into an intricate plan to sever relationships between the United States and Israel. The plot revolves around the stunning Masada El-Tal, a member of the IDF elite unit, and her incessant ventures into the business of prominent political figures (e.g. Senator Mahoney). As Masada inches closer to the truth, those around her plan to assassinate her. Her investigations, however, will reveal details beyond anyone's wildest dreams. No one is to be trusted in this book where friends become enemies and enemies become friends.  Audiences will fall in love with this plotline that takes readers from the heart of Arizona and Washington to Masada's homeland of Israel.</body><tokens>in the spirit of avraham azrieli 's novels , the masada complex is a tantalizing political thriller that delves into an intricate plan to sever relationships between the united states and israel . the plot revolves around the stunning masada el-tal , a member of the idf elite unit , and her incessant ventures into the business of prominent political figures ( e . g . senator mahoney ) . as masada inches closer to the truth , those around her plan to assassinate her . her investigations , however , will reveal details beyond anyone 's wildest dreams . no one is to be trusted in this book where friends become enemies and enemies become friends . audiences will fall in love with this plotline that takes readers from the heart of arizona and washington to masada 's homeland of israel .</tokens><lemmas>in the spirit of Avraham &lt;unknown&gt; 's novel , the &lt;unknown&gt; complex be a tantalize political thriller that delve into an intricate plan to sever relationship between the unite state and &lt;unknown&gt; . the plot revolve around the stunning Masada &lt;unknown&gt; , a member of the &lt;unknown&gt; elite unit , and her incessant venture into the business of prominent political figure ( e . g . senator &lt;unknown&gt; ) . as &lt;unknown&gt; inch close to the truth , those around her plan to assassinate her . her investigation , however , will reveal detail beyond anyone 's wild dream . no one be to be trust in this book where friend become enemy and enemy become friend . audience will fall in love with this &lt;unknown&gt; that take reader from the heart of &lt;unknown&gt; and &lt;unknown&gt; to Masada 's homeland of Israel . </lemmas><pos>IN DT NN IN NP NP POS NNS , DT NN NN VBZ DT VBG JJ NN WDT VBZ IN DT JJ NN TO VB NNS IN DT VBN NNS CC NNS SENT DT NN VBZ IN DT JJ NP NP , DT NN IN DT NN NN NN , CC PP$ JJ NNS IN DT NN IN JJ JJ NNS ( LS SENT NN SENT NN NN ) SENT IN NN NNS JJR TO DT NN , DT IN PP$ NN TO VB PP SENT PP$ NNS , RB , MD VB NNS IN NN POS JJS NNS SENT DT CD VBZ TO VB VBN IN DT NN WRB NNS VBP NNS CC NNS VBP NNS SENT NNS MD VB IN NN IN DT NN WDT VBZ NNS IN DT NN IN NN CC NN TO NP POS NN IN NP SENT </pos></review>
