<?xml version="1.0" encoding="ISO-8859-1" standalone="no"?>
<!DOCTYPE review SYSTEM "derev.dtd">
<review ID="6135" title="TheMasadaComplex" writer="AvrahamAzrieli" author="Nicole80" date="September 5, 2011" stars="5" suspectbook="1" unknownpurchase="1" nickname="1" cluster="1" allcluesclass="0" threecluesclass="0" sumclues="4" realclass="0" fold="9"><object>Gripping and Interesting</object><body>This book is so relevant, although at times it is a bit cynical (but politics often are). Azrieli grips the reader in from the first page and has them turning the page, wanting more yet reluctant to finish. Very well-written and though provoking, Masada Complex touches on points that are very prominent in today's political climate. A true political thriller!</body><tokens>this book is so relevant , although at times it is a bit cynical ( but politics often are ) . azrieli grips the reader in from the first page and has them turning the page , wanting more yet reluctant to finish . very well-written and though provoking , masada complex touches on points that are very prominent in today 's political climate . a true political thriller !</tokens><lemmas>this book be so relevant , although at time it be a bit cynical ( but politics often be ) . &lt;unknown&gt; grip the reader in from the first page and have them turn the page , want more yet reluctant to finish . very well-write and though provoking , &lt;unknown&gt; complex touch on point that be very prominent in today 's political climate . a true political thriller ! </lemmas><pos>DT NN VBZ RB JJ , IN IN NNS PP VBZ DT NN JJ ( CC NNS RB VBP ) SENT NP VBZ DT NN IN IN DT JJ NN CC VBZ PP VBG DT NN , VBG RBR RB JJ TO VB SENT RB VBN CC RB JJ , JJ JJ NNS IN NNS WDT VBP RB JJ IN NN POS JJ NN SENT DT JJ JJ NN SENT </pos></review>
