<?xml version="1.0" encoding="ISO-8859-1" standalone="no"?>
<!DOCTYPE review SYSTEM "derev.dtd">
<review ID="6728" title="WriteYourFirstBook" writer="PeterBiadasz" author="MizBanks" date="January 21, 2011" stars="5" suspectbook="1" unknownpurchase="1" nickname="1" cluster="1" allcluesclass="0" threecluesclass="0" sumclues="4" realclass="0" fold="4"><object>Attention Writers - And Those Who Don't Know Where To Begin</object><body>I've heard several people say, &quot;I want to write a book.&quot; Being a reading teacher and book addict, I usually reply &quot;Do it,&quot; without considering that they may not know how. Well, now I have THE perfect resource to suggest. Write Your First Book by Peter Biadasz is a MUST READ for aspiring authors. Biadasz gives step-by-step instructions on how to move from the desire to publish to the having your book placed on bookstore shelves and online for readers to enjoy. And, the best part about the book is - like a great teacher - he has such an encouraging manner of presenting the material that everyone who reads it will feel inspired and capable of becoming the author they've always wanted to be.</body><tokens>i 've heard several people say , &quot; i want to write a book . &quot; being a reading teacher and book addict , i usually reply &quot; do it , &quot; without considering that they may not know how . well , now i have the perfect resource to suggest . write your first book by peter biadasz is a must read for aspiring authors . biadasz gives step-by-step instructions on how to move from the desire to publish to the having your book placed on bookstore shelves and online for readers to enjoy . and , the best part about the book is - like a great teacher - he has such an encouraging manner of presenting the material that everyone who reads it will feel inspired and capable of becoming the author they 've always wanted to be .</tokens><lemmas>i have hear several people say , &quot; i want to write a book . &quot; be a reading teacher and book addict , i usually reply &quot; do it , &quot; without consider IN they may not know how . well , now i have the perfect resource to suggest . write your first book by peter &lt;unknown&gt; be a must read for aspiring author . &lt;unknown&gt; give step-by-step instruction on how to move from the desire to publish to the have your book place on bookstore shelf and online for reader to enjoy . and , the good part about the book be - like a great teacher - he have such an encouraging manner of present the material IN everyone who read it will feel inspired and capable of become the author they have always want to be . </lemmas><pos>NNS VBP VBN JJ NNS VBP , `` NNS VBP TO VB DT NN SENT `` VBG DT NN NN CC NN NN , NP RB VB `` VBP PP , '' IN VBG  PP MD RB VB WRB SENT RB , RB NNS VBP DT JJ NN TO VB SENT VB PP$ JJ NN IN NN NN VBZ DT MD VB IN JJ NNS SENT NP VBZ NN NNS IN WRB TO VB IN DT NN TO VB TO DT VBG PP$ NN VBN IN NN NNS CC JJ IN NNS TO VB SENT CC , DT JJS NN IN DT NN VBZ : IN DT JJ NN : PP VBZ PDT DT JJ NN IN VBG DT NN  NN WP VBZ PP MD VB JJ CC JJ IN VBG DT NN PP VBP RB VBN TO VB SENT </pos></review>
