<?xml version="1.0" encoding="ISO-8859-1" standalone="no"?>
<!DOCTYPE review SYSTEM "derev.dtd">
<review ID="3521" title="PrinceOfThisWorld" writer="GeorgeSimeran" author="Nicole80" date="March 10, 2011" stars="4" suspectbook="1" unknownpurchase="1" nickname="1" cluster="1" allcluesclass="0" threecluesclass="0" sumclues="4" realclass="0" fold="7"><object>Everyone loves an ant-hero hero</object><body>Simeran's Prince of the this World creates a good guy who has bad guy tendencies but that the audience really wants to root for. Not an easy feat, Simeran paints his anti-hero as likeable, in the made up world of vapid and selfish people that he surrounds himself with. The irony is that true love with a girl he cannot truly have is what George wants as he lives a lifestyle of sex, drugs and surrounds himself with entitled, toxic friends and women, and the reader (or at least the female reader) roots for him to find it. This book is playful, full of detail and adult themes and is a fun and daring read.Those who love edgy books and shows where sex and drugs play a role but the characters true self is the underlying mainstay, will love this.  I have no doubt that shows or movies will borrow from this book in the future.</body><tokens>simeran 's prince of the this world creates a good guy who has bad guy tendencies but that the audience really wants to root for . not an easy feat , simeran paints his anti-hero as likeable , in the made up world of vapid and selfish people that he surrounds himself with . the irony is that true love with a girl he cannot truly have is what george wants as he lives a lifestyle of sex , drugs and surrounds himself with entitled , toxic friends and women , and the reader ( or at least the female reader ) roots for him to find it . this book is playful , full of detail and adult themes and is a fun and daring read . those who love edgy books and shows where sex and drugs play a role but the characters true self is the underlying mainstay , will love this . i have no doubt that shows or movies will borrow from this book in the future .</tokens><lemmas>&lt;unknown&gt; 's prince of the this world create a good guy who have bad guy tendency but IN the audience really want to root for . not an easy feat , &lt;unknown&gt; paint his anti-hero as likeable , in the make up world of vapid and selfish people IN he surround himself with . the irony be IN true love with a girl he can truly have be what George want as he live a lifestyle of sex , drug and surround himself with entitle , toxic friend and woman , and the reader ( or at least the female reader ) root for him to find it . this book be playful , full of detail and adult theme and be a fun and daring read . those who love edgy book and show where sex and drug play a role but the character true self be the underlie mainstay , will love this . i have no doubt that show or movie will borrow from this book in the future . </lemmas><pos>NP POS NN IN DT DT NN VBZ DT JJ NN WP VBZ JJ NN NNS CC  DT NN RB VBZ TO VB IN SENT RB DT JJ NN , NP VBZ PP$ NN IN JJ , IN DT VBN RP NN IN JJ CC JJ NNS  PP VBZ PP IN SENT DT NN VBZ  JJ NN IN DT NN PP MD RB VB VBZ WP NP VBZ IN PP VBZ DT NN IN NN , NNS CC VBZ PP IN VBN , JJ NNS CC NNS , CC DT NN ( CC IN JJS DT JJ NN ) NNS IN PP TO VB PP SENT DT NN VBZ JJ , JJ IN NN CC NN NNS CC VBZ DT NN CC JJ NN SENT DT WP VBP JJ NNS CC NNS WRB NN CC NNS VBP DT NN CC DT NNS JJ NN VBZ DT VBG NN , MD VB DT SENT NNS VBP DT NN WDT VBZ CC NNS MD VB IN DT NN IN DT NN SENT </pos></review>
