<?xml version="1.0" encoding="ISO-8859-1" standalone="no"?>
<!DOCTYPE review SYSTEM "derev.dtd">
<review ID="2233" title="HowToGetAGreatJobin90DaysorLess" writer="JoeCarroll" author="Nicole80" date="January 2, 2011" stars="5" suspectbook="1" unknownpurchase="1" nickname="1" cluster="1" allcluesclass="0" threecluesclass="0" sumclues="4" realclass="0" fold="5"><object>A life and game changer</object><body>Joe Carroll has found a way to speak to the average person about getting a job without coming across preachy, all-knowing or condescending. Using great quotes from inspirational people throughout the text, Carroll helps you challenge yourself to make your dreams happen. One of the best parts of the book is in the intro, in which, Carroll tells us to combine &quot;passions, preferences, purpose in life and your career choice&quot; because without all these things in life lining up it is hard to get to the ultimate goal. Carroll's book takes the singular problem of finding a job in 90 days and asks the reader to reexamine their life and its purpose and to find what they truly are passionate about and work from there. I don't believe any other job search books or tools have stated it this way and it is powerful and poignant.</body><tokens>joe carroll has found a way to speak to the average person about getting a job without coming across preachy , all-knowing or condescending . using great quotes from inspirational people throughout the text , carroll helps you challenge yourself to make your dreams happen . one of the best parts of the book is in the intro , in which , carroll tells us to combine &quot; passions , preferences , purpose in life and your career choice &quot; because without all these things in life lining up it is hard to get to the ultimate goal . carroll 's book takes the singular problem of finding a job in 90 days and asks the reader to reexamine their life and its purpose and to find what they truly are passionate about and work from there . i do n't believe any other job search books or tools have stated it this way and it is powerful and poignant .</tokens><lemmas>joe Carroll have find a way to speak to the average person about get a job without come across preachy , all-knowing or condescending . use great quote from inspirational people throughout the text , Carroll help you challenge yourself to make your dream happen . one of the good part of the book be in the intro , in which , Carroll tell us to combine &quot; passion , preference , purpose in life and your career choice &quot; because without all these thing in life line up it be hard to get to the ultimate goal . Carroll 's book take the singular problem of find a job in @card@ day and ask the reader to reexamine their life and its purpose and to find what they truly be passionate about and work from there . i do n't believe any other job search book or tool have state it this way and it be powerful and poignant . </lemmas><pos>NN NP VBZ VBN DT NN TO VB TO DT JJ NN IN VBG DT NN IN VBG IN JJ , JJ CC JJ SENT VBG JJ NNS IN JJ NNS IN DT NN , NP VBZ PP VB PP TO VB PP$ NNS VBP SENT CD IN DT JJS NNS IN DT NN VBZ IN DT NN , IN WDT , NP VBZ PP TO VB `` NNS , NNS , NN IN NN CC PP$ NN NN '' IN IN PDT DT NNS IN NN VBG IN PP VBZ JJ TO VB TO DT JJ NN SENT NP POS NN VBZ DT JJ NN IN VBG DT NN IN CD NNS CC VBZ DT NN TO VB PP$ NN CC PP$ NN CC TO VB WP PP RB VBP JJ RB CC VB IN RB SENT NNS VBP RB VB DT JJ NN NN NNS CC NNS VBP VBN PP DT NN CC PP VBZ JJ CC JJ SENT </pos></review>
