<?xml version="1.0" encoding="ISO-8859-1" standalone="no"?>
<!DOCTYPE review SYSTEM "derev.dtd">
<review ID="5837" title="TheLightofInnocence" writer="CarlMarshall" author="MizBanks" date="October 27, 2010" stars="5" suspectbook="1" unknownpurchase="1" nickname="1" cluster="1" allcluesclass="0" threecluesclass="0" sumclues="4" realclass="0" fold="3"><object>A Journey of Faith</object><body>Like many who have triumphed in the battle to secure their own beliefs about God, the Church and the Bible, Carl Marshall has searched his heart and the scriptures in order to discover that much of what he needed to successfully live the Christian life was found inside - Christ living through him. In The Light of Innocence, Marshall documents his journey to a mature, personal faith parallel to his study of The Word of God proving that a desire and willingness to study can lead to understanding.</body><tokens>like many who have triumphed in the battle to secure their own beliefs about god , the church and the bible , carl marshall has searched his heart and the scriptures in order to discover that much of what he needed to successfully live the christian life was found inside - christ living through him . in the light of innocence , marshall documents his journey to a mature , personal faith parallel to his study of the word of god proving that a desire and willingness to study can lead to understanding .</tokens><lemmas>like many who have triumph in the battle to secure their own belief about god , the church and the bible , carl &lt;unknown&gt; have search his heart and the scripture in order to discover IN much of what he need to successfully live the Christian life be find inside - &lt;unknown&gt; living through him . in the light of innocence , Marshall document his journey to a mature , personal faith parallel to his study of the word of god prove IN a desire and willingness to study can lead to understanding . </lemmas><pos>IN DT WP VBP VBN IN DT NN TO VB PP$ JJ NNS IN NN , DT NN CC DT NN , NN NN VBZ VBN PP$ NN CC DT NNS IN NN TO VB  RB IN WP PP VBD TO RB VB DT JJ NN VBD VBN RB : NN NN IN PP SENT IN DT NN IN NN , NP VBZ PP$ NN TO DT JJ , JJ NN NN TO PP$ NN IN DT NN IN NN VBG  DT NN CC NN TO NN MD VB TO NN SENT </pos></review>
