<?xml version="1.0" encoding="ISO-8859-1" standalone="no"?>
<!DOCTYPE review SYSTEM "derev.dtd">
<review ID="3523" title="PrinceOfThisWorld" writer="GeorgeSimeran" author="MizBanks" date="March 8, 2011" stars="5" suspectbook="1" unknownpurchase="1" nickname="1" cluster="1" allcluesclass="0" threecluesclass="0" sumclues="4" realclass="0" fold="0"><object>Read Now: The Book is Always Better Than the Movie</object><body>Prince of this World is an action-packed tale of the dark side of wealthy Los Angeles living. George Simeran, author and main character, and his motley crew of friends are living life experiencing everything money can buy - alcohol, sex, drugs, trips around the world - and a little something called murder. It's a Hollywood blockbuster waiting to happen.</body><tokens>prince of this world is an action-packed tale of the dark side of wealthy los angeles living . george simeran , author and main character , and his motley crew of friends are living life experiencing everything money can buy - alcohol , sex , drugs , trips around the world - and a little something called murder . it 's a hollywood blockbuster waiting to happen .</tokens><lemmas>prince of this world be an action-packed tale of the dark side of wealthy los &lt;unknown&gt; living . George &lt;unknown&gt; , author and main character , and his motley crew of friend be live life experience everything money can buy - alcohol , sex , drug , trip around the world - and a little something call murder . it be a &lt;unknown&gt; blockbuster wait to happen . </lemmas><pos>NN IN DT NN VBZ DT JJ NN IN DT JJ NN IN JJ NP NNS NN SENT NP NP , NN CC JJ NN , CC PP$ JJ NN IN NNS VBP VBG NN VBG NN NN MD VB : NN , NN , NNS , NNS IN DT NN : CC DT JJ NN VBD NN SENT PP VBZ DT NN NN VBG TO VB SENT </pos></review>
