<?xml version="1.0" encoding="ISO-8859-1" standalone="no"?>
<!DOCTYPE review SYSTEM "derev.dtd">
<review ID="4179" title="SolonIce" writer="TitanRaines" author="MizBanks" date="February 26, 2011" stars="5" suspectbook="1" unknownpurchase="1" nickname="1" cluster="1" allcluesclass="0" threecluesclass="0" sumclues="4" realclass="0" fold="1"><object>One Man's Search to Own His Shadow</object><body>Sol on Ice by Titan Raines is an extremely relevant work for our culture and time.  It chronicles Raines' experiences surrounding his trip to Peru to try ayahuasca and commune with and learn the ways of the shamans of the Amazon Rainforest in an effort to `own his shadow.' Growing up an African-American male in America left Raines with questions about his community and race relations that proved most difficult to answer. But, as an academic and analytical thinker, he wasn't content to live his life without obtaining the understanding that transcends what is easily seen. Regardless of race, culture, age, male or female all will be encouraged to examine that which has always been accepted as real and true. A reader's dream, Sol on Ice is a smooth blend of narrative, science and academia and spiritual matters that guide Raines' journey of self-discovery.</body><tokens>sol on ice by titan raines is an extremely relevant work for our culture and time . it chronicles raines &quot; experiences surrounding his trip to peru to try ayahuasca and commune with and learn the ways of the shamans of the amazon rainforest in an effort to `own his shadow . &quot; growing up an african-american male in america left raines with questions about his community and race relations that proved most difficult to answer . but , as an academic and analytical thinker , he was n't content to live his life without obtaining the understanding that transcends what is easily seen . regardless of race , culture , age , male or female all will be encouraged to examine that which has always been accepted as real and true . a reader 's dream , sol on ice is a smooth blend of narrative , science and academia and spiritual matters that guide raines &quot; journey of self-discovery .</tokens><lemmas>sol on ice by titan &lt;unknown&gt; be an extremely relevant work for our culture and time . it chronicle &lt;unknown&gt; &quot; experience surround his trip to Peru to try ayahuasca and commune with and learn the way of the shaman of the amazon rainforest in an effort to &lt;unknown&gt; his shadow . &quot; grow up an &lt;unknown&gt; male in America leave &lt;unknown&gt; with question about his community and race relation that prove most difficult to answer . but , as an academic and analytical thinker , he be n't content to live his life without obtain the understanding that transcend what be easily see . regardless of race , culture , age , male or female all will be encourage to examine IN which have always be accept as real and true . a reader 's dream , sol on ice be a smooth blend of narrative , science and academia and spiritual matter IN guide &lt;unknown&gt; &quot; journey of self-discovery . </lemmas><pos>NN IN NN IN NN NNS VBZ DT RB JJ NN IN PP$ NN CC NN SENT PP VBZ NNS '' NNS VBG PP$ NN TO NN TO VB NN CC NN IN CC VB DT NNS IN DT NNS IN DT NN NN IN DT NN TO NN PP$ NN SENT '' VBG RP DT JJ NN IN NP VBD NNS IN NNS IN PP$ NN CC NN NNS WDT VBD RBS JJ TO VB SENT CC , IN DT JJ CC JJ NN , PP VBD RB JJ TO VB PP$ NN IN VBG DT NN WDT VBZ WP VBZ RB VBN SENT RB IN NN , NN , NN , NN CC NN RB MD VB VBN TO VB  WDT VBZ RB VBN VBN IN JJ CC JJ SENT DT NN POS NN , NN IN NN VBZ DT JJ NN IN NN , NN CC NN CC JJ NNS  NN NNS '' NN IN NN SENT </pos></review>
