<?xml version="1.0" encoding="ISO-8859-1" standalone="no"?>
<!DOCTYPE review SYSTEM "derev.dtd">
<review ID="5427" title="TheFlip" writer="SidneyPotter" author="MizBanks" date="December 5, 2010" stars="5" suspectbook="1" unknownpurchase="1" nickname="1" cluster="1" allcluesclass="0" threecluesclass="0" sumclues="4" realclass="0" fold="2"><object>This kind of insider informaiton isn't found every day!</object><body>If you've ever had a desire to flip houses, but didn't know how to get started The Flip is for you.  Potter gives the details you don't have access to when watching the shows on TV complete with a comprehensive glossary. With The Flip as your guide, you'll be able to formulate a start-to-finish plan that includes asset analysis to determine if real estate investing is right for you.  The Flip contains enough insider information to help even the most novice tract-home investor achieve some success.</body><tokens>if you 've ever had a desire to flip houses , but did n't know how to get started the flip is for you . potter gives the details you do n't have access to when watching the shows on tv complete with a comprehensive glossary . with the flip as your guide , you 'll be able to formulate a start-to-finish plan that includes asset analysis to determine if real estate investing is right for you . the flip contains enough insider information to help even the most novice tract-home investor achieve some success .</tokens><lemmas>if you have ever have a desire to flip house , but do n't know how to get start the flip be for you . potter give the detail you do n't have access to when watch the show on tv complete with a comprehensive glossary . with the flip as your guide , you will be able to formulate a &lt;unknown&gt; plan that include asset analysis to determine if real estate investing be right for you . the flip contain enough insider information to help even the most novice &lt;unknown&gt; investor achieve some success . </lemmas><pos>IN PP VBP RB VBN DT NN TO VB NNS , CC VBD RB VB WRB TO VB VBN DT NN VBZ IN PP SENT NN VBZ DT NNS PP VBP RB VB NN TO WRB VBG DT NNS IN NN JJ IN DT JJ NN SENT IN DT NN IN PP$ NN , PP MD VB JJ TO VB DT JJ NN WDT VBZ NN NN TO VB IN JJ NN NN VBZ RB IN PP SENT DT NN VBZ JJ NN NN TO VB RB DT JJS NN NN NN VB DT NN SENT </pos></review>
