<?xml version="1.0" encoding="ISO-8859-1" standalone="no"?>
<!DOCTYPE review SYSTEM "derev.dtd">
<review ID="2580" title="LethalExperiment" writer="JohnLocke" author="Nicole80" date="March 1, 2011" stars="5" suspectbook="1" unknownpurchase="1" nickname="1" cluster="1" allcluesclass="0" threecluesclass="0" sumclues="4" realclass="0" fold="6"><object>The Suspense Will Get You!</object><body>A fan of Locke's Donovan Creed series, Lethal Experiment didn't disappoint me. Filled with action, suspense and Creed's lovable bad guy ways, this book was a fun page turner. You will find yourself trying to weigh in which decision Creed should make, all the while hoping for a fun and shocking ending. As usual John Locke does not disappoint.</body><tokens>a fan of locke 's donovan creed series , lethal experiment did n't disappoint me . filled with action , suspense and creed 's lovable bad guy ways , this book was a fun page turner . you will find yourself trying to weigh in which decision creed should make , all the while hoping for a fun and shocking ending . as usual john locke does not disappoint .</tokens><lemmas>a fan of Locke 's &lt;unknown&gt; creed series , lethal experiment do n't disappoint me . fill with action , suspense and creed 's lovable bad guy way , this book be a fun page turner . you will find yourself try to weigh in which decision creed should make , all the while hope for a fun and shocking end . as usual john &lt;unknown&gt; do not disappoint . </lemmas><pos>DT NN IN NP POS JJ NN NN , JJ NN VBD RB VB PP SENT VBN IN NN , NN CC NN POS JJ JJ NN NNS , DT NN VBD DT NN NN NN SENT PP MD VB PP VBG TO VB IN WDT NN NN MD VB , RB DT NN VBG IN DT NN CC JJ VBG SENT IN JJ NN NN VBZ RB VB SENT </pos></review>
