<?xml version="1.0" encoding="ISO-8859-1" standalone="no"?>
<!DOCTYPE review SYSTEM "derev.dtd">
<review ID="5838" title="TheLightofInnocence" writer="CarlMarshall" author="Nicole80" date="October 26, 2010" stars="5" suspectbook="1" unknownpurchase="1" nickname="1" cluster="1" allcluesclass="0" threecluesclass="0" sumclues="4" realclass="0" fold="8"><object>Marshall's Light of Innocence: One Man's Truth</object><body>It's not often that someone openly talks about their search for religious truth and what Christianity means to them and is able to back it up as eloquently as Carl Marshall.  Marshall's open and honest journey to live his life through Christ is relatable, in depth and inspiring. Without any ulterior motives, he allows Bible verses to speak for themselves, at times almost jumping off the pages, to encourage the reader to search for and live in faith, especially in this day and age. This is an uplifting and well researched handbook for those of the Christian faith.</body><tokens>it 's not often that someone openly talks about their search for religious truth and what christianity means to them and is able to back it up as eloquently as carl marshall . marshall 's open and honest journey to live his life through christ is relatable , in depth and inspiring . without any ulterior motives , he allows bible verses to speak for themselves , at times almost jumping off the pages , to encourage the reader to search for and live in faith , especially in this day and age . this is an uplifting and well researched handbook for those of the christian faith .</tokens><lemmas>it be not often that someone openly talk about their search for religious truth and what Christianity mean to them and be able to back it up as eloquently as carl &lt;unknown&gt; . Marshall 's open and honest journey to live his life through &lt;unknown&gt; be relatable , in depth and inspiring . without any ulterior motive , he allow bible verse to speak for themselves , at time almost jump off the page , to encourage the reader to search for and live in faith , especially in this day and age . this be an uplift and well research handbook for those of the Christian faith . </lemmas><pos>PP VBZ RB RB DT NN RB VBZ IN PP$ NN IN JJ NN CC WP NN VBZ TO PP CC VBZ JJ TO VB PP RP RB RB IN NN NN SENT NP POS JJ CC JJ NN TO VB PP$ NN IN NN VBZ JJ , IN NN CC JJ SENT IN DT JJ NNS , PP VBZ JJ NNS TO VB IN PP , IN NNS RB VBG RP DT NNS , TO VB DT NN TO VB IN CC VB IN NN , RB IN DT NN CC NN SENT DT VBZ DT VBG CC RB VBN NN IN DT IN DT JJ NN SENT </pos></review>
