<?xml version="1.0" encoding="ISO-8859-1" standalone="no"?>
<!DOCTYPE review SYSTEM "derev.dtd">
<review ID="4214" title="TheBestSeller" writer="ArunabhaSengupta" author="djforjesus" date="August 22, 2012" stars="5" suspectbook="1" unknownpurchase="1" nickname="1" cluster="1" allcluesclass="0" threecluesclass="0" sumclues="4" realclass="0" fold="9"><object>Fun and Fulfilling</object><body>If one looks at the language, it is an intricate weaving of glorious wordplay. Full of literary jokes and poetry. And if one looks at the topics and storyline built on it, a rewarding landscape as varied and rich as can be is detected. All through it, humor runs though. It entertains and frightens. A great novel.</body><tokens>if one looks at the language , it is an intricate weaving of glorious wordplay . full of literary jokes and poetry . and if one looks at the topics and storyline built on it , a rewarding landscape as varied and rich as can be is detected . all through it , humor runs though . it entertains and frightens . a great novel .</tokens><lemmas>if one look at the language , it be an intricate weave of glorious wordplay . full of literary joke and poetry . and if one look at the topic and storyline build on it , a rewarding landscape as varied and rich as can be be detect . all through it , humor run though . it entertain and frighten . a great novel . </lemmas><pos>IN CD NNS IN DT NN , PP VBZ DT JJ VBG IN JJ NN SENT JJ IN JJ NNS CC NN SENT CC IN CD NNS IN DT NNS CC NN VBN IN PP , DT JJ NN IN JJ CC JJ RB MD VB VBZ VBN SENT DT IN PP , NN VBZ RB SENT PP VBZ CC VBZ SENT DT JJ NN SENT </pos></review>
