<?xml version="1.0" encoding="ISO-8859-1" standalone="no"?>
<!DOCTYPE review SYSTEM "derev.dtd">
<review ID="4183" title="SolonIce" writer="TitanRaines" author="djforjesus" date="February 25, 2011" stars="5" suspectbook="1" unknownpurchase="1" nickname="1" cluster="1" allcluesclass="0" threecluesclass="0" sumclues="4" realclass="0" fold="8"><object>Enthralling study on race</object><body>If you have ever felt like you didn't quite fit in, this book might help you realize that everyone feels that way at some point in their life.  &quot;Sol on Ice:Race and a Taste of Ayahuasca Shamanism&quot; by Titan Raines starts with a quote that says you can forget your &quot;otherness&quot; and just listen to the stars.  In the book, the author makes plenty of observations, but they area all based around a trip he took to Peru to look into various racial issues.  You may not automatically think about the rainforest when racial issues come to mind, but it is interesting to learn that races clash even within lives that seem more simplistic than our own.  The book isn't a study of one race or religion, but it does study Ayahuasca Shamanism.  If you are interested in other cultures and how they relate to various race debates, this book is for you.  If, on the other hand, you just want a good read, you may very well find this story interesting or even enthralling.</body><tokens>if you have ever felt like you did n't quite fit in , this book might help you realize that everyone feels that way at some point in their life . &quot; sol on ice : race and a taste of ayahuasca shamanism &quot; by titan raines starts with a quote that says you can forget your &quot; otherness &quot; and just listen to the stars . in the book , the author makes plenty of observations , but they area all based around a trip he took to peru to look into various racial issues . you may not automatically think about the rainforest when racial issues come to mind , but it is interesting to learn that races clash even within lives that seem more simplistic than our own . the book is n't a study of one race or religion , but it does study ayahuasca shamanism . if you are interested in other cultures and how they relate to various race debates , this book is for you . if , on the other hand , you just want a good read , you may very well find this story interesting or even enthralling .</tokens><lemmas>if you have ever feel like you do n't quite fit in , this book might help you realize that everyone feel that way at some point in their life . &quot; sol on ice : race and a taste of ayahuasca shamanism &quot; by titan &lt;unknown&gt; starts with a quote that say you can forget your &quot; otherness &quot; and just listen to the star . in the book , the author make plenty of observation , but they area all base around a trip he take to Peru to look into various racial issue . you may not automatically think about the rainforest when racial issue come to mind , but it be interesting to learn IN race clash even within life that seem more simplistic than our own . the book be n't a study of one race or religion , but it do study ayahuasca shamanism . if you be interested in other culture and how they relate to various race debate , this book be for you . if , on the other hand , you just want a good read , you may very well find this story interesting or even enthrall . </lemmas><pos>IN PP VBP RB VBN IN PP VBD RB RB VB IN , DT NN MD VB PP VB DT NN VBZ DT NN IN DT NN IN PP$ NN SENT '' NN IN NN : NN CC DT NN IN NN NN '' IN NN NNS VBP IN DT NN WDT VBZ PP MD VB PP$ `` NN '' CC RB VB TO DT NNS SENT IN DT NN , DT NN VBZ NN IN NNS , CC PP NN RB VBN IN DT NN PP VBD TO NP TO VB IN JJ JJ NNS SENT PP MD RB RB VB IN DT NN WRB JJ NNS VBP TO VB , CC PP VBZ JJ TO VB  NNS VB RB IN NNS WDT VBP RBR JJ IN PP$ JJ SENT DT NN VBZ RB DT NN IN CD NN CC NN , CC PP VBZ NN NN NN SENT IN PP VBP JJ IN JJ NNS CC WRB PP VBP TO JJ NN NNS , DT NN VBZ IN PP SENT IN , IN DT JJ NN , PP RB VBP DT JJ NN , PP MD RB RB VB DT NN JJ CC RB VBG SENT </pos></review>
