<?xml version="1.0" encoding="ISO-8859-1" standalone="no"?>
<!DOCTYPE review SYSTEM "derev.dtd">
<review ID="0885" title="CircleofLies" writer="DouglasAlan" author="TRW" date="January 15, 2011" stars="5" suspectbook="1" unknownpurchase="1" nickname="1" cluster="1" allcluesclass="0" threecluesclass="0" sumclues="4" realclass="0" fold="3"><object>Gripping Page-Turner</object><body>Douglas Alan is a well-rounded genius. I was not at all surprised to read that he was a trial attorney and has a degree in psychology before honing his skills as a writer. The book is gripping and humorous all at the same time. And the characters do justice to the plot. They're not perfect, nor are they predictable - which is quite refreshing. It's one of those page turners that you won't be able to put down...</body><tokens>douglas alan is a well-rounded genius . i was not at all surprised to read that he was a trial attorney and has a degree in psychology before honing his skills as a writer . the book is gripping and humorous all at the same time . and the characters do justice to the plot . they &quot; re not perfect , nor are they predictable - which is quite refreshing . it 's one of those page turners that you wo n't be able to put down ...</tokens><lemmas>&lt;unknown&gt; &lt;unknown&gt; be a well-rounded genius . i be not at all surprise to read IN he be a trial attorney and have a degree in psychology before hone his skill as a writer . the book be gripping and humorous all at the same time . and the character do justice to the plot . they &quot; re not perfect , nor be they predictable - which be quite refresh . it be one of those page turner IN you wo n't be able to put down ... </lemmas><pos>NNS NN VBZ DT JJ NN SENT NP VBD RB IN DT VBN TO VB  PP VBD DT NN NN CC VBZ DT NN IN NN IN VBG PP$ NNS IN DT NN SENT DT NN VBZ JJ CC JJ RB IN DT JJ NN SENT CC DT NNS VBP NN TO DT NN SENT PP `` IN RB JJ , CC VBP PP JJ : WDT VBZ RB VBG SENT PP VBZ CD IN DT NN NNS  PP MD RB VB JJ TO VB RB : </pos></review>
