<?xml version="1.0" encoding="ISO-8859-1" standalone="no"?>
<!DOCTYPE review SYSTEM "derev.dtd">
<review ID="6742" title="WriteYourFirstBook" writer="PeterBiadasz" author="TRW" date="January 15, 2011" stars="5" suspectbook="1" unknownpurchase="1" nickname="1" cluster="1" allcluesclass="0" threecluesclass="0" sumclues="4" realclass="0" fold="4"><object>A great place to start if you're really going to finish</object><body>When I wrote my first novel (it only took me a whopping 2 years), I went at it alone, without any advice. And that was a big mistake, and one that slowed me down, in my opinion. I suspect that writer needs a mentor - especially if you're new to the scene. As the author of 15 books Peter Biadasz is an obvious choice, and I found this book to be an excellent, up-to-dated and wholistic guide to novel writing from start to finish. The publishing world is changing, and publishers no longer have the time to nurture as they once did. Biadasz takes writers through the entire process from planning to writing to publishing to selling in an ever-progressive, modern market. Writing might be a passion, but publishing involves many aspects that hinge on practicalities. I highly recommend reading Start, Finish, and Publish the Book Inside You.</body><tokens>when i wrote my first novel ( it only took me a whopping 2 years ) , i went at it alone , without any advice . and that was a big mistake , and one that slowed me down , in my opinion . i suspect that writer needs a mentor - especially if you &quot; re new to the scene . as the author of 15 books peter biadasz is an obvious choice , and i found this book to be an excellent , up-to-dated and wholistic guide to novel writing from start to finish . the publishing world is changing , and publishers no longer have the time to nurture as they once did . biadasz takes writers through the entire process from planning to writing to publishing to selling in an ever-progressive , modern market . writing might be a passion , but publishing involves many aspects that hinge on practicalities . i highly recommend reading start , finish , and publish the book inside you .</tokens><lemmas>when i write my first novel ( it only take me a whopping 2 year ) , i go at it alone , without any advice . and that be a big mistake , and one that slow me down , in my opinion . i suspect IN writer need a mentor - especially if you &quot; re new to the scene . as the author of @card@ book peter &lt;unknown&gt; be an obvious choice , and i find this book to be an excellent , &lt;unknown&gt; and wholistic guide to novel writing from start to finish . the publishing world be change , and publisher no longer have the time to nurture as they once do . &lt;unknown&gt; take writer through the entire process from planning to write to publishing to sell in an &lt;unknown&gt; , modern market . writing might be a passion , but publishing involve many aspect that hinge on practicality . i highly recommend reading start , finish , and publish the book inside you . </lemmas><pos>WRB NP VBD PP$ JJ NN ( PP RB VBD PP DT JJ CD NNS ) , NP VBD IN PP RB , IN DT NN SENT CC DT VBD DT JJ NN , CC CD WDT VBD PP RP , IN PP$ NN SENT NNS VBP  NN VBZ DT NN : RB IN PP `` NN JJ TO DT NN SENT IN DT NN IN CD NNS VBP NP VBZ DT JJ NN , CC NP VBD DT NN TO VB DT JJ , JJ CC JJ NN TO JJ NN IN NN TO VB SENT DT NN NN VBZ VBG , CC NNS RB RBR VB DT NN TO VB IN PP RB VBD SENT NP VBZ NNS IN DT JJ NN IN NN TO VBG TO NN TO VBG IN DT JJ , JJ NN SENT NN MD VB DT NN , CC NN VBZ JJ NNS WDT VBP IN NNS SENT NP RB VBP NN NN , VB , CC VB DT NN IN PP SENT </pos></review>
