<?xml version="1.0" encoding="ISO-8859-1" standalone="no"?>
<!DOCTYPE review SYSTEM "derev.dtd">
<review ID="6564" title="VoiceofConscience" writer="BehcetKaya" author="Nicole80" date="June 5, 2011" stars="5" suspectbook="1" unknownpurchase="1" nickname="1" cluster="1" allcluesclass="0" threecluesclass="0" sumclues="4" realclass="0" fold="0"><object>This voice is Undeniably good</object><body>Kaya's first attempt at a novel is,in a word, enthralling. Containing all of the perfect ingredients (passion, drama, terror, romance), Voice of Conscience is an intriguing read and at times it is hard to believe this is Kaya's first venture. In this novel we follow the, often tragic, life of Ramzi. We first meet him as a young boy whose family is in the middle of a fight with another local family. Soon Ramzi is left alone, his family murdered and the reader becomes attached to and invested in Ramzi's life, decisions and his obsession with avenging his family's murder. This book is gripping and deals so beautifully with cultural differences, loss and emotion. Tragic and compelling, this is a must read.</body><tokens>kaya 's first attempt at a novel is , in a word , enthralling . containing all of the perfect ingredients ( passion , drama , terror , romance ) , voice of conscience is an intriguing read and at times it is hard to believe this is kaya 's first venture . in this novel we follow the , often tragic , life of ramzi . we first meet him as a young boy whose family is in the middle of a fight with another local family . soon ramzi is left alone , his family murdered and the reader becomes attached to and invested in ramzi 's life , decisions and his obsession with avenging his family 's murder . this book is gripping and deals so beautifully with cultural differences , loss and emotion . tragic and compelling , this is a must read .</tokens><lemmas>Kaya 's first attempt at a novel be , in a word , enthrall . contain all of the perfect ingredient ( passion , drama , terror , romance ) , voice of conscience be an intriguing read and at time it be hard to believe this be Kaya 's first venture . in this novel we follow the , often tragic , life of &lt;unknown&gt; . we first meet him as a young boy whose family be in the middle of a fight with another local family . soon Ramzi be leave alone , his family murder and the reader become attach to and invest in Ramzi 's life , decision and his obsession with avenge his family 's murder . this book be grip and deal so beautifully with cultural difference , loss and emotion . tragic and compelling , this be a must read . </lemmas><pos>NP POS JJ NN IN DT NN VBZ , IN DT NN , VBG SENT VBG DT IN DT JJ NNS ( NN , NN , NN , NN ) , NN IN NN VBZ DT JJ NN CC IN NNS PP VBZ JJ TO VB DT VBZ NP POS JJ NN SENT IN DT NN PP VBP DT , RB JJ , NN IN NNS SENT PP RB VB PP IN DT JJ NN WP$ NN VBZ IN DT NN IN DT NN IN DT JJ NN SENT RB NP VBZ VBN RB , PP$ NN VBN CC DT NN VBZ VBN TO CC VBN IN NP POS NN , NNS CC PP$ NN IN VBG PP$ NN POS NN SENT DT NN VBZ VBG CC NNS RB RB IN JJ NNS , NN CC NN SENT JJ CC JJ , DT VBZ DT MD VB SENT </pos></review>
