<?xml version="1.0" encoding="ISO-8859-1" standalone="no"?>
<!DOCTYPE review SYSTEM "derev.dtd">
<review ID="6726" title="WriteYourFirstBook" writer="PeterBiadasz" author="Shirley" date="August 28, 2012" stars="5" suspectbook="1" unknownpurchase="1" nickname="1" cluster="1" allcluesclass="0" threecluesclass="0" sumclues="4" realclass="0" fold="2"><object>A Must Have Tool</object><body>Publishing your first book can be challenging. Not knowing the jargon, understanding your options, or knowing the market place can be devastating and expensive. Write Your First Book is the idea tool for the aspiring, new or existing author. The author introduces you to the world of publishing in easy to understand simply terms. From the scratches you've put on a notepad to editing, designing, and marketing your completed project, its in there. Write Your First Book goes further than other books of this type. As a networking guru, the author discusses the challenges you face as a new writer - setting goals, networking, time management, web design and more. All facets of this most complex industry can be found in this amazing tool.</body><tokens>publishing your first book can be challenging . not knowing the jargon , understanding your options , or knowing the market place can be devastating and expensive . write your first book is the idea tool for the aspiring , new or existing author . the author introduces you to the world of publishing in easy to understand simply terms . from the scratches you 've put on a notepad to editing , designing , and marketing your completed project , its in there . write your first book goes further than other books of this type . as a networking guru , the author discusses the challenges you face as a new writer - setting goals , networking , time management , web design and more . all facets of this most complex industry can be found in this amazing tool .</tokens><lemmas>publish your first book can be challenging . not know the jargon , understand your option , or know the market place can be devastating and expensive . write your first book be the idea tool for the aspiring , new or existing author . the author introduce you to the world of publishing in easy to understand simply term . from the scratch you have put on a notepad to edit , design , and market your complete project , its in there . write your first book go further than other book of this type . as a networking guru , the author discuss the challenge you face as a new writer - set goal , networking , time management , web design and more . all facet of this most complex industry can be find in this amazing tool . </lemmas><pos>VBG PP$ JJ NN MD VB JJ SENT RB VBG DT NN , VBG PP$ NNS , CC VBG DT NN NN MD VB JJ CC JJ SENT VB PP$ JJ NN VBZ DT NN NN IN DT JJ , JJ CC JJ NN SENT DT NN VBZ PP TO DT NN IN NN IN JJ TO VB RB NNS SENT IN DT NNS PP VBP VBN IN DT NN TO VBG , VBG , CC VBG PP$ VBN NN , PP$ IN RB SENT VB PP$ JJ NN VBZ RBR IN JJ NNS IN DT NN SENT IN DT NN NN , DT NN VBZ DT NNS PP VBP IN DT JJ NN : VBG NNS , NN , NN NN , NN NN CC JJR SENT DT NNS IN DT RBS JJ NN MD VB VBN IN DT JJ NN SENT </pos></review>
