<?xml version="1.0" encoding="ISO-8859-1" standalone="no"?>
<!DOCTYPE review SYSTEM "derev.dtd">
<review ID="0884" title="CircleofLies" writer="DouglasAlan" author="djforjesus" date="January 15, 2011" stars="5" suspectbook="1" unknownpurchase="1" nickname="1" cluster="1" allcluesclass="0" threecluesclass="0" sumclues="4" realclass="0" fold="5"><object>Thriller that makes me nervous...in a good way</object><body>&quot;Circle of Lies&quot; is categorized as a thriller novel and I have to admit, I was nervous by the end of the very first page.  When it comes to a thriller novel, this is a good thing!  The imagery in this book is very vivid and it really draws you in, making it hard to stop reading.  The good news is that the pace continues for the entire book.  At no point are there descriptions that are too long or drawn out.  There are no boring plot lines.  And there are certainly no uninteresting characters.  Author Douglas Alan has created an awful drug company who sets someone up.  It's a conspiracy that goes way up the food chain.  The plot isn't something completely new, but with the use of the fascinating characters, it holds the attention quite well.  The characters of John Delaney and his wife Katherine are very entertaining.  Their clever back and forth conversations are fun to read.  Honestly, I had never heard of this author before...and I LOVE to read.  I'm really glad I discovered this book, it's a gem in the thriller world.</body><tokens>&quot; circle of lies &quot; is categorized as a thriller novel and i have to admit , i was nervous by the end of the very first page . when it comes to a thriller novel , this is a good thing ! the imagery in this book is very vivid and it really draws you in , making it hard to stop reading . the good news is that the pace continues for the entire book . at no point are there descriptions that are too long or drawn out . there are no boring plot lines . and there are certainly no uninteresting characters . author douglas alan has created an awful drug company who sets someone up . it 's a conspiracy that goes way up the food chain . the plot is n't something completely new , but with the use of the fascinating characters , it holds the attention quite well . the characters of john delaney and his wife katherine are very entertaining . their clever back and forth conversations are fun to read . honestly , i had never heard of this author before ... and i love to read . i 'm really glad i discovered this book , it 's a gem in the thriller world .</tokens><lemmas>&quot; circle of lie &quot; be categorize as a thriller novel and i have to admit , i be nervous by the end of the very first page . when it come to a thriller novel , this be a good thing ! the imagery in this book be very vivid and it really draw you in , make it hard to stop reading . the good news be IN the pace continue for the entire book . at no point be there description that be too long or draw out . there be no boring plot line . and there be certainly no uninteresting character . author &lt;unknown&gt; &lt;unknown&gt; have create an awful drug company who set someone up . it be a conspiracy that go way up the food chain . the plot be n't something completely new , but with the use of the fascinating character , it hold the attention quite well . the character of john &lt;unknown&gt; and his wife &lt;unknown&gt; be very entertaining . their clever back and forth conversation be fun to read . honestly , i have never hear of this author before ... and i love to read . i be really glad i discover this book , it be a gem in the thriller world . </lemmas><pos>'' NN IN NNS '' VBZ VBN IN DT NN NN CC NP VBP TO VB , NP VBD JJ IN DT NN IN DT RB JJ NN SENT WRB PP VBZ TO DT NN NN , DT VBZ DT JJ NN SENT DT NN IN DT NN VBZ RB JJ CC PP RB VBZ PP RP , VBG PP JJ TO VB NN SENT DT JJ NN VBZ  DT NN VBZ IN DT JJ NN SENT IN DT NN VBP RB NNS WDT VBP RB JJ CC VBN RP SENT EX VBP DT JJ NN NNS SENT CC EX VBP RB DT JJ NNS SENT NN NNS NN VBZ VBN DT JJ NN NN WP VBZ NN RB SENT PP VBZ DT NN WDT VBZ NN IN DT NN NN SENT DT NN VBZ RB NN RB JJ , CC IN DT NN IN DT JJ NNS , PP VBZ DT NN RB RB SENT DT NNS IN NN NN CC PP$ NN NN VBP RB JJ SENT PP$ JJ NN CC RB NNS VBP NN TO VB SENT RB , NP VBD RB VBN IN DT NN RB : CC NP VBP TO VB SENT NNS VBP RB JJ NP VBD DT NN , PP VBZ DT NN IN DT NN NN SENT </pos></review>
