<?xml version="1.0" encoding="ISO-8859-1" standalone="no"?>
<!DOCTYPE review SYSTEM "derev.dtd">
<review ID="3525" title="PrinceOfThisWorld" writer="GeorgeSimeran" author="djforjesus" date="March 7, 2011" stars="5" suspectbook="1" unknownpurchase="1" nickname="1" cluster="1" allcluesclass="0" threecluesclass="0" sumclues="4" realclass="0" fold="7"><object>Dark cynical satire quite entertaining</object><body>Prince of this World by George Simeran is not a book that is for those who are offended by bad language and sexuality.  If you can get past that, or even enjoy reading material of that nature, this book may very well be for your.  From the very first page you are drawn into the atmosphere of the book.  Simeran writes in such a descriptive manner it is easy to place yourself into the book, as if you are reading a movie.  This book is best described as a dark satire.  It is set in Los Angeles and there is plenty of drinking, drugs, sex, and more.  The main character, George, stays faithful to one woman, however that woman cannot seem to do the same for him, and he is okay with that.  There is plenty of explicit loving throughout the novel and you might think that only older adults would enjoy the book.  However, new adults that are trying to shed some light on their arrival into the adult world might also read it.  The main character may be cynical, but he knows how to love and protect.  If you want to give something different a try, Prince of this World might fit the bill.</body><tokens>prince of this world by george simeran is not a book that is for those who are offended by bad language and sexuality . if you can get past that , or even enjoy reading material of that nature , this book may very well be for your . from the very first page you are drawn into the atmosphere of the book . simeran writes in such a descriptive manner it is easy to place yourself into the book , as if you are reading a movie . this book is best described as a dark satire . it is set in los angeles and there is plenty of drinking , drugs , sex , and more . the main character , george , stays faithful to one woman , however that woman cannot seem to do the same for him , and he is okay with that . there is plenty of explicit loving throughout the novel and you might think that only older adults would enjoy the book . however , new adults that are trying to shed some light on their arrival into the adult world might also read it . the main character may be cynical , but he knows how to love and protect . if you want to give something different a try , prince of this world might fit the bill .</tokens><lemmas>prince of this world by &lt;unknown&gt; &lt;unknown&gt; be not a book that be for those who be offend by bad language and sexuality . if you can get past IN , or even enjoy read material of that nature , this book may very well be for your . from the very first page you be draw into the atmosphere of the book . &lt;unknown&gt; write in such a descriptive manner it be easy to place yourself into the book , as if you be read a movie . this book be well describe as a dark satire . it be set in los &lt;unknown&gt; and there be plenty of drinking , drug , sex , and more . the main character , George , stay faithful to one woman , however that woman can seem to do the same for him , and he be okay with that . there be plenty of explicit loving throughout the novel and you might think that only old adult would enjoy the book . however , new adult that be try to shed some light on their arrival into the adult world might also read it . the main character may be cynical , but he know how to love and protect . if you want to give something different a try , prince of this world might fit the bill . </lemmas><pos>NN IN DT NN IN NN NN VBZ RB DT NN WDT VBZ IN DT WP VBP VBN IN JJ NN CC NN SENT IN PP MD VB JJ  , CC RB VB VBG NN IN DT NN , DT NN MD RB RB VB IN PP$ SENT IN DT RB JJ NN PP VBP VBN IN DT NN IN DT NN SENT NN VBZ IN PDT DT JJ NN PP VBZ JJ TO VB PP IN DT NN , RB IN PP VBP VBG DT NN SENT DT NN VBZ RBS VBN IN DT JJ NN SENT PP VBZ VBN IN NP VBZ CC EX VBZ NN IN NN , NNS , NN , CC JJR SENT DT JJ NN , NP , VBZ NN TO CD NN , RB DT NN MD VB TO VB DT JJ IN PP , CC PP VBZ JJ IN DT SENT EX VBZ NN IN JJ JJ IN DT NN CC PP MD VB DT RB JJR NNS MD VB DT NN SENT RB , JJ NNS WDT VBP VBG TO VB DT NN IN PP$ NN IN DT JJ NN MD RB VB PP SENT DT JJ NN MD VB JJ , CC PP VBZ WRB TO VB CC VB SENT IN PP VBP TO VB NN JJ DT NN , NN IN DT NN MD VB DT NN SENT </pos></review>
