<?xml version="1.0" encoding="ISO-8859-1" standalone="no"?>
<!DOCTYPE review SYSTEM "derev.dtd">
<review ID="6738" title="WriteYourFirstBook" writer="PeterBiadasz" author="Nicole80" date="January 17, 2011" stars="5" suspectbook="1" unknownpurchase="1" nickname="1" cluster="1" allcluesclass="0" threecluesclass="0" sumclues="4" realclass="0" fold="1"><object>A fantastic how to!</object><body>Write Your First Book is a great guide for the struggling author and would make an amazing present for the English/Creative Writing/Journalism major in your life. Talking about every last detail from book covers to getting published, Biadasz guides the reader through important steps and must do parts of the process that an eager author may not think of, such as copyrights, direct mail campaigns,etc. Written in a friendly and mentoring tone, no stone is left unturned in this easy to read, well-written manual. As a Journalism/Literature graduate, I am absolutely delighted with this book and will re-read it when the time comes to publish my own novel.</body><tokens>write your first book is a great guide for the struggling author and would make an amazing present for the english / creative writing / journalism major in your life . talking about every last detail from book covers to getting published , biadasz guides the reader through important steps and must do parts of the process that an eager author may not think of , such as copyrights , direct mail campaigns , etc . written in a friendly and mentoring tone , no stone is left unturned in this easy to read , well-written manual . as a journalism / literature graduate , i am absolutely delighted with this book and will re-read it when the time comes to publish my own novel .</tokens><lemmas>write your first book be a great guide for the struggle author and would make an amazing present for the English / creative writing / journalism major in your life . talk about every last detail from book cover to get publish , &lt;unknown&gt; guide the reader through important step and must do part of the process IN an eager author may not think of , such as copyright , direct mail campaign , etc . write in a friendly and mentore tone , no stone be left unturned in this easy to read , well-write manual . as a journalism / literature graduate , i be absolutely delight with this book and will &lt;unknown&gt; it when the time come to publish my own novel . </lemmas><pos>VB PP$ JJ NN VBZ DT JJ NN IN DT VBG NN CC MD VB DT JJ NN IN DT NN SYM JJ NN SYM NN JJ IN PP$ NN SENT VBG IN DT JJ NN IN NN VBZ TO VBG VBN , NP VBZ DT NN IN JJ NNS CC MD VB NNS IN DT NN  DT JJ NN MD RB VB IN , JJ IN NNS , JJ NN NNS , FW SENT VBN IN DT JJ CC VBG NN , DT NN VBZ RB JJ IN DT JJ TO VB , VBN JJ SENT IN DT NN SYM NN NN , NNS VBP RB VBN IN DT NN CC MD VB PP WRB DT NN VBZ TO VB PP$ JJ NN SENT </pos></review>
