<?xml version="1.0" encoding="ISO-8859-1" standalone="no"?>
<!DOCTYPE review SYSTEM "derev.dtd">
<review ID="1359" title="FinalDestination" writer="AnkurChoudhury" author="djforjesus" date="March 3, 2011" stars="5" suspectbook="1" unknownpurchase="1" nickname="1" cluster="1" allcluesclass="0" threecluesclass="0" sumclues="4" realclass="0" fold="6"><object>Elegant, dark, and inspiring</object><body>I must admit, I am not usually one who reads poetry.  But sometimes, when I am looking for something deeper than the average book, it just hits the spot.  Final Destination by Ankur Choudhury has all of the beauty of poetry along with plenty of anguish and pain.  When I read poetry, partly what I want to see is pure, raw emotion in the expressions.  Final Destination does that in a very real way.  The poems are elegant and eloquent while revealing real darkness and troubling issues.  With beautiful honesty, the author is obviously haunted by the death of his mother, depression, and various addictions.  The fact that he can come to terms with all of that through the written word is a great thing for readers.  My personal favorite poem in the collection is &quot;Where Blind Eyes Take Me.&quot;  I wish I was in a poetry class so I could discuss its meaning with others and see how my peers interpret the same words I read.  Whether you enjoy poetry or not, you may find yourself inspired by this particular book of poems.</body><tokens>i must admit , i am not usually one who reads poetry . but sometimes , when i am looking for something deeper than the average book , it just hits the spot . final destination by ankur choudhury has all of the beauty of poetry along with plenty of anguish and pain . when i read poetry , partly what i want to see is pure , raw emotion in the expressions . final destination does that in a very real way . the poems are elegant and eloquent while revealing real darkness and troubling issues . with beautiful honesty , the author is obviously haunted by the death of his mother , depression , and various addictions . the fact that he can come to terms with all of that through the written word is a great thing for readers . my personal favorite poem in the collection is &quot; where blind eyes take me . &quot; i wish i was in a poetry class so i could discuss its meaning with others and see how my peers interpret the same words i read . whether you enjoy poetry or not , you may find yourself inspired by this particular book of poems .</tokens><lemmas>i must admit , i be not usually one who read poetry . but sometimes , when i be look for something deep than the average book , it just hit the spot . final destination by Ankur &lt;unknown&gt; have all of the beauty of poetry along with plenty of anguish and pain . when i read poetry , partly what i want to see be pure , raw emotion in the expression . final destination do IN in a very real way . the poem be elegant and eloquent while reveal real darkness and troubling issue . with beautiful honesty , the author be obviously haunt by the death of his mother , depression , and various addiction . the fact IN he can come to term with all of that through the written word be a great thing for reader . my personal favorite poem in the collection be &quot; where blind eye take me . &quot; i wish i be in a poetry class so i could discuss its meaning with other and see how my peer interpret the same word i read . whether you enjoy poetry or not , you may find yourself inspire by this particular book of poem . </lemmas><pos>NP MD VB , NNS VBP RB RB CD WP VBZ NN SENT CC RB , WRB NNS VBP VBG IN NN JJR IN DT JJ NN , PP RB VBZ DT NN SENT JJ NN IN NP NN VBZ DT IN DT NN IN NN IN IN NN IN NN CC NN SENT WRB NP VBD NN , RB WP NNS VBP TO VB VBZ JJ , JJ NN IN DT NNS SENT JJ NN VBZ  IN DT RB JJ NN SENT DT NNS VBP JJ CC JJ IN VBG JJ NN CC JJ NNS SENT IN JJ NN , DT NN VBZ RB VBN IN DT NN IN PP$ NN , NN , CC JJ NNS SENT DT NN  PP MD VB TO NNS IN DT IN DT IN DT JJ NN VBZ DT JJ NN IN NNS SENT PP$ JJ JJ NN IN DT NN VBZ `` WRB JJ NNS VBP PP SENT '' NNS VBP NP VBD IN DT NN NN IN NP MD VB PP$ NN IN NNS CC VB WRB PP$ NNS VB DT JJ NNS NP VBD SENT IN PP VBP NN CC RB , PP MD VB PP VBN IN DT JJ NN IN NNS SENT </pos></review>
