<?xml version="1.0" encoding="ISO-8859-1" standalone="no"?>
<!DOCTYPE review SYSTEM "derev.dtd">
<review ID="6741" title="WriteYourFirstBook" writer="PeterBiadasz" author="djforjesus" date="January 15, 2011" stars="5" suspectbook="1" unknownpurchase="1" nickname="1" cluster="1" allcluesclass="0" threecluesclass="0" sumclues="4" realclass="0" fold="3"><object>If you want to write, you must read this first</object><body>When I wrote my first book, about 5 years ago, I honestly had no idea what I was doing.  I just had a story and I wanted to get it out.  It was only after I had the book completed that I thought others might enjoy reading it as well.  I've always loved to write and I've always wanted to be published.  I think a lot of people say the same thing.  But very few people understand how to make that happen and I have to admit I am one of those people.  I have not done much to get my book published because I simply don't know what to do or where to start.  If you have a story and want to write a book, or already have written that book and want to see it published, this book &quot;Write your First Book&quot; is for you.  Written by Peter Biadaz, this is a full guide on how to write a book that will sell and  then how to sell it.  If you want to write, but don't really know anyone in the writing or publishing industry, the author of this book can be your mentor.  You will have a full look at the publishing industry, from what readers want to how to self-publish or how to publish with big companies.  There are a lot of books out there about how to write and how to get published, but this book offers a comprehensive look at the industry that can really help guide a writer through the entire process.  If you're serious about writing that story that's always been in your mind, you've got to read this book first.</body><tokens>when i wrote my first book , about 5 years ago , i honestly had no idea what i was doing . i just had a story and i wanted to get it out . it was only after i had the book completed that i thought others might enjoy reading it as well . i 've always loved to write and i 've always wanted to be published . i think a lot of people say the same thing . but very few people understand how to make that happen and i have to admit i am one of those people . i have not done much to get my book published because i simply do n't know what to do or where to start . if you have a story and want to write a book , or already have written that book and want to see it published , this book &quot; write your first book &quot; is for you . written by peter biadaz , this is a full guide on how to write a book that will sell and then how to sell it . if you want to write , but do n't really know anyone in the writing or publishing industry , the author of this book can be your mentor . you will have a full look at the publishing industry , from what readers want to how to self-publish or how to publish with big companies . there are a lot of books out there about how to write and how to get published , but this book offers a comprehensive look at the industry that can really help guide a writer through the entire process . if you &quot; re serious about writing that story that 's always been in your mind , you 've got to read this book first .</tokens><lemmas>when i write my first book , about 5 year ago , i honestly have no idea what i be do . i just have a story and i want to get it out . it be only after i have the book complete IN i think other might enjoy read it as well . i have always love to write and i have always want to be publish . i think a lot of people say the same thing . but very few people understand how to make that happen and i have to admit i be one of those people . i have not do much to get my book publish because i simply do n't know what to do or where to start . if you have a story and want to write a book , or already have write IN book and want to see it publish , this book &quot; write your first book &quot; be for you . write by peter &lt;unknown&gt; , this be a full guide on how to write a book that will sell and then how to sell it . if you want to write , but do n't really know anyone in the writing or publishing industry , the author of this book can be your mentor . you will have a full look at the publishing industry , from what reader want to how to &lt;unknown&gt; or how to publish with big company . there be a lot of book out there about how to write and how to get publish , but this book offer a comprehensive look at the industry that can really help guide a writer through the entire process . if you &quot; re serious about write that story that have always be in your mind , you have get to read this book first . </lemmas><pos>WRB NP VBD PP$ JJ NN , RB CD NNS RB , NP RB VBD DT NN WP NP VBD VBG SENT NP RB VBD DT NN CC NP VBD TO VB PP RP SENT PP VBD RB IN NP VBD DT NN VBD  NP VBD NNS MD VB VBG PP IN RB SENT NNS VBP RB VBN TO VB CC NP VBP RB VBN TO VB VBN SENT NNS VBP DT NN IN NNS VBP DT JJ NN SENT CC RB JJ NNS VBP WRB TO VB WDT VBP CC NP VBP TO VB NP VBP CD IN DT NNS SENT NNS VBP RB VBN RB TO VB PP$ NN VBN IN NP RB VBP RB VB WP TO VB CC WRB TO VB SENT IN PP VBP DT NN CC VBP TO VB DT NN , CC RB VBP VBN  NN CC VBP TO VB PP VBN , DT NN `` VB PP$ JJ NN '' VBZ IN PP SENT VBN IN NN NN , DT VBZ DT JJ NN IN WRB TO VB DT NN WDT MD VB CC RB WRB TO VB PP SENT IN PP VBP TO VB , CC VBP RB RB VB NN IN DT NN CC NN NN , DT NN IN DT NN MD VB PP$ NN SENT PP MD VB DT JJ NN IN DT NN NN , IN WDT NNS VBP TO WRB TO VB CC WRB TO VB IN JJ NNS SENT EX VBP DT NN IN NNS RB RB IN WRB TO VB CC WRB TO VB VBN , CC DT NN VBZ DT JJ NN IN DT NN WDT MD RB VB VB DT NN IN DT JJ NN SENT IN PP '' IN JJ IN VBG DT NN WDT VBZ RB VBN IN PP$ NN , PP VBP VBN TO VB DT NN RB SENT </pos></review>
