<?xml version="1.0" encoding="ISO-8859-1" standalone="no"?>
<!DOCTYPE review SYSTEM "derev.dtd">
<review ID="5433" title="TheFlip" writer="SidneyPotter" author="djforjesus" date="December 2, 2010" stars="4" suspectbook="1" unknownpurchase="1" nickname="1" cluster="1" allcluesclass="0" threecluesclass="0" sumclues="4" realclass="0" fold="0"><object>Long title but bold read</object><body>You've probably heard the term &quot;house flipping&quot; as there is a lot of interest in today's economy to buy houses at a low cost, maybe fit them up a bit, and re-sell them for a higher price.  There's a new book on this topic with a rather long title called &quot;The Flip: The True Life Story of How a Successful New Tract Home Investor went from Zero to Hero, Back to Zero.&quot;  The title gives a good description of what the book holds, but don't get too caught up in it's length.  The book itself, written by D. Sidney Potter is quite informal and readable.  It includes testimonials from great sources as well as a glossary.  It's a really good read for anyone interested in flipping houses themselves or just interested in the topic.  The book reads as a how-to but also as a memoir or even a self improvement book.  The author is obviously quite experienced in the house flipping game but the book is not all &quot;shop talk.&quot;  There are also fun and entertaining side stories that relate to the subject matter but give the reader something further to think about.  The author comes across a bit too enthusiastic in his approach to house flipping.  He is quite bold in his choices, but he has good advice for someone at any level of the game.  The book is based on the 2002-2007 housing market and it goes through a huge real estate boom to a large fall.  Every angle of the market is covered.  If you are interested in making money in real estate, this book, &quot;The Flip&quot; would be a good read for you.</body><tokens>you 've probably heard the term &quot; house flipping &quot; as there is a lot of interest in today 's economy to buy houses at a low cost , maybe fit them up a bit , and re-sell them for a higher price . there 's a new book on this topic with a rather long title called &quot; the flip : the true life story of how a successful new tract home investor went from zero to hero , back to zero . &quot; the title gives a good description of what the book holds , but do n't get too caught up in it 's length . the book itself , written by d . sidney potter is quite informal and readable . it includes testimonials from great sources as well as a glossary . it 's a really good read for anyone interested in flipping houses themselves or just interested in the topic . the book reads as a how-to but also as a memoir or even a self improvement book . the author is obviously quite experienced in the house flipping game but the book is not all &quot; shop talk . &quot; there are also fun and entertaining side stories that relate to the subject matter but give the reader something further to think about . the author comes across a bit too enthusiastic in his approach to house flipping . he is quite bold in his choices , but he has good advice for someone at any level of the game . the book is based on the 2002-2007 housing market and it goes through a huge real estate boom to a large fall . every angle of the market is covered . if you are interested in making money in real estate , this book , &quot; the flip &quot; would be a good read for you .</tokens><lemmas>you have probably hear the term &quot; house flip &quot; as there be a lot of interest in today 's economy to buy house at a low cost , maybe fit them up a bit , and &lt;unknown&gt; them for a high price . there be a new book on this topic with a rather long title call &quot; the flip : the true life story of how a successful new tract home investor go from zero to hero , back to zero . &quot; the title give a good description of what the book hold , but do n't get too catch up in it 's length . the book itself , write by d . &lt;unknown&gt; potter be quite informal and readable . it include testimonial from great source as well as a glossary . it be a really good read for anyone interested in flip house themselves or just interested in the topic . the book read as a how-to but also as a memoir or even a self improvement book . the author be obviously quite experience in the house flip game but the book be not all &quot; shop talk . &quot; there be also fun and entertaining side storey that relate to the subject matter but give the reader something further to think about . the author come across a bit too enthusiastic in his approach to house flip . he be quite bold in his choice , but he have good advice for someone at any level of the game . the book be base on the @card@ housing market and it go through a huge real estate boom to a large fall . every angle of the market be cover . if you be interested in make money in real estate , this book , &quot; the flip &quot; would be a good read for you . </lemmas><pos>PP VBP RB VBN DT NN '' NN VBG `` IN EX VBZ DT NN IN NN IN NN POS NN TO VB NNS IN DT JJ NN , RB VB PP RP DT NN , CC VB PP IN DT JJR NN SENT EX VBZ DT JJ NN IN DT NN IN DT RB JJ NN VBN `` DT NN : DT JJ NN NN IN WRB DT JJ JJ NN NN NN VBD IN CD TO NN , RB TO VB SENT '' DT NN VBZ DT JJ NN IN WP DT NN VBZ , CC VBP RB VB RB VBN RP IN PP POS NN SENT DT NN PP , VBN IN NN SENT NN NN VBZ RB JJ CC JJ SENT PP VBZ NNS IN JJ NNS RB RB IN DT NN SENT PP VBZ DT RB JJ NN IN NN JJ IN VBG NNS PP CC RB JJ IN DT NN SENT DT NN VBZ IN DT JJ CC RB IN DT NN CC RB DT JJ NN NN SENT DT NN VBZ RB RB VBN IN DT NN VBG NN CC DT NN VBZ RB DT `` NN NN SENT `` EX VBP RB NN CC JJ NN NNS WDT VBP TO DT JJ NN CC VB DT NN NN RBR TO VB RB SENT DT NN VBZ IN DT NN RB JJ IN PP$ NN TO VB VBG SENT PP VBZ RB JJ IN PP$ NNS , CC PP VBZ JJ NN IN NN IN DT NN IN DT NN SENT DT NN VBZ VBN IN DT CD NN NN CC PP VBZ IN DT JJ JJ NN NN TO DT JJ NN SENT DT NN IN DT NN VBZ VBN SENT IN PP VBP JJ IN VBG NN IN JJ NN , DT NN , '' DT NN `` MD VB DT JJ NN IN PP SENT </pos></review>
