<?xml version="1.0" encoding="ISO-8859-1" standalone="no"?>
<!DOCTYPE review SYSTEM "derev.dtd">
<review ID="5440" title="TheFlip" writer="SidneyPotter" author="geneortiz" date="November 30, 2010" stars="5" suspectbook="1" unknownpurchase="1" nickname="1" cluster="1" allcluesclass="0" threecluesclass="0" sumclues="4" realclass="0" fold="6"><object>Not Just Any Flip Book</object><body>I have read a few books on real estate investing and on the art of the flip, but most of these books deal with buying previously-owned homes, remodeling them, and then selling them. Find the worst house in the best neighborhood, etc.  But that's not Potter's strategy. Potter buys undeveloped lots in new developments, waits for 10 to 14 months for the properties to be built and appreciate in value, then resells the newly-built homes. The cash upside and downside are the same in that he risks losing the earnest money he puts down when the property contracts are signed, but if the properties have not appeciated as much as his targeted goal, he can walk away with minimal loss. But he does not buy just any lot in any development in any market. He does his research and knows what he is looking for. In The Flip, Potter shares his 11 criteria that define a good market; three tips for making sure your credit gives you the best chance for getting a high LTV non-owner occupied loan; and six essential criteria for selecting the best property. I would not recommend this type of investing to anyone, but if you have the temperament to do adequate research to find the best property and the best loan (&quot;leverage is the eighth wonder of the world,&quot; says Potter), patience to wait for the property to appreciate to your target level, and aren't afraid walk away from a property after all that effort when you see it's not going to work out in the end, then you should read this book and follow Potter's advice.</body><tokens>i have read a few books on real estate investing and on the art of the flip , but most of these books deal with buying previously-owned homes , remodeling them , and then selling them . find the worst house in the best neighborhood , etc . but that 's not potter 's strategy . potter buys undeveloped lots in new developments , waits for 10 to 14 months for the properties to be built and appreciate in value , then resells the newly-built homes . the cash upside and downside are the same in that he risks losing the earnest money he puts down when the property contracts are signed , but if the properties have not appeciated as much as his targeted goal , he can walk away with minimal loss . but he does not buy just any lot in any development in any market . he does his research and knows what he is looking for . in the flip , potter shares his 11 criteria that define a good market ; three tips for making sure your credit gives you the best chance for getting a high ltv non-owner occupied loan ; and six essential criteria for selecting the best property . i would not recommend this type of investing to anyone , but if you have the temperament to do adequate research to find the best property and the best loan ( &quot; leverage is the eighth wonder of the world , &quot; says potter ) , patience to wait for the property to appreciate to your target level , and are n't afraid walk away from a property after all that effort when you see it 's not going to work out in the end , then you should read this book and follow potter 's advice .</tokens><lemmas>i have read a few book on real estate investing and on the art of the flip , but most of these book deal with buy &lt;unknown&gt; home , remodel them , and then sell them . find the bad house in the good neighborhood , etc . but that be not potter 's strategy . potter buy undeveloped lot in new development , wait for @card@ to @card@ month for the property to be build and appreciate in value , then resell the newly-built home . the cash upside and downside be the same in that he risk lose the earnest money he put down when the property contract be sign , but if the property have not &lt;unknown&gt; as much as his targeted goal , he can walk away with minimal loss . but he do not buy just any lot in any development in any market . he do his research and know what he be look for . in the flip , potter share his @card@ criterion that define a good market ; three tip for make sure your credit give you the good chance for get a high &lt;unknown&gt; &lt;unknown&gt; occupied loan ; and six essential criterion for select the good property . i would not recommend this type of invest to anyone , but if you have the temperament to do adequate research to find the good property and the good loan ( &quot; leverage be the eighth wonder of the world , &quot; say potter ) , patience to wait for the property to appreciate to your target level , and be n't afraid walk away from a property after all that effort when you see it be not go to work out in the end , then you should read this book and follow potter 's advice . </lemmas><pos>NNS VBP VBN DT JJ NNS IN JJ NN NN CC IN DT NN IN DT NN , CC JJS IN DT NNS NN IN VBG JJ NNS , VBG PP , CC RB VBG PP SENT VB DT JJS NN IN DT JJS NN , FW SENT CC DT VBZ RB NN POS NN SENT NN VBZ JJ NNS IN JJ NNS , VBZ IN CD TO CD NNS IN DT NNS TO VB VBN CC VB IN NN , RB VBZ DT JJ NNS SENT DT NN NN CC NN VBP DT JJ IN WDT PP VBZ VBG DT JJ NN PP VBZ RP WRB DT NN NNS VBP VBN , CC IN DT NNS VBP RB VBN RB RB IN PP$ JJ NN , PP MD VB RB IN JJ NN SENT CC PP VBZ RB VB RB DT NN IN DT NN IN DT NN SENT PP VBZ PP$ NN CC VBZ WP PP VBZ VBG IN SENT IN DT NN , NN NNS PP$ CD NNS WDT VBP DT JJ NN : CD NNS IN VBG JJ PP$ NN VBZ PP DT JJS NN IN VBG DT JJ NN NN JJ NN : CC CD JJ NNS IN VBG DT JJS NN SENT NP MD RB VB DT NN IN VBG TO NN , CC IN PP VBP DT NN TO VB JJ NN TO VB DT JJS NN CC DT JJS NN ( `` NN VBZ DT JJ NN IN DT NN , '' VBZ VB ) , NN TO VB IN DT NN TO VB TO PP$ NN NN , CC VBP RB JJ NN RB IN DT NN IN PDT DT NN WRB PP VBP PP VBZ RB VBG TO VB RP IN DT NN , RB PP MD VB DT NN CC VB NN POS NN SENT </pos></review>
