<?xml version="1.0" encoding="ISO-8859-1" standalone="no"?>
<!DOCTYPE review SYSTEM "derev.dtd">
<review ID="0873" title="CircleofLies" writer="DouglasAlan" author="geneortiz" date="January 22, 2011" stars="5" suspectbook="1" unknownpurchase="1" nickname="1" cluster="1" allcluesclass="0" threecluesclass="0" sumclues="4" realclass="0" fold="4"><object>Always finish what you start</object><body>Ted Jordan is in big trouble. He's accused of embezzling from his law firm, torturing and murdering one of his partners, and then torching the victim's house in an attempt to cover his tracks. The District Attorney wants to fry him and nobody believes he's innocent. He turns to his friend since childhood, ex-cop, lawyer, and forensics professor, John Delaney. As the clues and evidence mount and continue to stack against his client, Delaney refuses to give up on his friend. Jordan insists he's being framed; but as suspicious as the characters who turn up may be, Delaney and his tough and sexy smart wife and partner, Katherine just can't make the connection. During the investigation, Delaney gets his car blown up, almost with him in it, one of his closest friends is shot five times in the back, and he gets beat up and thrown in a cell by a crooked Fed. When Jordan disappears just as the murder weapon is discovered, Delaney discovers the limits of his loyalty and doggedly stubborn need to finish whatever he starts. He's ready to quit, friend since childhood notwithstanding. Then the bad guys make the biggest mistake of their lives. Douglas Alan puts his years of experience as a trial lawyer, his degree in Psychology, and his familiarity with the Atlanta landscape and landmarks to take us through a riveting, real and frightening look behind the scenes of our criminal justice system. Politics, intrigue, and a touch of domestic humor sprinkled in, make this an exciting read. Well worth the time.</body><tokens>ted jordan is in big trouble . he 's accused of embezzling from his law firm , torturing and murdering one of his partners , and then torching the victim 's house in an attempt to cover his tracks . the district attorney wants to fry him and nobody believes he 's innocent . he turns to his friend since childhood , ex-cop , lawyer , and forensics professor , john delaney . as the clues and evidence mount and continue to stack against his client , delaney refuses to give up on his friend . jordan insists he 's being framed ; but as suspicious as the characters who turn up may be , delaney and his tough and sexy smart wife and partner , katherine just ca n't make the connection . during the investigation , delaney gets his car blown up , almost with him in it , one of his closest friends is shot five times in the back , and he gets beat up and thrown in a cell by a crooked fed . when jordan disappears just as the murder weapon is discovered , delaney discovers the limits of his loyalty and doggedly stubborn need to finish whatever he starts . he 's ready to quit , friend since childhood notwithstanding . then the bad guys make the biggest mistake of their lives . douglas alan puts his years of experience as a trial lawyer , his degree in psychology , and his familiarity with the atlanta landscape and landmarks to take us through a riveting , real and frightening look behind the scenes of our criminal justice system . politics , intrigue , and a touch of domestic humor sprinkled in , make this an exciting read . well worth the time .</tokens><lemmas>ted &lt;unknown&gt; be in big trouble . he be accuse of embezzle from his law firm , torture and murder one of his partner , and then torch the victim 's house in an attempt to cover his track . the district attorney want to fry him and nobody believe he be innocent . he turn to his friend since childhood , ex-cop , lawyer , and forensics professor , john &lt;unknown&gt; . as the clue and evidence mount and continue to stack against his client , Delaney refuse to give up on his friend . Jordan insist he be be frame ; but as suspicious as the character who turn up may be , Delaney and his tough and sexy smart wife and partner , &lt;unknown&gt; just ca n't make the connection . during the investigation , Delaney get his car blow up , almost with him in it , one of his close friend be shoot five time in the back , and he get beat up and throw in a cell by a crooked fed . when &lt;unknown&gt; disappear just as the murder weapon be discover , Delaney discover the limit of his loyalty and doggedly stubborn need to finish whatever he start . he be ready to quit , friend since childhood notwithstanding . then the bad guy make the big mistake of their life . &lt;unknown&gt; &lt;unknown&gt; put his year of experience as a trial lawyer , his degree in psychology , and his familiarity with the &lt;unknown&gt; landscape and landmark to take us through a riveting , real and frightening look behind the scene of our criminal justice system . politics , intrigue , and a touch of domestic humor sprinkle in , make this an exciting read . well worth the time . </lemmas><pos>VB NN VBZ IN JJ NN SENT PP VBZ VBN IN VBG IN PP$ NN NN , VBG CC VBG PP IN PP$ NNS , CC RB VBG DT NN POS NN IN DT NN TO VB PP$ NNS SENT DT NN NN VBZ TO VB PP CC NN VBZ PP VBZ JJ SENT PP VBZ TO PP$ NN IN NN , NN , NN , CC NNS NN , NN NN SENT IN DT NNS CC NN VBP CC VBP TO VB IN PP$ NN , NP VBZ TO VB RP IN PP$ NN SENT NP VBZ PP VBZ VBG VBN : CC RB JJ IN DT NNS WP VBP RB MD VB , NP CC PP$ JJ CC JJ JJ NN CC NN , NN RB MD RB VB DT NN SENT IN DT NN , NP VBZ PP$ NN VBN RP , RB IN PP IN PP , CD IN PP$ JJS NNS VBZ VBN CD NNS IN DT NN , CC PP VBZ VB RB CC VBN IN DT NN IN DT JJ NN SENT WRB NN VBZ RB IN DT NN NN VBZ VBN , NP VBZ DT NNS IN PP$ NN CC RB JJ NN TO VB WDT PP VBZ SENT PP VBZ JJ TO VB , NN IN NN RB SENT RB DT JJ NNS VBP DT JJS NN IN PP$ NNS SENT NNS NN VBZ PP$ NNS IN NN IN DT NN NN , PP$ NN IN NN , CC PP$ NN IN DT NN NN CC NNS TO VB PP IN DT JJ , JJ CC JJ NN IN DT NNS IN PP$ JJ NN NN SENT NNS , NN , CC DT NN IN JJ NN VBD IN , VB DT DT JJ NN SENT RB JJ DT NN SENT </pos></review>
