<?xml version="1.0" encoding="ISO-8859-1" standalone="no"?>
<!DOCTYPE review SYSTEM "derev.dtd">
<review ID="5601" title="TheJerusalemInception" writer="AvrahamAzrieli" author="djforjesus" date="August 13, 2011" stars="5" suspectbook="1" unknownpurchase="1" nickname="1" cluster="1" allcluesclass="0" threecluesclass="0" sumclues="4" realclass="0" fold="1"><object>hard to put down</object><body>If you look books with a little of everything, the Jerusalem Inception is for you.  With love, history, mystery, war and many other elements, this book ties a large range of topics together in a seamless manner.  My favorite part is the suspense, which is evident around every turn.  This one is hard to put down!</body><tokens>if you look books with a little of everything , the jerusalem inception is for you . with love , history , mystery , war and many other elements , this book ties a large range of topics together in a seamless manner . my favorite part is the suspense , which is evident around every turn . this one is hard to put down !</tokens><lemmas>if you look book with a little of everything , the &lt;unknown&gt; inception be for you . with love , history , mystery , war and many other element , this book tie a large range of topic together in a seamless manner . my favorite part be the suspense , which be evident around every turn . this one be hard to put down ! </lemmas><pos>IN PP VBP NNS IN DT JJ IN NN , DT NN NN VBZ IN PP SENT IN NN , NN , NN , NN CC JJ JJ NNS , DT NN VBZ DT JJ NN IN NNS RB IN DT JJ NN SENT PP$ JJ NN VBZ DT NN , WDT VBZ JJ IN DT NN SENT DT CD VBZ JJ TO VB RP SENT </pos></review>
