<?xml version="1.0" encoding="ISO-8859-1" standalone="no"?>
<!DOCTYPE review SYSTEM "derev.dtd">
<review ID="6740" title="WriteYourFirstBook" writer="PeterBiadasz" author="geneortiz" date="January 17, 2011" stars="5" suspectbook="1" unknownpurchase="1" nickname="1" cluster="1" allcluesclass="0" threecluesclass="0" sumclues="4" realclass="0" fold="7"><object>Roadmap to Authorship</object><body>Author, speaker and publisher Peter Biadasz wrote Write Your First Book as a practical how-to manual to serve all the authors and aspiring authors out there with a dream. As a writing coach, Biadasz has counseled many writers over the years and has helped them put their ideas into print and put those printed words before a buying audience. Author of 15 books, Biadasz shares his roadmap to success with the reader. Follow the roadmap from beginning to end, and you will retrace his steps to success. Taking an idea and turning it into a book may seem impossible at first, but Biadasz shows you how to break a seemingly impossible challenge into smaller manageable tasks so you don't get overwhelmed and give up. He tackles issues like generating and expanding on ideas, identifying and studying the right target audience, and dealing with procrastination. After devoting the first six chapters to writing your book, he devotes the next two chapters to publishing and marketing it. As a publisher, he helps you identify the qualities to look for in a full-service publisher; and as a speaker and author, he helps you prepare for, and overcome the seemingly impossible process of marketing your book. Chapter Nine is a straightforward guide on how speakers, pastors and teachers can transform their speeches and presentations into books, while Chapter Ten offers practical solutions to the question of how to look at your writing as a business. Outstanding tools include worksheets for Goal Planning, Marketing and Overcoming Procrastination, and a handy index to help you find and review specific steps quickly.</body><tokens>author , speaker and publisher peter biadasz wrote write your first book as a practical how-to manual to serve all the authors and aspiring authors out there with a dream . as a writing coach , biadasz has counseled many writers over the years and has helped them put their ideas into print and put those printed words before a buying audience . author of 15 books , biadasz shares his roadmap to success with the reader . follow the roadmap from beginning to end , and you will retrace his steps to success . taking an idea and turning it into a book may seem impossible at first , but biadasz shows you how to break a seemingly impossible challenge into smaller manageable tasks so you do n't get overwhelmed and give up . he tackles issues like generating and expanding on ideas , identifying and studying the right target audience , and dealing with procrastination . after devoting the first six chapters to writing your book , he devotes the next two chapters to publishing and marketing it . as a publisher , he helps you identify the qualities to look for in a full-service publisher ; and as a speaker and author , he helps you prepare for , and overcome the seemingly impossible process of marketing your book . chapter nine is a straightforward guide on how speakers , pastors and teachers can transform their speeches and presentations into books , while chapter ten offers practical solutions to the question of how to look at your writing as a business . outstanding tools include worksheets for goal planning , marketing and overcoming procrastination , and a handy index to help you find and review specific steps quickly .</tokens><lemmas>author , speaker and publisher peter &lt;unknown&gt; write write your first book as a practical how-to manual to serve all the author and aspire author out there with a dream . as a write coach , &lt;unknown&gt; have counsel many writer over the year and have help them put their idea into print and put those print word before a buying audience . author of @card@ book , &lt;unknown&gt; share his roadmap to success with the reader . follow the roadmap from begin to end , and you will retrace his step to success . take an idea and turn it into a book may seem impossible at first , but &lt;unknown&gt; show you how to break a seemingly impossible challenge into small manageable task so you do n't get overwhelmed and give up . he tackle issue like generate and expand on idea , identify and study the right target audience , and deal with procrastination . after devote the first six chapter to write your book , he devote the next two chapter to publishing and market it . as a publisher , he help you identify the quality to look for in a full-service publisher ; and as a speaker and author , he help you prepare for , and overcome the seemingly impossible process of market your book . chapter nine be a straightforward guide on how speaker , pastor and teacher can transform their speech and presentation into book , while chapter ten offer practical solution to the question of how to look at your writing as a business . outstanding tool include worksheet for goal planning , market and overcome procrastination , and a handy index to help you find and review specific step quickly . </lemmas><pos>NN , NN CC NN NN NN VBD VB PP$ JJ NN IN DT JJ JJ NN TO VB PDT DT NNS CC VBG NNS RP RB IN DT NN SENT IN DT VBG NN , NP VBZ VBN JJ NNS IN DT NNS CC VBZ VBN PP VBD PP$ NNS IN NN CC VB DT VBN NNS IN DT NN NN SENT NN IN CD NNS , NN NNS PP$ NN TO NN IN DT NN SENT VB DT NN IN VBG TO VB , CC PP MD VB PP$ NNS TO NN SENT VBG DT NN CC VBG PP IN DT NN MD VB JJ IN JJ , CC NP VBZ PP WRB TO VB DT RB JJ NN IN JJR JJ NNS IN PP VBP RB VB JJ CC VB RP SENT PP VBZ NNS IN VBG CC VBG IN NNS , VBG CC VBG DT JJ NN NN , CC VBG IN NN SENT IN VBG DT JJ CD NNS TO VBG PP$ NN , PP VBZ DT JJ CD NNS TO NN CC VBG PP SENT IN DT NN , PP VBZ PP VB DT NNS TO VB IN IN DT JJ NN : CC IN DT NN CC NN , PP VBZ PP VB IN , CC VB DT RB JJ NN IN VBG PP$ NN SENT NN CD VBZ DT JJ NN IN WRB NNS , NNS CC NNS MD VB PP$ NNS CC NNS IN NNS , IN NN CD VBZ JJ NNS TO DT NN IN WRB TO VB IN PP$ NN IN DT NN SENT JJ NNS VBP NNS IN NN NN , VBG CC VBG NN , CC DT JJ NN TO VB PP VB CC VB JJ NNS RB SENT </pos></review>
