<?xml version="1.0" encoding="ISO-8859-1" standalone="no"?>
<!DOCTYPE review SYSTEM "derev.dtd">
<review ID="5834" title="TheLightofInnocence" writer="CarlMarshall" author="djforjesus" date="November 7, 2010" stars="5" suspectbook="1" unknownpurchase="1" nickname="1" cluster="1" allcluesclass="0" threecluesclass="0" sumclues="4" realclass="0" fold="2"><object>Look no farther</object><body>It's not easy to be a Christian in today's world.  Too much gets in the way and too many churches and so-called Christians disappoint.  But Carl Marshall shows in his book &quot;The Light of Innocence&quot; that it IS possible to grow in our spirituality and gain a deep and meaningful relationship with God.  If you're searching for that unfulfilled love in your heart, look no further than &quot;The Light of Innocence&quot; for answers.</body><tokens>it 's not easy to be a christian in today 's world . too much gets in the way and too many churches and so-called christians disappoint . but carl marshall shows in his book &quot; the light of innocence &quot; that it is possible to grow in our spirituality and gain a deep and meaningful relationship with god . if you &quot; re searching for that unfulfilled love in your heart , look no further than &quot; the light of innocence &quot; for answers .</tokens><lemmas>it be not easy to be a Christian in today 's world . too much get in the way and too many church and so-called Christian disappoint . but carl &lt;unknown&gt; show in his book &quot; the light of innocence &quot; IN it be possible to grow in our spirituality and gain a deep and meaningful relationship with god . if you &quot; re search for that unfulfilled love in your heart , look no further than &quot; the light of innocence &quot; for answer . </lemmas><pos>PP VBZ RB JJ TO VB DT NN IN NN POS NN SENT RB RB VBZ IN DT NN CC RB JJ NNS CC JJ NNS VBP SENT CC NN NN VBZ IN PP$ NN `` DT NN IN NN ''  PP VBZ JJ TO VB IN PP$ NN CC VB DT JJ CC JJ NN IN NN SENT IN PP '' IN VBG IN DT JJ NN IN PP$ NN , VB RB RBR IN `` DT NN IN NN '' IN NNS SENT </pos></review>
