<?xml version="1.0" encoding="ISO-8859-1" standalone="no"?>
<!DOCTYPE review SYSTEM "derev.dtd">
<review ID="2642" title="LetterstoEthan" writer="TomMcQueen" author="geneortiz" date="November 3, 2010" stars="5" suspectbook="1" unknownpurchase="1" nickname="1" cluster="1" allcluesclass="0" threecluesclass="0" sumclues="4" realclass="0" fold="5"><object>Letters to Ethan: A Grandfather's Legacy of Life and Love by Tom McQueen. Review by Eugene Ortiz</object><body>In Letters to Ethan: A Grandfather's Legacy of Life and Love, Tom McQueen shares an inspiring  thirty years of experiences and lessons with grandson Ethan. Written for parents, grandparents, and young adults alike, McQueen dispenses over 150 pages of practical wisdom on topics ranging from life's purpose, friendship, and conflict, to faith, heroism, adversity, and forgiveness. It will make you laugh; it will make you cry; and you will want to keep it on your shelf to reference for years to come. You won't want the wisdom to end with the last letter; and luckily, you won't have to, because you can visit McQueen's Legacy Nation project at legacynationusa.com to read more letters and even begin a legacy of wisdom for your own children and grandchildren.</body><tokens>in letters to ethan : a grandfather 's legacy of life and love , tom mcqueen shares an inspiring thirty years of experiences and lessons with grandson ethan . written for parents , grandparents , and young adults alike , mcqueen dispenses over 150 pages of practical wisdom on topics ranging from life 's purpose , friendship , and conflict , to faith , heroism , adversity , and forgiveness . it will make you laugh ; it will make you cry ; and you will want to keep it on your shelf to reference for years to come . you wo n't want the wisdom to end with the last letter ; and luckily , you wo n't have to , because you can visit mcqueen 's legacy nation project at legacynationusa . com to read more letters and even begin a legacy of wisdom for your own children and grandchildren .</tokens><lemmas>in letter to &lt;unknown&gt; : a grandfather 's legacy of life and love , tom Mcqueen share an inspiring thirty year of experience and lesson with grandson &lt;unknown&gt; . write for parent , grandparent , and young adult alike , Mcqueen dispense over @card@ page of practical wisdom on topic range from life 's purpose , friendship , and conflict , to faith , heroism , adversity , and forgiveness . it will make you laugh ; it will make you cry ; and you will want to keep it on your shelf to reference for year to come . you wo n't want the wisdom to end with the last letter ; and luckily , you wo n't have to , because you can visit Mcqueen 's legacy nation project at &lt;unknown&gt; . com to read more letter and even begin a legacy of wisdom for your own child and grandchild . </lemmas><pos>IN NNS TO NN : DT NN POS NN IN NN CC NN , NN NP VBZ DT JJ CD NNS IN NNS CC NNS IN NN NN SENT VBN IN NNS , NNS , CC JJ NNS RB , NP VBZ IN CD NNS IN JJ NN IN NNS VBG IN NN POS NN , NN , CC NN , TO NN , NN , NN , CC NN SENT PP MD VB PP VB : PP MD VB PP VB : CC PP MD VB TO VB PP IN PP$ NN TO NN IN NNS TO VB SENT PP MD RB VB DT NN TO VB IN DT JJ NN : CC RB , PP MD RB VB TO , IN PP MD VB NP POS NN NN NN IN NN SENT NN TO VB JJR NNS CC RB VB DT NN IN NN IN PP$ JJ NNS CC NNS SENT </pos></review>
