<?xml version="1.0" encoding="ISO-8859-1" standalone="no"?>
<!DOCTYPE review SYSTEM "derev.dtd">
<review ID="6724" title="WriteYourFirstBook" writer="PeterBiadasz" author="jdown" date="August 27, 2012" stars="3" suspectbook="1" unknownpurchase="1" nickname="1" cluster="1" allcluesclass="0" threecluesclass="0" sumclues="4" realclass="0" fold="8"><object>GettingBookReviews.com?</object><body>According to an article in today's New York Times, Peter Biadiasz, author of Write Your First Book, hired an outfit called GettingBookReviews.com when he published this book.  GettingBookReviews.com made its money by writing a glowing review of any book, or 50 glowing reviews, if the price was right. So, let the buyer beware??</body><tokens>according to an article in today 's new york times , peter biadiasz , author of write your first book , hired an outfit called gettingbookreviews . com when he published this book . gettingbookreviews . com made its money by writing a glowing review of any book , or 50 glowing reviews , if the price was right . so , let the buyer beware ??</tokens><lemmas>accord to an article in today 's new york time , peter &lt;unknown&gt; , author of write your first book , hire an outfit call &lt;unknown&gt; . com when he publish this book . &lt;unknown&gt; . com make its money by write a glowing review of any book , or @card@ glowing review , if the price be right . so , let the buyer beware &lt;unknown&gt; </lemmas><pos>VBG TO DT NN IN NN POS JJ VBP NNS , NN NN , NN IN VB PP$ JJ NN , VBD DT NN VBD NNS SENT NN WRB PP VBD DT NN SENT NNS SENT NN VBD PP$ NN IN VBG DT JJ NN IN DT NN , CC CD JJ NNS , IN DT NN VBD JJ SENT RB , VBD DT NN VB JJ </pos></review>
