<?xml version="1.0" encoding="ISO-8859-1" standalone="no"?>
<!DOCTYPE review SYSTEM "derev.dtd">
<review ID="0142" title="ADangerousFortune" writer="KenFollett" author="JTurk" date="April 29, 2011" stars="5" suspectbook="0" unknownpurchase="0" nickname="0" cluster="0" allcluesclass="1" threecluesclass="1" sumclues="0" realclass="1" fold="4"><object>YES, BUT ...</object><body>This book has no dead spots. Sometimes things happen a bit too conveniently to ring true, sometimes it is predictive, but in the end you won't care, It is so great a tale that your are completely absorbed from start to finish. I liked this book because it kept me entertained.</body><tokens>this book has no dead spots . sometimes things happen a bit too conveniently to ring true , sometimes it is predictive , but in the end you wo n't care , it is so great a tale that your are completely absorbed from start to finish . i liked this book because it kept me entertained .</tokens><lemmas>this book have no dead spot . sometimes thing happen a bit too conveniently to ring true , sometimes it be predictive , but in the end you wo n't care , it be so great a tale IN your be completely absorb from start to finish . i like this book because it keep me entertain . </lemmas><pos>DT NN VBZ DT JJ NNS SENT RB NNS VB DT NN RB RB TO VB JJ , RB PP VBZ JJ , CC IN DT NN PP MD RB VB , PP VBZ RB JJ DT NN  PP$ VBP RB VBN IN NN TO VB SENT NP VBD DT NN IN PP VBD PP VBD SENT </pos></review>
