<?xml version="1.0" encoding="ISO-8859-1" standalone="no"?>
<!DOCTYPE review SYSTEM "derev.dtd">
<review ID="0597" title="BuryMyHeartatWoundedKnee" writer="DeeBrown" author="RockyWLathamPaparock" date="December 7, 1999" stars="5" suspectbook="0" unknownpurchase="0" nickname="0" cluster="0" allcluesclass="1" threecluesclass="1" sumclues="0" realclass="1" fold="9"><object>If you only read one book make it  THIS ONE</object><body>This is a book that should be required reading of every American before graduating high school. Perhaps then the true balanced story of the Native American Holocaust perpetrated on Americas' First Nations can start to be  recognized to be as great as that done by Nazi Germany to the Jewish  people.</body><tokens>this is a book that should be required reading of every american before graduating high school . perhaps then the true balanced story of the native american holocaust perpetrated on americas &quot; first nations can start to be recognized to be as great as that done by nazi germany to the jewish people .</tokens><lemmas>this be a book that should be require read of every American before graduate high school . perhaps then the true balanced story of the native American holocaust perpetrate on &lt;unknown&gt; &quot; first nation can start to be recognize to be as great as that do by Nazi &lt;unknown&gt; to the Jewish people . </lemmas><pos>DT VBZ DT NN WDT MD VB VBN VBG IN DT NN IN VBG JJ NN SENT RB RB DT JJ JJ NN IN DT JJ NN NN VBN IN NNS `` JJ NNS MD VB TO VB VBN TO VB RB JJ IN DT VBN IN NN NN TO DT JJ NNS SENT </pos></review>
