<?xml version="1.0" encoding="ISO-8859-1" standalone="no"?>
<!DOCTYPE review SYSTEM "derev.dtd">
<review ID="0120" title="ADangerousFortune" writer="KenFollett" author="JustinHowland" date="July 20, 2012" stars="4" suspectbook="0" unknownpurchase="0" nickname="0" cluster="0" allcluesclass="1" threecluesclass="1" sumclues="0" realclass="1" fold="2"><object>Historical Novel</object><body>I have always enjoyed reading historical novels since it an interesting way to review and relearn history. Mr. Follett leads us through the European history via his characters with their interaction in the various countr1es involved - i.e., Russia, Germany, France, England, and America, bringing that important segment of our own twentieth century background to life.</body><tokens>i have always enjoyed reading historical novels since it an interesting way to review and relearn history . mr . follett leads us through the european history via his characters with their interaction in the various countr1es involved - i . e . , russia , germany , france , england , and america , bringing that important segment of our own twentieth century background to life .</tokens><lemmas>i have always enjoy read historical novel since it an interesting way to review and &lt;unknown&gt; history . Mr . Follett lead us through the European history via his character with their interaction in the various &lt;unknown&gt; involve - i . e . , &lt;unknown&gt; , Germany , &lt;unknown&gt; , &lt;unknown&gt; , and &lt;unknown&gt; , bring IN important segment of our own twentieth century background to life . </lemmas><pos>NNS VBP RB VBN VBG JJ NNS IN PP DT JJ NN TO NN CC NN NN SENT NN SENT NP VBZ PP IN DT JJ NN IN PP$ NNS IN PP$ NN IN DT JJ NNS VBN : NP SENT LS SENT , NN , NP , NN , NN , CC NN , VBG  JJ NN IN PP$ JJ JJ NN NN TO NN SENT </pos></review>
