<?xml version="1.0" encoding="ISO-8859-1" standalone="no"?>
<!DOCTYPE review SYSTEM "derev.dtd">
<review ID="0585" title="BuryMyHeartatWoundedKnee" writer="DeeBrown" author="LauraMDellinger" date="November 29, 2003" stars="5" suspectbook="0" unknownpurchase="0" nickname="0" cluster="0" allcluesclass="1" threecluesclass="1" sumclues="0" realclass="1" fold="8"><object>An American history must-read</object><body>As a student and fan of history I have read probably thousands of fiction, non-fiction and 'semi-fiction' books, but this could be the most powerful and affecting of them all. Although this book only covers a thirty-year portion of the early history between European settlers and the native peoples of the United States, the repetitive nature of the encounters depicted fully displays the shameful truths that school textbooks and most Western movies hid, ignored, misrepresented or lied about. In EACH case, the settlers - and later, the U.S. government itself - deceived, cheated, manipulated and brutalized the indigenous people. It began before the 1860s and - take it from a person on the scene - it continues to this very day, only by more subtle and low-profile methods. My respect for the author is immense because the history is well-researched and documented and is presented in an even tone that makes the emotional impact of the tragic and infuriating proceedings even more powerful. This book caused me to see the stereotypical depictions from my youth of Indians as cruel and vicious savages in a much different light, because it brought me to ask myself if I and my fellow Caucasian Americans would act any differently when responding to an outside, invading force assaulting our country and trying to take possession of this country we consider our homeland. I highly recommend this book to anyone, novice or 'expert', who is interested in American history and/or Native American people.</body><tokens>as a student and fan of history i have read probably thousands of fiction , non-fiction and &quot; semi-fiction &quot; books , but this could be the most powerful and affecting of them all . although this book only covers a thirty-year portion of the early history between european settlers and the native peoples of the united states , the repetitive nature of the encounters depicted fully displays the shameful truths that school textbooks and most western movies hid , ignored , misrepresented or lied about . in each case , the settlers - and later , the u . s . government itself - deceived , cheated , manipulated and brutalized the indigenous people . it began before the 1860s and - take it from a person on the scene - it continues to this very day , only by more subtle and low-profile methods . my respect for the author is immense because the history is well-researched and documented and is presented in an even tone that makes the emotional impact of the tragic and infuriating proceedings even more powerful . this book caused me to see the stereotypical depictions from my youth of indians as cruel and vicious savages in a much different light , because it brought me to ask myself if i and my fellow caucasian americans would act any differently when responding to an outside , invading force assaulting our country and trying to take possession of this country we consider our homeland . i highly recommend this book to anyone , novice or &quot; expert &quot; , who is interested in american history and / or native american people .</tokens><lemmas>as a student and fan of history i have read probably thousand of fiction , non-fiction and &quot; &lt;unknown&gt; &quot; book , but this could be the most powerful and affect of them all . although this book only cover a thirty-year portion of the early history between European settler and the native people of the unite state , the repetitive nature of the encounter depict fully display the shameful truth IN school textbook and most western movie hide , ignore , misrepresent or lie about . in each case , the settler - and later , the u . &lt;unknown&gt; . government itself - deceive , cheat , manipulate and brutalize the indigenous people . it begin before the &lt;unknown&gt; and - take it from a person on the scene - it continue to this very day , only by more subtle and low-profile method . my respect for the author be immense because the history be well-research and document and be present in an even tone that make the emotional impact of the tragic and infuriate proceeding even more powerful . this book cause me to see the stereotypical depiction from my youth of Indian as cruel and vicious savage in a much different light , because it bring me to ask myself if i and my fellow Caucasian American would act any differently when respond to an outside , invade force assault our country and try to take possession of this country we consider our homeland . i highly recommend this book to anyone , novice or &quot; expert &quot; , who be interested in American history and / or native American people . </lemmas><pos>IN DT NN CC NN IN NN NNS VBP VBN RB NNS IN NN , NN CC `` NN '' NNS , CC DT MD VB DT RBS JJ CC VBG IN PP RB SENT IN DT NN RB VBZ DT NN NN IN DT JJ NN IN JJ NNS CC DT JJ NNS IN DT VBN NNS , DT JJ NN IN DT NNS VBN RB VBZ DT JJ NNS  NN NNS CC RBS JJ NNS VBD , VBD , VBD CC VBD RB SENT IN DT NN , DT NNS : CC RBR , DT NN SENT NNS SENT NN PP : VBN , VBN , VBN CC VBN DT JJ NNS SENT PP VBD IN DT NN CC : VB PP IN DT NN IN DT NN : PP VBZ TO DT JJ NN , RB IN JJR JJ CC NN NNS SENT PP$ NN IN DT NN VBZ JJ IN DT NN VBZ VBN CC VBN CC VBZ VBN IN DT JJ NN WDT VBZ DT JJ NN IN DT JJ CC VBG NNS RB RBR JJ SENT DT NN VBD PP TO VB DT JJ NNS IN PP$ NN IN NNS IN JJ CC JJ NNS IN DT JJ JJ NN , IN PP VBD PP TO VB PP IN NP CC PP$ JJ JJ NNS MD VB DT RB WRB VBG TO DT NN , VBG NN VBG PP$ NN CC VBG TO VB NN IN DT NN PP VBP PP$ NN SENT NP RB VBP DT NN TO NN , NN CC `` NN '' , WP VBZ JJ IN JJ NN CC SYM CC JJ JJ NNS SENT </pos></review>
