<?xml version="1.0" encoding="ISO-8859-1" standalone="no"?>
<!DOCTYPE review SYSTEM "derev.dtd">
<review ID="0189" title="ADangerousFortune" writer="KenFollett" author="CPaulCP" date="April 10, 1999" stars="4" suspectbook="0" unknownpurchase="0" nickname="0" cluster="0" allcluesclass="1" threecluesclass="1" sumclues="0" realclass="1" fold="7"><object>Good Story, Keeps getting better and better</object><body>This was the third book of Ken Follett I have read. In addition I do not read a lot. However, this book had a great story that kept getting better and better. There were a lot of characters and it took a while to get them  straigh and their relationship with one another. However there was a family  tree chart in the front of the book that helped. I definately enjoyed it  and would highly recommend it...</body><tokens>this was the third book of ken follett i have read . in addition i do not read a lot . however , this book had a great story that kept getting better and better . there were a lot of characters and it took a while to get them straigh and their relationship with one another . however there was a family tree chart in the front of the book that helped . i definately enjoyed it and would highly recommend it ...</tokens><lemmas>this be the third book of ken Follett i have read . in addition i do not read a lot . however , this book have a great story that keep get good and good . there be a lot of character and it take a while to get them &lt;unknown&gt; and their relationship with one another . however there be a family tree chart in the front of the book that help . i &lt;unknown&gt; enjoy it and would highly recommend it ... </lemmas><pos>DT VBD DT JJ NN IN NN NP NP VBP VBN SENT IN NN NNS VBP RB VB DT NN SENT RB , DT NN VBD DT JJ NN WDT VBD VBG JJR CC JJR SENT EX VBD DT NN IN NNS CC PP VBD DT NN TO VB PP RB CC PP$ NN IN CD DT SENT RB EX VBD DT NN NN NN IN DT NN IN DT NN WDT VBD SENT NP RB VBD PP CC MD RB VB PP : </pos></review>
