<?xml version="1.0" encoding="ISO-8859-1" standalone="no"?>
<!DOCTYPE review SYSTEM "derev.dtd">
<review ID="0154" title="ADangerousFortune" writer="KenFollett" author="EEWilkinskleinEmily" date="December 28, 2010" stars="5" suspectbook="0" unknownpurchase="0" nickname="0" cluster="0" allcluesclass="1" threecluesclass="1" sumclues="0" realclass="1" fold="5"><object>brilliant book</object><body>loved the book Could not put it down. very exciting. I won't say anymore read it yourself, I can highly recommend it</body><tokens>loved the book could not put it down . very exciting . i wo n't say anymore read it yourself , i can highly recommend it</tokens><lemmas>love the book could not put it down . very exciting . i wo n't say anymore read it yourself , i can highly recommend it </lemmas><pos>VBN DT NN MD RB VB PP RP SENT RB JJ SENT NP MD RB VB RB VB PP PP , NP MD RB VB PP </pos></review>
