<?xml version="1.0" encoding="ISO-8859-1" standalone="no"?>
<!DOCTYPE review SYSTEM "derev.dtd">
<review ID="0159" title="ADangerousFortune" writer="KenFollett" author="MOMalley" date="February 12, 2010" stars="5" suspectbook="0" unknownpurchase="0" nickname="0" cluster="0" allcluesclass="1" threecluesclass="1" sumclues="0" realclass="1" fold="6"><object>Follett never disappoints.</object><body>As always, Ken Folletts books are full of well developed and interesting characters and a compelling story.</body><tokens>as always , ken folletts books are full of well developed and interesting characters and a compelling story .</tokens><lemmas>as always , ken &lt;unknown&gt; book be full of well develop and interesting character and a compelling story . </lemmas><pos>RB RB , NN NNS NNS VBP JJ IN RB VBN CC JJ NNS CC DT JJ NN SENT </pos></review>
