<?xml version="1.0" encoding="ISO-8859-1" standalone="no"?>
<!DOCTYPE review SYSTEM "derev.dtd">
<review ID="0129" title="ADangerousFortune" writer="KenFollett" author="DSturgisagnes1991" date="December 7, 2011" stars="5" suspectbook="0" unknownpurchase="0" nickname="0" cluster="0" allcluesclass="1" threecluesclass="1" sumclues="0" realclass="1" fold="3"><object>Couldn't put it down.</object><body>I loved the book and the development of the characters.  There were too many errors in the kindle edition, but I would read it again.</body><tokens>i loved the book and the development of the characters . there were too many errors in the kindle edition , but i would read it again .</tokens><lemmas>i love the book and the development of the character . there be too many error in the kindle edition , but i would read it again . </lemmas><pos>NP VBD DT NN CC DT NN IN DT NNS SENT EX VBD RB JJ NNS IN DT VBP NN , CC NP MD VB PP RB SENT </pos></review>
