<?xml version="1.0" encoding="ISO-8859-1" standalone="no"?>
<!DOCTYPE review SYSTEM "derev.dtd">
<review ID="0027" title="ADangerousFortune" writer="KenFollett" author="DennisCAldridgeDCA" date="December 3, 2000" stars="5" suspectbook="0" unknownpurchase="0" nickname="0" cluster="0" allcluesclass="1" threecluesclass="1" sumclues="0" realclass="1" fold="1"><object>A Dangerous Fortune</object><body>I have owned the unabridged audio book version of this novel for a couple of years or so and am about to purchase a copy to give as a present.  The other reviews on this book do a very good job of describing it, so I will not repeat any of those descriptions.   This is a very entertaining story that will hold almost anyone's attention.  Yes, there are a couple of explicit sex scenes that might offend some people, but it seemed to me that they were an important part of the story.  (If Mr. Follett threw them in gratuitously, then he fooled me.) I have loaned this tape to several of my friends and EACH of them has told me on several occasions how much he or she enjoyed it.  And I have enjoyed it at least three times, myself.  My guess is that you will too.</body><tokens>i have owned the unabridged audio book version of this novel for a couple of years or so and am about to purchase a copy to give as a present . the other reviews on this book do a very good job of describing it , so i will not repeat any of those descriptions . this is a very entertaining story that will hold almost anyone 's attention . yes , there are a couple of explicit sex scenes that might offend some people , but it seemed to me that they were an important part of the story . ( if mr . follett threw them in gratuitously , then he fooled me . ) i have loaned this tape to several of my friends and each of them has told me on several occasions how much he or she enjoyed it . and i have enjoyed it at least three times , myself . my guess is that you will too .</tokens><lemmas>i have own the unabridged audio book version of this novel for a couple of year or so and am about to purchase a copy to give as a present . the other review on this book do a very good job of describe it , so i will not repeat any of those description . this be a very entertaining story that will hold almost anyone 's attention . yes , there be a couple of explicit sex scene that might offend some people , but it seem to me IN they be an important part of the story . ( if Mr . Follett throw them in gratuitously , then he fool me . ) i have loan this tape to several of my friend and each of them have tell me on several occasion how much he or she enjoy it . and i have enjoy it at least three time , myself . my guess be IN you will too . </lemmas><pos>NNS VBP VBN DT JJ JJ NN NN IN DT NN IN DT NN IN NNS CC RB CC RB RB TO VB DT NN TO VB IN DT NN SENT DT JJ NNS IN DT NN VBP DT RB JJ NN IN VBG PP , RB NP MD RB VB DT IN DT NNS SENT DT VBZ DT RB JJ NN WDT MD VB RB NN POS NN SENT UH , EX VBP DT NN IN JJ NN NNS WDT MD VB DT NNS , CC PP VBD TO PP  PP VBD DT JJ NN IN DT NN SENT ( IN NN SENT NP VBD PP IN RB , RB PP VBD PP SENT ) NP VBP VBN DT NN TO JJ IN PP$ NNS CC DT IN PP VBZ VBN PP IN JJ NNS WRB JJ PP CC PP VBD PP SENT CC NP VBP VBN PP IN JJS CD NNS , PP SENT PP$ NN VBZ  PP MD RB SENT </pos></review>
