<?xml version="1.0" encoding="ISO-8859-1" standalone="no"?>
<!DOCTYPE review SYSTEM "derev.dtd">
<review ID="0707" title="BuryMyHeartatWoundedKnee" writer="DeeBrown" author="JessicaPetersen" date="February 10, 2011" stars="5" suspectbook="0" unknownpurchase="0" nickname="0" cluster="0" allcluesclass="1" threecluesclass="1" sumclues="0" realclass="1" fold="3"><object>Bury my Heart at Wounded Knee</object><body>This book was SOOO good! It is sad, detailed and sometimes gruesome in it's telling of the history of different tribes and groups of American Indians. Some of the instances are well known, and some are not, but they way they are told brings new information and a new understanding to what happened. The illustrated edition is AWESOME. If you like old pictures and seeing who is being written about, this is a great way to go!</body><tokens>this book was sooo good ! it is sad , detailed and sometimes gruesome in it 's telling of the history of different tribes and groups of american indians . some of the instances are well known , and some are not , but they way they are told brings new information and a new understanding to what happened . the illustrated edition is awesome . if you like old pictures and seeing who is being written about , this is a great way to go !</tokens><lemmas>this book be sooo good ! it be sad , detailed and sometimes gruesome in it be tell of the history of different tribe and group of American Indian . some of the instance be well know , and some be not , but they way they be tell bring new information and a new understanding to what happen . the illustrate edition be awesome . if you like old picture and see who be be write about , this be a great way to go ! </lemmas><pos>DT NN VBD NP NN SENT PP VBZ JJ , JJ CC RB JJ IN PP VBZ VBG IN DT NN IN JJ NNS CC NNS IN JJ NNS SENT DT IN DT NNS VBP RB VBN , CC DT VBP RB , CC PP NN PP VBP VBN VBZ JJ NN CC DT JJ NN TO WP VBN SENT DT VBN NN VBZ JJ SENT IN PP VBP JJ NNS CC VBG WP VBZ VBG VBN RB , DT VBZ DT JJ NN TO VB SENT </pos></review>
