<?xml version="1.0" encoding="ISO-8859-1" standalone="no"?>
<!DOCTYPE review SYSTEM "derev.dtd">
<review ID="1055" title="DifferentSeasons" writer="StephenKing" author="JosephTownsendtherake" date="March 28, 2003" stars="5" suspectbook="0" unknownpurchase="0" nickname="0" cluster="0" allcluesclass="1" threecluesclass="1" sumclues="0" realclass="1" fold="7"><object>He's my favorite living writer and this is his very best</object><body>When I was a boy I, too, had a treehouse and some of my best memories are of long summer afternoons in my treehouse with a box full of comic books, and my favorites were always Classics Illustrated.  The stories were just about right for my reading skills and attention span and the plots were wonderful - that's what made Classics Illustrated (along with some pretty clever art work)so popular in the 1950's and 1960's.  And that's the feeling I get from Different Seasons - Stephen King at his very best and it is the tale, after all, that matters.  Oh sure, his writing skills were never better than when he crafted these stories, but it is the stories themselves that will prove timeless (successful movies have been made of them years after they were writen).  And whenever I find myself out of something to read, I can always pull out Different Seasons and feel just a little like I did all those years ago on summer afternoons in my treehouse, not unlike the boys in The Body.  Along with my boyhood friends, we even hiked railroads (and railroad bridges) and we camped out and told stories, and if we'd known about a body, we'd have probably gone looking for it.  Shawshank was just as good, Apt Pupil was kind of like one of those old Creepy magazines we also loved, and The Breathing Method was a fine end to the book.  Long Live Summer Afternoons (and Warren, Chuck, Charles, Kenny, Neal, Dave, Ernie, Lee, John et al, and we all miss Kurt)and Stephen King.</body><tokens>when i was a boy i , too , had a treehouse and some of my best memories are of long summer afternoons in my treehouse with a box full of comic books , and my favorites were always classics illustrated . the stories were just about right for my reading skills and attention span and the plots were wonderful - that 's what made classics illustrated ( along with some pretty clever art work ) so popular in the 1950 's and 1960 's . and that 's the feeling i get from different seasons - stephen king at his very best and it is the tale , after all , that matters . oh sure , his writing skills were never better than when he crafted these stories , but it is the stories themselves that will prove timeless ( successful movies have been made of them years after they were writen ) . and whenever i find myself out of something to read , i can always pull out different seasons and feel just a little like i did all those years ago on summer afternoons in my treehouse , not unlike the boys in the body . along with my boyhood friends , we even hiked railroads ( and railroad bridges ) and we camped out and told stories , and if we &quot; d known about a body , we &quot; d have probably gone looking for it . shawshank was just as good , apt pupil was kind of like one of those old creepy magazines we also loved , and the breathing method was a fine end to the book . long live summer afternoons ( and warren , chuck , charles , kenny , neal , dave , ernie , lee , john et al , and we all miss kurt ) and stephen king .</tokens><lemmas>when i be a boy i , too , have a &lt;unknown&gt; and some of my good memory be of long summer afternoon in my &lt;unknown&gt; with a box full of comic book , and my favorite be always classic illustrate . the storey be just about right for my reading skill and attention span and the plot be wonderful - that be what make classic illustrate ( along with some pretty clever art work ) so popular in the @card@ 's and @card@ 's . and that be the feel i get from different season - &lt;unknown&gt; king at his very good and it be the tale , after all , that matter . oh sure , his writing skill be never good than when he craft these storey , but it be the storey themselves that will prove timeless ( successful movie have be make of them year after they be &lt;unknown&gt; ) . and whenever i find myself out of something to read , i can always pull out different season and feel just a little like i do all those year ago on summer afternoon in my &lt;unknown&gt; , not unlike the boy in the body . along with my boyhood friend , we even hike railroad ( and railroad bridge ) and we camp out and tell storey , and if we &quot; d know about a body , we &quot; d have probably go look for it . &lt;unknown&gt; be just as good , apt pupil be kind of like one of those old creepy magazine we also love , and the breathing method be a fine end to the book . long live summer afternoon ( and warren , chuck , &lt;unknown&gt; , &lt;unknown&gt; , Neal , Dave , Ernie , lee , john et al , and we all miss &lt;unknown&gt; ) and &lt;unknown&gt; king . </lemmas><pos>WRB NP VBD DT NN NP , RB , VBD DT NN CC DT IN PP$ JJS NNS VBP IN JJ NN NNS IN PP$ NN IN DT NN JJ IN JJ NNS , CC PP$ NNS VBD RB NNS VBD SENT DT NNS VBD RB RB JJ IN PP$ NN NNS CC NN NN CC DT NNS VBD JJ : WDT VBZ WP VBD NNS VBN ( IN IN DT JJ JJ NN NN ) RB JJ IN DT CD POS CC NP POS SENT CC DT VBZ DT VBG NP VB IN JJ NNS : NN NN IN PP$ JJ JJS CC PP VBZ DT NN , IN DT , DT NNS SENT UH RB , PP$ NN NNS VBD RB JJR IN WRB PP VBD DT NNS , CC PP VBZ DT NNS PP WDT MD VB JJ ( JJ NNS VBP VBN VBN IN PP NNS IN PP VBD VBG ) SENT CC WRB NNS VBP PP RP IN NN TO VB , NP MD RB VB RP JJ NNS CC VBP RB DT JJ IN NP VBD PDT DT NNS RB IN NN NNS IN PP$ NN , RB IN DT NNS IN DT NN SENT IN IN PP$ NN NNS , PP RB VBD NNS ( CC NN NNS ) CC PP VBD RP CC VBD NNS , CC IN PP `` SYM VBN IN DT NN , PP `` NN VBP RB VBN VBG IN PP SENT NN VBD RB RB JJ , JJ NN VBD RB IN IN CD IN DT JJ JJ NNS PP RB VBD , CC DT NN NN VBD DT JJ NN TO DT NN SENT JJ JJ NN NNS ( CC NN , NN , NNS , NN , NP , NP , NP , NN , NN CC NP , CC PP RB VBP NN ) CC NN NN SENT </pos></review>
