<?xml version="1.0" encoding="ISO-8859-1" standalone="no"?>
<!DOCTYPE review SYSTEM "derev.dtd">
<review ID="0638" title="BuryMyHeartatWoundedKnee" writer="DeeBrown" author="SWarfield" date="May 30, 2011" stars="5" suspectbook="0" unknownpurchase="0" nickname="0" cluster="0" allcluesclass="1" threecluesclass="1" sumclues="0" realclass="1" fold="1"><object>Beautiful, but sad</object><body>This illustrated edition is a very beautiful book in terms of its binding, quality, the many photographs inside and its information.  But the story remains the same. Bury My Heart at Wounded Knee: The Illustrated Edition:  An Indian History of the American West by Dee Brown tells us of the same injustices that have been done to our Native American co-inhabitants of this country. We see how the first white men and women who came to New England were helped by the Indians or else starvation would have been their end. Brown even goes before those years to the days of Columbus and other explorers who used native peoples to their own advantage. We also read about the westward displacement of people who were driven from their homes and forced to move to a different part of the country, on foot.  President Andrew Jackson moved thousands farther west in what became know as the &quot;trail of tears.&quot;  As a retrospective newspaper indexer I read the firsthand account of this in an old newspaper from the times, and President Jackson said that this was for their own good.  When reading about the Trail of Tears, I failed to see how that could be. If you've read the book, Bury My Heart at Wounded Knee, this edition makes an excellent addition to a home library.  Illustrations always help to tell a story as well, and sometimes better, than words.  In this book, you get both.</body><tokens>this illustrated edition is a very beautiful book in terms of its binding , quality , the many photographs inside and its information . but the story remains the same . bury my heart at wounded knee : the illustrated edition : an indian history of the american west by dee brown tells us of the same injustices that have been done to our native american co-inhabitants of this country . we see how the first white men and women who came to new england were helped by the indians or else starvation would have been their end . brown even goes before those years to the days of columbus and other explorers who used native peoples to their own advantage . we also read about the westward displacement of people who were driven from their homes and forced to move to a different part of the country , on foot . president andrew jackson moved thousands farther west in what became know as the &quot; trail of tears . &quot; as a retrospective newspaper indexer i read the firsthand account of this in an old newspaper from the times , and president jackson said that this was for their own good . when reading about the trail of tears , i failed to see how that could be . if you 've read the book , bury my heart at wounded knee , this edition makes an excellent addition to a home library . illustrations always help to tell a story as well , and sometimes better , than words . in this book , you get both .</tokens><lemmas>this illustrate edition be a very beautiful book in term of its binding , quality , the many photograph inside and its information . but the story remain the same . bury my heart at wounded knee : the illustrate edition : an Indian history of the American west by &lt;unknown&gt; brown tell us of the same injustice that have be do to our native American &lt;unknown&gt; of this country . we see how the first white man and woman who come to new &lt;unknown&gt; be help by the Indian or else starvation would have be their end . brown even go before those year to the day of Columbus and other explorer who use native people to their own advantage . we also read about the westward displacement of people who be drive from their home and force to move to a different part of the country , on foot . president &lt;unknown&gt; &lt;unknown&gt; move thousand farther west in what become know as the &quot; trail of tear . &quot; as a retrospective newspaper indexer i read the firsthand account of this in an old newspaper from the time , and president &lt;unknown&gt; say IN this be for their own good . when read about the trail of tear , i fail to see how that could be . if you have read the book , bury my heart at wounded knee , this edition make an excellent addition to a home library . illustration always help to tell a story as well , and sometimes well , than word . in this book , you get both . </lemmas><pos>DT VBN NN VBZ DT RB JJ NN IN NNS IN PP$ NN , NN , DT JJ NNS IN CC PP$ NN SENT CC DT NN VBZ DT JJ SENT VB PP$ NN IN JJ NN : DT VBN NN : DT JJ NN IN DT JJ NN IN NN NN VBZ PP IN DT JJ NNS WDT VBP VBN VBN TO PP$ JJ NN NNS IN DT NN SENT PP VBP WRB DT JJ JJ NNS CC NNS WP VBD TO JJ NN VBD VBN IN DT NNS CC JJ NN MD VB VBN PP$ NN SENT NN RB VBZ IN DT NNS TO DT NNS IN NN CC JJ NNS WP VBD JJ NNS TO PP$ JJ NN SENT PP RB VBP IN DT JJ NN IN NNS WP VBD VBN IN PP$ NNS CC VBN TO VB TO DT JJ NN IN DT NN , IN NN SENT NN NNS NN VBD NNS RBR RB IN WP VBD VB IN DT `` NN IN NNS SENT '' IN DT JJ NN NN NP VBD DT JJ NN IN DT IN DT JJ NN IN DT NNS , CC NN NN VBD  DT VBD IN PP$ JJ NN SENT WRB VBG IN DT NN IN NNS , NP VBD TO VB WRB DT MD VB SENT IN PP VBP VBN DT NN , VBP PP$ NN IN JJ NN , DT NN VBZ DT JJ NN TO DT NN NN SENT NNS RB VBP TO VB DT NN IN RB , CC RB RBR , IN NNS SENT IN DT NN , PP VBP DT SENT </pos></review>
