<?xml version="1.0" encoding="ISO-8859-1" standalone="no"?>
<!DOCTYPE review SYSTEM "derev.dtd">
<review ID="0605" title="BuryMyHeartatWoundedKnee" writer="DeeBrown" author="HAVeraart" date="May 28, 2010" stars="5" suspectbook="0" unknownpurchase="0" nickname="0" cluster="0" allcluesclass="1" threecluesclass="1" sumclues="0" realclass="1" fold="0"><object>Bury my heart at wounded knee</object><body>I already had a paperback edition ,but this book is so beautifully excecuted ,that I can't leave it in the bookcase. H.Veraart</body><tokens>i already had a paperback edition , but this book is so beautifully excecuted , that i ca n't leave it in the bookcase . h . veraart</tokens><lemmas>i already have a paperback edition , but this book be so beautifully &lt;unknown&gt; , IN i ca n't leave it in the bookcase . h . &lt;unknown&gt; </lemmas><pos>NP RB VBD DT JJ NN , CC DT NN VBZ RB RB JJ ,  NP MD RB VB PP IN DT NN SENT NN SENT NN </pos></review>
