<?xml version="1.0" encoding="ISO-8859-1" standalone="no"?>
<!DOCTYPE review SYSTEM "derev.dtd">
<review ID="1104" title="DifferentSeasons" writer="StephenKing" author="SBronisz" date="May 5, 2011" stars="5" suspectbook="0" unknownpurchase="0" nickname="0" cluster="0" allcluesclass="1" threecluesclass="1" sumclues="0" realclass="1" fold="9"><object>Love it!</object><body>Great collection of stories!  Apt Pupil is one of the most disturbing stories I've ever read, i'm absolutely in love with it!</body><tokens>great collection of stories ! apt pupil is one of the most disturbing stories i 've ever read , i 'm absolutely in love with it !</tokens><lemmas>great collection of storey ! apt pupil be one of the most disturbing storey i have ever read , i be absolutely in love with it ! </lemmas><pos>JJ NN IN NNS SENT JJ NN VBZ CD IN DT RBS JJ NNS NNS VBP RB VBN , NNS VBP RB IN NN IN PP SENT </pos></review>
