<?xml version="1.0" encoding="ISO-8859-1" standalone="no"?>
<!DOCTYPE review SYSTEM "derev.dtd">
<review ID="0784" title="BuryMyHeartatWoundedKnee" writer="DeeBrown" author="ElizabethAnnGlennMrspglenn" date="January 19, 2011" stars="5" suspectbook="0" unknownpurchase="0" nickname="0" cluster="0" allcluesclass="1" threecluesclass="1" sumclues="0" realclass="1" fold="6"><object>book review</object><body>This was required reading for a college Literature class I was taking. The book arrived in great condition and quickly. What a sad, but enlightening, story.</body><tokens>this was required reading for a college literature class i was taking . the book arrived in great condition and quickly . what a sad , but enlightening , story .</tokens><lemmas>this be require reading for a college literature class i be take . the book arrive in great condition and quickly . what a sad , but enlightening , story . </lemmas><pos>DT VBD VBN NN IN DT NN NN NN NP VBD VBG SENT DT NN VBN IN JJ NN CC RB SENT WP DT JJ , CC JJ , NN SENT </pos></review>
