<?xml version="1.0" encoding="ISO-8859-1" standalone="no"?>
<!DOCTYPE review SYSTEM "derev.dtd">
<review ID="0724" title="BuryMyHeartatWoundedKnee" writer="DeeBrown" author="THooperthdizzy" date="January 9, 2005" stars="5" suspectbook="0" unknownpurchase="0" nickname="0" cluster="0" allcluesclass="1" threecluesclass="1" sumclues="0" realclass="1" fold="4"><object>Heartbreaking</object><body>This is a heartbreaking tale of how the United States destroyed the native civilizations of North America.  Dee Brown tells this story from the Native Americans' point of view.  He details how Americans used a series of treaties to swindle the natives out of their land.  Time and time again, these treaties were broken.  Land was continually stolen from the natives, and when they tried to stand up for their rights as outlined in the treaties, then the U.S. army was there to murder and torture the natives until they could no longer resist.  This book will prove to be an eye-opener.  As an American, I was spoon-fed the theory of Manifest Destiny in American high school.  I think it would be better to call it what it really is -- genocide.  If you would like to read about &quot;how the west was won,&quot; then I would recommend that you pick up this book, so that you can learn the real truth about American history.</body><tokens>this is a heartbreaking tale of how the united states destroyed the native civilizations of north america . dee brown tells this story from the native americans &quot; point of view . he details how americans used a series of treaties to swindle the natives out of their land . time and time again , these treaties were broken . land was continually stolen from the natives , and when they tried to stand up for their rights as outlined in the treaties , then the u . s . army was there to murder and torture the natives until they could no longer resist . this book will prove to be an eye-opener . as an american , i was spoon-fed the theory of manifest destiny in american high school . i think it would be better to call it what it really is -- genocide . if you would like to read about &quot; how the west was won , &quot; then i would recommend that you pick up this book , so that you can learn the real truth about american history .</tokens><lemmas>this be a heartbreaking tale of how the unite state destroy the native civilization of north &lt;unknown&gt; . &lt;unknown&gt; brown tell this story from the native American &quot; point of view . he detail how American use a series of treaty to swindle the native out of their land . time and time again , these treaty be break . land be continually steal from the native , and when they try to stand up for their right as outline in the treaty , then the u . &lt;unknown&gt; . army be there to murder and torture the native until they could no longer resist . this book will prove to be an eye-opener . as an American , i be spoon-feed the theory of manifest destiny in American high school . i think it would be good to call it what it really be -- genocide . if you would like to read about &quot; how the west be win , &quot; then i would recommend IN you pick up this book , so IN you can learn the real truth about American history . </lemmas><pos>DT VBZ DT JJ NN IN WRB DT VBN NNS VBD DT JJ NNS IN JJ NN SENT NN NN VBZ DT NN IN DT JJ NNS '' NN IN NN SENT PP VBZ WRB NNS VBD DT NN IN NNS TO VB DT NNS RP IN PP$ NN SENT NN CC NN RB , DT NNS VBD VBN SENT NN VBD RB VBN IN DT NNS , CC WRB PP VBD TO VB RP IN PP$ NNS RB VBN IN DT NNS , RB DT NN SENT NNS SENT NN VBD RB TO VB CC VB DT NNS IN PP MD RB RBR VB SENT DT NN MD VB TO VB DT NN SENT IN DT NN , NP VBD VBN DT NN IN JJ NN IN JJ JJ NN SENT NNS VBP PP MD VB JJR TO VB PP WP PP RB VBZ : NN SENT IN PP MD VB TO VB RB '' WRB DT NN VBD VBN , '' RB NP MD VB  PP VB RP DT NN , RB  PP MD VB DT JJ NN IN JJ NN SENT </pos></review>
