<?xml version="1.0" encoding="ISO-8859-1" standalone="no"?>
<!DOCTYPE review SYSTEM "derev.dtd">
<review ID="0693" title="BuryMyHeartatWoundedKnee" writer="DeeBrown" author="DianeWeaver" date="July 6, 2012" stars="5" suspectbook="0" unknownpurchase="0" nickname="0" cluster="0" allcluesclass="1" threecluesclass="1" sumclues="0" realclass="1" fold="2"><object>Awesome</object><body>Awesome history book of the American Indian.  It is unbelievable how the Native Americans were treated - all because of the greed of the white man.  Relates to today - we still have the greed of the white man.  Every school child should be required to read this book.</body><tokens>awesome history book of the american indian . it is unbelievable how the native americans were treated - all because of the greed of the white man . relates to today - we still have the greed of the white man . every school child should be required to read this book .</tokens><lemmas>awesome history book of the American Indian . it be unbelievable how the native American be treat - all because of the greed of the white man . relate to today - we still have the greed of the white man . every school child should be require to read this book . </lemmas><pos>JJ NN NN IN DT JJ NN SENT PP VBZ JJ WRB DT JJ NNS VBD VBN : RB IN IN DT NN IN DT JJ NN SENT VBZ TO NN : PP RB VBP DT NN IN DT JJ NN SENT DT NN NN MD VB VBN TO VB DT NN SENT </pos></review>
