<?xml version="1.0" encoding="ISO-8859-1" standalone="no"?>
<!DOCTYPE review SYSTEM "derev.dtd">
<review ID="0734" title="BuryMyHeartatWoundedKnee" writer="DeeBrown" author="RoxieGPowell" date="August 3, 2007" stars="4" suspectbook="0" unknownpurchase="0" nickname="0" cluster="0" allcluesclass="1" threecluesclass="1" sumclues="0" realclass="1" fold="5"><object>Original Eye-Opener</object><body>This book was and contines to be a wake-up call to the asleep teaching of American History.  Especially that of Native Americans and most notably our utter ignorance of our history with Latin America.</body><tokens>this book was and contines to be a wake-up call to the asleep teaching of american history . especially that of native americans and most notably our utter ignorance of our history with latin america .</tokens><lemmas>this book be and &lt;unknown&gt; to be a wake-up call to the asleep teaching of American history . especially IN of native American and most notably our utter ignorance of our history with Latin &lt;unknown&gt; . </lemmas><pos>DT NN VBD CC NNS TO VB DT JJ NN TO DT JJ NN IN JJ NN SENT RB  IN JJ NNS CC RBS RB PP$ JJ NN IN PP$ NN IN NN NN SENT </pos></review>
