<?xml version="1.0" encoding="ISO-8859-1" standalone="no"?>
<!DOCTYPE review SYSTEM "derev.dtd">
<review ID="1122" title="DifferentSeasons" writer="StephenKing" author="APierre" date="March 4, 2008" stars="4" suspectbook="0" unknownpurchase="0" nickname="0" cluster="0" allcluesclass="1" threecluesclass="1" sumclues="0" realclass="1" fold="1"><object>A good book</object><body>I thought this book was quite good-I liked the stories of Rita Hayworth and the Shawshank Redemption and The Body alot. Three of the four stories were made into movies, two are considered classics. My only problem with the book is how The Body ended. I loved the film Stand By Me and it was cool to read about how Ace and the gang got Gordie and his friends back. Then it takes a sick turn killing of each the people who you've seem to grown up with while reading the short story. I dont know why King had to kill of all of them.  He also made Gordie happy to know the friends he had were all dead. The worst ending to any King story. Other then the ending, the book is well worth getting.</body><tokens>i thought this book was quite good-i liked the stories of rita hayworth and the shawshank redemption and the body alot . three of the four stories were made into movies , two are considered classics . my only problem with the book is how the body ended . i loved the film stand by me and it was cool to read about how ace and the gang got gordie and his friends back . then it takes a sick turn killing of each the people who you 've seem to grown up with while reading the short story . i dont know why king had to kill of all of them . he also made gordie happy to know the friends he had were all dead . the worst ending to any king story . other then the ending , the book is well worth getting .</tokens><lemmas>i think this book be quite &lt;unknown&gt; like the storey of &lt;unknown&gt; &lt;unknown&gt; and the &lt;unknown&gt; redemption and the body &lt;unknown&gt; . three of the four storey be make into movie , two be consider classic . my only problem with the book be how the body end . i love the film stand by me and it be cool to read about how ace and the gang get &lt;unknown&gt; and his friend back . then it take a sick turn kill of each the people who you have seem to grow up with while read the short story . i &lt;unknown&gt; know why king have to kill of all of them . he also make &lt;unknown&gt; happy to know the friend he have be all dead . the bad end to any king story . other then the ending , the book be well worth get . </lemmas><pos>NP VBD DT NN VBD RB NNS VBD DT NNS IN NN NN CC DT NN NN CC DT NN NN SENT CD IN DT CD NNS VBD VBN IN NNS , CD VBP VBN NNS SENT PP$ JJ NN IN DT NN VBZ WRB DT NN VBD SENT NP VBD DT NN NN IN PP CC PP VBD JJ TO VB RB WRB NN CC DT NN VBD NN CC PP$ NNS RB SENT RB PP VBZ DT JJ NN VBG IN DT DT NNS WP PP VBP VB TO VBN RP IN IN VBG DT JJ NN SENT NP NN VBP WRB NN VBD TO VB IN DT IN PP SENT PP RB VBD NN JJ TO VB DT NNS PP VBD VBD RB JJ SENT DT JJS VBG TO DT NN NN SENT JJ RB DT NN , DT NN VBZ RB JJ VBG SENT </pos></review>
