<?xml version="1.0" encoding="ISO-8859-1" standalone="no"?>
<!DOCTYPE review SYSTEM "derev.dtd">
<review ID="1539" title="ForWhomtheBellTolls" writer="ErnestHemingway" author="JasonWHoffman" date="March 25, 2012" stars="3" suspectbook="0" unknownpurchase="0" nickname="0" cluster="0" allcluesclass="1" threecluesclass="1" sumclues="0" realclass="1" fold="6"><object>Dry, slow to progress</object><body>I love to read and very rarely put a book down but I had a hard time staying interested or excited about this book.  I decided I will finish the book after reading other stuff so maybe when I finish it I will appreciate it more.</body><tokens>i love to read and very rarely put a book down but i had a hard time staying interested or excited about this book . i decided i will finish the book after reading other stuff so maybe when i finish it i will appreciate it more .</tokens><lemmas>i love to read and very rarely put a book down but i have a hard time stay interested or excite about this book . i decide i will finish the book after read other stuff so maybe when i finish it i will appreciate it more . </lemmas><pos>NNS VBP TO VB CC RB RB VB DT NN RB CC NP VBD DT JJ NN VBG JJ CC VBN IN DT NN SENT NP VBD NP MD VB DT NN IN VBG JJ NN RB RB WRB NNS VB PP NP MD VB PP JJR SENT </pos></review>
