<?xml version="1.0" encoding="ISO-8859-1" standalone="no"?>
<!DOCTYPE review SYSTEM "derev.dtd">
<review ID="1592" title="ForWhomtheBellTolls" writer="ErnestHemingway" author="BryanEmmel" date="July 9, 2005" stars="2" suspectbook="0" unknownpurchase="0" nickname="0" cluster="0" allcluesclass="1" threecluesclass="1" sumclues="0" realclass="1" fold="7"><object>Censored</object><body>If you want to read an award-winning author's works, do not read this edition.  It is censored to remove the profanity by usning the words &quot;unprintable&quot; repeatedly.  Very insulting to any reader.  If young people can't handle such vocabulary, they should stick with &quot;The Adventures of Barney.&quot;</body><tokens>if you want to read an award-winning author 's works , do not read this edition . it is censored to remove the profanity by usning the words &quot; unprintable &quot; repeatedly . very insulting to any reader . if young people ca n't handle such vocabulary , they should stick with &quot; the adventures of barney . &quot;</tokens><lemmas>if you want to read an award-winning author 's work , do not read this edition . it be censor to remove the profanity by &lt;unknown&gt; the word &quot; unprintable &quot; repeatedly . very insulting to any reader . if young people ca n't handle such vocabulary , they should stick with &quot; the adventure of barney . &quot; </lemmas><pos>IN PP VBP TO VB DT JJ NN POS NNS , VBP RB VB DT NN SENT PP VBZ VBN TO VB DT NN IN VBG DT NNS `` JJ '' RB SENT RB JJ TO DT NN SENT IN JJ NNS MD RB VB JJ NN , PP MD VB IN `` DT NNS IN NN SENT `` </pos></review>
