<?xml version="1.0" encoding="ISO-8859-1" standalone="no"?>
<!DOCTYPE review SYSTEM "derev.dtd">
<review ID="2375" title="LeavesofGrass" writer="WaltWhitman" author="KaseleMyers" date="May 30, 2007" stars="5" suspectbook="0" unknownpurchase="0" nickname="0" cluster="0" allcluesclass="1" threecluesclass="1" sumclues="0" realclass="1" fold="9"><object>Loverly</object><body>What a lover?! I have fallen in love with Walt Whitman.  One such as this writing such passionate things in those times or these...and with such candor.  I am so thankful to have read this book. Beautiful.</body><tokens>what a lover ?! i have fallen in love with walt whitman . one such as this writing such passionate things in those times or these ... and with such candor . i am so thankful to have read this book . beautiful .</tokens><lemmas>what a lover &lt;unknown&gt; i have fall in love with Walt Whitman . one such as this write such passionate thing in those time or these ... and with such candor . i be so thankful to have read this book . beautiful . </lemmas><pos>WP DT NN NN NNS VBP VBN IN NN IN NP NP SENT CD JJ IN DT VBG JJ JJ NNS IN DT NNS CC DT : CC IN JJ NN SENT NNS VBP RB JJ TO VB VBN DT NN SENT JJ SENT </pos></review>
