<?xml version="1.0" encoding="ISO-8859-1" standalone="no"?>
<!DOCTYPE review SYSTEM "derev.dtd">
<review ID="1506" title="ForWhomtheBellTolls" writer="ErnestHemingway" author="DerekDBergey" date="April 17, 2012" stars="1" suspectbook="0" unknownpurchase="0" nickname="0" cluster="0" allcluesclass="1" threecluesclass="1" sumclues="0" realclass="1" fold="5"><object>Hatred for changes</object><body>I do enjoy the book. My issue is not with the book but with the people who altered it to suit their sensibility. If you don't like the langauge used in the book that is fine, but don't change every curse word to &quot;unprintable&quot;, &quot;unmentionable&quot; because you and want you and your children to live in a bubble. You are ruining something that is perfect as it is. You lack the creative ability to create anything on your own so you believe changing curse words into clever terms makes you an artist. Whoever edited this book need be shot, and be sent back to whatever community college academic standpoint they came from where they believe the world is fair and things should all be politically correct. NEVER CHANGE THINGS TO SUIT YOUR SENSIBILITY!</body><tokens>i do enjoy the book . my issue is not with the book but with the people who altered it to suit their sensibility . if you do n't like the langauge used in the book that is fine , but do n't change every curse word to &quot; unprintable &quot; , &quot; unmentionable &quot; because you and want you and your children to live in a bubble . you are ruining something that is perfect as it is . you lack the creative ability to create anything on your own so you believe changing curse words into clever terms makes you an artist . whoever edited this book need be shot , and be sent back to whatever community college academic standpoint they came from where they believe the world is fair and things should all be politically correct . never change things to suit your sensibility !</tokens><lemmas>i do enjoy the book . my issue be not with the book but with the people who alter it to suit their sensibility . if you do n't like the &lt;unknown&gt; use in the book that be fine , but do n't change every curse word to &quot; unprintable &quot; , &quot; unmentionable &quot; because you and want you and your child to live in a bubble . you be ruin something that be perfect as it be . you lack the creative ability to create anything on your own so you believe change curse word into clever term make you an artist . whoever edit this book need be shoot , and be send back to whatever community college academic standpoint they come from where they believe the world be fair and thing should all be politically correct . never change thing to suit your sensibility ! </lemmas><pos>NNS VBP VB DT NN SENT PP$ NN VBZ RB IN DT NN CC IN DT NNS WP VBD PP TO VB PP$ NN SENT IN PP VBP RB VB DT NN VBN IN DT NN WDT VBZ JJ , CC VBP RB VB DT NN NN TO `` JJ '' , `` JJ '' IN PP CC VB PP CC PP$ NNS TO VB IN DT NN SENT PP VBP VBG NN WDT VBZ JJ IN PP VBZ SENT PP VBP DT JJ NN TO VB NN IN PP$ JJ IN PP VBP VBG NN NNS IN JJ NNS VBZ PP DT NN SENT WP VBD DT NN MD VB VBN , CC VB VBN RB TO WDT NN NN JJ NN PP VBD IN WRB PP VBP DT NN VBZ JJ CC NNS MD RB VB RB JJ SENT RB VB NNS TO VB PP$ NN SENT </pos></review>
