<?xml version="1.0" encoding="ISO-8859-1" standalone="no"?>
<!DOCTYPE review SYSTEM "derev.dtd">
<review ID="1680" title="ForWhomtheBellTolls" writer="ErnestHemingway" author="DavidTMatthewmanDTM" date="January 8, 2011" stars="5" suspectbook="0" unknownpurchase="0" nickname="0" cluster="0" allcluesclass="1" threecluesclass="1" sumclues="0" realclass="1" fold="8"><object>Incredible read!</object><body>I have 2 degrees in English Lit and this is my all-time favorite book. Hemmingway is my favorite author and I believe this is his best novel.</body><tokens>i have 2 degrees in english lit and this is my all-time favorite book . hemmingway is my favorite author and i believe this is his best novel .</tokens><lemmas>i have 2 degree in English lit and this be my all-time favorite book . &lt;unknown&gt; be my favorite author and i believe this be his good novel . </lemmas><pos>NNS VBP CD NNS IN JJ NN CC DT VBZ PP$ JJ JJ NN SENT NN VBZ PP$ JJ NN CC NP VBP DT VBZ PP$ JJS NN SENT </pos></review>
