<?xml version="1.0" encoding="ISO-8859-1" standalone="no"?>
<!DOCTYPE review SYSTEM "derev.dtd">
<review ID="1448" title="ForWhomtheBellTolls" writer="ErnestHemingway" author="SondraRabone" date="June 8, 2010" stars="5" suspectbook="0" unknownpurchase="0" nickname="0" cluster="0" allcluesclass="1" threecluesclass="1" sumclues="0" realclass="1" fold="4"><object>The ;magnificent declarative sentence.</object><body>Hemingway is still a gem.  This book builds on his wonderful sentences into a tragic view of the Spanish Civil War.  It is not overly 'macho' as some of his books.  Just a darn good read even after 70 some-odd years.</body><tokens>hemingway is still a gem . this book builds on his wonderful sentences into a tragic view of the spanish civil war . it is not overly &quot; macho &quot; as some of his books . just a darn good read even after 70 some-odd years .</tokens><lemmas>&lt;unknown&gt; be still a gem . this book build on his wonderful sentence into a tragic view of the Spanish civil war . it be not overly &quot; macho &quot; as some of his book . just a darn good read even after @card@ &lt;unknown&gt; year . </lemmas><pos>NN VBZ RB DT NN SENT DT NN VBZ IN PP$ JJ NNS IN DT JJ NN IN DT JJ JJ NN SENT PP VBZ RB RB `` JJ '' IN DT IN PP$ NNS SENT RB DT JJ JJ NN RB IN CD JJ NNS SENT </pos></review>
