<?xml version="1.0" encoding="ISO-8859-1" standalone="no"?>
<!DOCTYPE review SYSTEM "derev.dtd">
<review ID="2866" title="NeverEndingStory" writer="MichaelEnde" author="CarlosMontenegro" date="May 22, 2011" stars="5" suspectbook="0" unknownpurchase="0" nickname="0" cluster="0" allcluesclass="1" threecluesclass="1" sumclues="0" realclass="1" fold="6"><object>A must read for fantasy fans</object><body>I first read The Neverending Story at least 6 years ago and I absolutely loved it. But, unfortunately I lost the copy I had and had been unable to find a decent copy until now. Michael Ende crafted a rich fantasy world that is unique to him alone, were both Fantastica and our world are connected through a book and that both worlds are in peril. The first part deals with Atreyu's journey as he looks for a cure for the ailing childlike empress, a journey filled with perils and despair. The second part of the book (which some people seem to dislike) deals with Bastian's journey through Fantastica,were he must make wishes in order to continue moving through Fantastica, but with each wish he looses something even more valuable. Ignore the film and read the book instead.</body><tokens>i first read the neverending story at least 6 years ago and i absolutely loved it . but , unfortunately i lost the copy i had and had been unable to find a decent copy until now . michael ende crafted a rich fantasy world that is unique to him alone , were both fantastica and our world are connected through a book and that both worlds are in peril . the first part deals with atreyu 's journey as he looks for a cure for the ailing childlike empress , a journey filled with perils and despair . the second part of the book ( which some people seem to dislike ) deals with bastian 's journey through fantastica , were he must make wishes in order to continue moving through fantastica , but with each wish he looses something even more valuable . ignore the film and read the book instead .</tokens><lemmas>i first read the neverending story at least 6 year ago and i absolutely love it . but , unfortunately i lose the copy i have and have be unable to find a decent copy until now . Michael Ende craft a rich fantasy world that be unique to him alone , be both &lt;unknown&gt; and our world be connect through a book and IN both world be in peril . the first part deal with &lt;unknown&gt; 's journey as he look for a cure for the ailing childlike empress , a journey fill with peril and despair . the second part of the book ( which some people seem to dislike ) deal with &lt;unknown&gt; 's journey through &lt;unknown&gt; , be he must make wish in order to continue move through &lt;unknown&gt; , but with each wish he loose something even more valuable . ignore the film and read the book instead . </lemmas><pos>NP RB VBD DT JJ NN IN JJS CD NNS RB CC NP RB VBD PP SENT CC , RB NP VBD DT NN NP VBD CC VBD VBN JJ TO VB DT JJ NN IN RB SENT NP NP VBD DT JJ NN NN WDT VBZ JJ TO PP RB , VBD DT NN CC PP$ NN VBP VBN IN DT NN CC  DT NNS VBP IN NN SENT DT JJ NN NNS IN NP POS NN IN PP VBZ IN DT NN IN DT JJ JJ NN , DT NN VBN IN NNS CC NN SENT DT JJ NN IN DT NN ( WDT DT NNS VBP TO VB ) NNS IN NN POS NN IN NN , VBD PP MD VB NNS IN NN TO VB VBG IN NN , CC IN DT NN PP VBZ NN RB RBR JJ SENT VB DT NN CC VB DT NN RB SENT </pos></review>
