<?xml version="1.0" encoding="ISO-8859-1" standalone="no"?>
<!DOCTYPE review SYSTEM "derev.dtd">
<review ID="2939" title="NeverEndingStory" writer="MichaelEnde" author="TerriLMudd" date="May 10, 2010" stars="5" suspectbook="0" unknownpurchase="0" nickname="0" cluster="0" allcluesclass="1" threecluesclass="1" sumclues="0" realclass="1" fold="9"><object>The Neverending Story</object><body>Actually reading the book was so much more than I ever thought it would be!  I have seen the movie a number of times over the years, and I had started to watch an &quot;On Demand&quot; version done in a series type of genre.  It made me realize that I really did need to read the book, meaning I needed to find it!  Not as easy as I would have thought.  Amazon had it, I read it and while the movie held true to the book, it stopped about half way through. If you are a NES fan, you MUST read this!</body><tokens>actually reading the book was so much more than i ever thought it would be ! i have seen the movie a number of times over the years , and i had started to watch an &quot; on demand &quot; version done in a series type of genre . it made me realize that i really did need to read the book , meaning i needed to find it ! not as easy as i would have thought . amazon had it , i read it and while the movie held true to the book , it stopped about half way through . if you are a nes fan , you must read this !</tokens><lemmas>actually read the book be so much more than i ever think it would be ! i have see the movie a number of time over the year , and i have start to watch an &quot; on demand &quot; version do in a series type of genre . it make me realize IN i really do need to read the book , mean i need to find it ! not as easy as i would have think . amazon have it , i read it and while the movie hold true to the book , it stop about half way through . if you be a &lt;unknown&gt; fan , you must read this ! </lemmas><pos>RB VBG DT NN VBD RB RB JJR IN NP RB VBD PP MD VB SENT NNS VBP VBN DT NN DT NN IN NNS IN DT NNS , CC NP VBD VBN TO VB DT '' IN NN '' NN VBN IN DT NN NN IN NN SENT PP VBD PP VBP  NP RB VBD VB TO VB DT NN , VBG NP VBN TO VB PP SENT RB RB JJ IN NP MD VB VBN SENT NN VBD PP , NP VBD PP CC IN DT NN VBD JJ TO DT NN , PP VBD IN DT NN RB SENT IN PP VBP DT JJ NN , PP MD VB DT SENT </pos></review>
