<?xml version="1.0" encoding="ISO-8859-1" standalone="no"?>
<!DOCTYPE review SYSTEM "derev.dtd">
<review ID="2870" title="NeverEndingStory" writer="MichaelEnde" author="AHilscher" date="November 3, 2009" stars="5" suspectbook="0" unknownpurchase="0" nickname="0" cluster="0" allcluesclass="1" threecluesclass="1" sumclues="0" realclass="1" fold="7"><object>Wow, if you liked the movie, you'll love this book!</object><body>Although I haven't watched this movie recently, I've always loved it. And after reading this book, I can't wait for the new remake to come out. The movie is very loosely based on the book, but never the less I love them both. Although the book is easy to follow, the detail of the picture the words paint in your mind is wonderfully elaborate. I received the book last week and have been reading it every chance I get and I just finished it a couple minutes ago. It makes me want to go home and watch the movie. I am 34 years old and don't do much fictional reading, but if you liked the movie this book is a must read. There's just so many more characters, plots and background information than in the movie. I have such a warm fuzzy feeling inside now :)</body><tokens>although i have n't watched this movie recently , i 've always loved it . and after reading this book , i ca n't wait for the new remake to come out . the movie is very loosely based on the book , but never the less i love them both . although the book is easy to follow , the detail of the picture the words paint in your mind is wonderfully elaborate . i received the book last week and have been reading it every chance i get and i just finished it a couple minutes ago . it makes me want to go home and watch the movie . i am 34 years old and do n't do much fictional reading , but if you liked the movie this book is a must read . there 's just so many more characters , plots and background information than in the movie . i have such a warm fuzzy feeling inside now : )</tokens><lemmas>although i have n't watch this movie recently , i have always love it . and after read this book , i ca n't wait for the new remake to come out . the movie be very loosely base on the book , but never the less i love them both . although the book be easy to follow , the detail of the picture the word paint in your mind be wonderfully elaborate . i receive the book last week and have be read it every chance i get and i just finish it a couple minute ago . it make me want to go home and watch the movie . i be @card@ year old and do n't do much fictional reading , but if you like the movie this book be a must read . there be just so many more character , plot and background information than in the movie . i have such a warm fuzzy feeling inside now : ) </lemmas><pos>IN NP VBP RB VBN DT NN RB , NNS VBP RB VBN PP SENT CC IN VBG DT NN , NP MD RB VB IN DT JJ NN TO VB RP SENT DT NN VBZ RB RB VBN IN DT NN , CC RB DT JJR NNS VBP PP DT SENT IN DT NN VBZ JJ TO VB , DT NN IN DT NN DT NNS VBP IN PP$ NN VBZ RB JJ SENT NP VBD DT NN JJ NN CC VBP VBN VBG PP DT NN NNS VBP CC NP RB VBD PP DT NN NNS RB SENT PP VBZ PP VBP TO VB NN CC VB DT NN SENT NP VBP CD NNS JJ CC VBP RB VB JJ JJ NN , CC IN PP VBD DT NN DT NN VBZ DT MD VB SENT EX VBZ RB RB JJ JJR NNS , NNS CC NN NN IN IN DT NN SENT NNS VBP PDT DT JJ JJ NN IN RB : ) </pos></review>
