<?xml version="1.0" encoding="ISO-8859-1" standalone="no"?>
<!DOCTYPE review SYSTEM "derev.dtd">
<review ID="2393" title="LeavesofGrass" writer="WaltWhitman" author="RayLJohnsonhigamus" date="September 6, 2012" stars="5" suspectbook="0" unknownpurchase="0" nickname="0" cluster="0" allcluesclass="1" threecluesclass="1" sumclues="0" realclass="1" fold="0"><object>The Benefit of Loafing and Inviting My Soul</object><body>Whitman wrote as if to me personally.  He picked me out as someone many years hence from his perspective, in order to share his world in sufficient detail for me to insert myself into his skin. Through what he put down he came forward more than a hundred years. He is sauntering, noticing the sounds, sights, smells, how he lit up with joy, bittersweetness, fear, self doubt and at times loneliness. He carried me along the river bank at any pace I wanted to go.  He would not miss a stride as he adapted to my pace. He taught me how to recline in the summer grass in the cemetery not much more than a stone's throw from where I live, and meditate on his leaf of green summer grass, inviting my soul to enter our picture. I am writing this as a message, an invitation for you, my reader, to get to know Walt Whitman. Don't join the crowd of hate and be put off by the fact that he was gay. I am learning much about making healthy connections, being myself one of the dots I am connecting. I do a little Lazarus raising activity in the cemetery two or three times a week, as I bring back to life my parents, my mother's parents, and her mother's mothers parents. They are in my mind, what I remember and imagine of them, increasingly clearly. There is so much more good will, mutual respect and intimacy  aware to me now.  I even have group therapy with them. I learned a lot about how to do this from carrying on with Walt Whitman!</body><tokens>whitman wrote as if to me personally . he picked me out as someone many years hence from his perspective , in order to share his world in sufficient detail for me to insert myself into his skin . through what he put down he came forward more than a hundred years . he is sauntering , noticing the sounds , sights , smells , how he lit up with joy , bittersweetness , fear , self doubt and at times loneliness . he carried me along the river bank at any pace i wanted to go . he would not miss a stride as he adapted to my pace . he taught me how to recline in the summer grass in the cemetery not much more than a stone 's throw from where i live , and meditate on his leaf of green summer grass , inviting my soul to enter our picture . i am writing this as a message , an invitation for you , my reader , to get to know walt whitman . do n't join the crowd of hate and be put off by the fact that he was gay . i am learning much about making healthy connections , being myself one of the dots i am connecting . i do a little lazarus raising activity in the cemetery two or three times a week , as i bring back to life my parents , my mother 's parents , and her mother 's mothers parents . they are in my mind , what i remember and imagine of them , increasingly clearly . there is so much more good will , mutual respect and intimacy aware to me now . i even have group therapy with them . i learned a lot about how to do this from carrying on with walt whitman !</tokens><lemmas>&lt;unknown&gt; write as if to me personally . he pick me out as someone many year hence from his perspective , in order to share his world in sufficient detail for me to insert myself into his skin . through what he put down he come forward more than a hundred year . he be saunter , notice the sound , sight , smell , how he light up with joy , &lt;unknown&gt; , fear , self doubt and at time loneliness . he carry me along the river bank at any pace i want to go . he would not miss a stride as he adapt to my pace . he teach me how to recline in the summer grass in the cemetery not much more than a stone 's throw from where i live , and meditate on his leaf of green summer grass , invite my soul to enter our picture . i be write this as a message , an invitation for you , my reader , to get to know &lt;unknown&gt; &lt;unknown&gt; . do n't join the crowd of hate and be put off by the fact IN he be gay . i be learn much about make healthy connection , be myself one of the dot i be connect . i do a little Lazarus raise activity in the cemetery two or three time a week , as i bring back to life my parent , my mother 's parent , and her mother 's mother parent . they be in my mind , what i remember and imagine of them , increasingly clearly . there be so much more good will , mutual respect and intimacy aware to me now . i even have group therapy with them . i learn a lot about how to do this from carry on with Walt Whitman ! </lemmas><pos>NN VBD IN IN TO PP RB SENT PP VBD PP RP IN NN JJ NNS RB IN PP$ NN , IN NN TO VB PP$ NN IN JJ NN IN PP TO VB PP IN PP$ NN SENT IN WP PP VBP RB PP VBD RB JJR IN DT CD NNS SENT PP VBZ VBG , VBG DT NNS , NNS , VBZ , WRB PP VBD RP IN NN , NN , NN , NN NN CC IN NNS NN SENT PP VBD PP IN DT NN NN IN DT NN NP VBD TO VB SENT PP MD RB VB DT NN IN PP VBD TO PP$ NN SENT PP VBD PP WRB TO VB IN DT NN NN IN DT NN RB RB JJR IN DT NN POS NN IN WRB NNS VBP , CC VB IN PP$ NN IN JJ NN NN , VBG PP$ NN TO VB PP$ NN SENT NNS VBP VBG DT IN DT NN , DT NN IN PP , PP$ NN , TO VB TO VB JJ NN SENT VBP RB VB DT NN IN NN CC VB VBN RP IN DT NN  PP VBD JJ SENT NNS VBP VBG RB IN VBG JJ NNS , VBG PP CD IN DT NNS NNS VBP VBG SENT NNS VBP DT JJ NN VBG NN IN DT NN CD CC CD NNS DT NN , IN NP VBP RB TO NN PP$ NNS , PP$ NN POS NNS , CC PP$ NN POS NNS NNS SENT PP VBP IN PP$ NN , WDT NNS VBP CC VBP IN PP , RB RB SENT EX VBZ RB RB RBR JJ NN , JJ NN CC NN JJ TO PP RB SENT NP RB VBP NN NN IN PP SENT NP VBD DT NN IN WRB TO VB DT IN VBG IN IN NP NP SENT </pos></review>
