<?xml version="1.0" encoding="ISO-8859-1" standalone="no"?>
<!DOCTYPE review SYSTEM "derev.dtd">
<review ID="2434" title="LeavesofGrass" writer="WaltWhitman" author="WilliamHaugen" date="June 3, 2009" stars="5" suspectbook="0" unknownpurchase="0" nickname="0" cluster="0" allcluesclass="1" threecluesclass="1" sumclues="0" realclass="1" fold="1"><object>Poetry for the soul</object><body>If you want a beautiful 're-set' to your hectic life, this is a must.  It settles, and soothes; having a beauty all it's own.  And, yes dear, bikers can read.</body><tokens>if you want a beautiful &quot; re-set &quot; to your hectic life , this is a must . it settles , and soothes ; having a beauty all it 's own . and , yes dear , bikers can read .</tokens><lemmas>if you want a beautiful &quot; re-set &quot; to your hectic life , this be a must . it settle , and soothe ; have a beauty all it be own . and , yes dear , biker can read . </lemmas><pos>IN PP VBP DT JJ `` NN '' TO PP$ JJ NN , DT VBZ DT MD SENT PP VBZ , CC VBZ : VBG DT NN RB PP VBZ JJ SENT CC , UH RB , NNS MD VB SENT </pos></review>
