<?xml version="1.0" encoding="ISO-8859-1" standalone="no"?>
<!DOCTYPE review SYSTEM "derev.dtd">
<review ID="2799" title="NeverEndingStory" writer="MichaelEnde" author="ERahn" date="February 8, 2007" stars="5" suspectbook="0" unknownpurchase="0" nickname="0" cluster="0" allcluesclass="1" threecluesclass="1" sumclues="0" realclass="1" fold="4"><object>Remember, It's Okay to Dream</object><body>I loved the movie as a kid so when I saw this book on Amazon, I thought it would be a fun read.  Turns out that the movie is barely the first half of the book, and the book is better without comparison (Atreyu's horse talks in the book - how cool is that!).  I had trouble putting the book down.  My only disappointment is that my favorite part of the movie (when the giant says &quot;they look like big, strong hands don't they?&quot;) isn't in the book. Atreyu and Falkor remain essential characters in the book.  They are the moral standard - the perfect friends.  Bastian goes through a learning process, and the reader does too.  My favorite aspects: Atreyu's conversation with Gmork, the emphasis on friendship, the Desert of Colors, the ambivalence of the child-like empress. This book made me think and made me remember that it is okay to dream.  Who can argue with that?</body><tokens>i loved the movie as a kid so when i saw this book on amazon , i thought it would be a fun read . turns out that the movie is barely the first half of the book , and the book is better without comparison ( atreyu 's horse talks in the book - how cool is that ! ) . i had trouble putting the book down . my only disappointment is that my favorite part of the movie ( when the giant says &quot; they look like big , strong hands do n't they ? &quot; ) is n't in the book . atreyu and falkor remain essential characters in the book . they are the moral standard - the perfect friends . bastian goes through a learning process , and the reader does too . my favorite aspects : atreyu 's conversation with gmork , the emphasis on friendship , the desert of colors , the ambivalence of the child-like empress . this book made me think and made me remember that it is okay to dream . who can argue with that ?</tokens><lemmas>i love the movie as a kid so when i see this book on amazon , i think it would be a fun read . turn out IN the movie be barely the first half of the book , and the book be good without comparison ( &lt;unknown&gt; 's horse talk in the book - how cool be that ! ) . i have trouble put the book down . my only disappointment be IN my favorite part of the movie ( when the giant say &quot; they look like big , strong hand do n't they ? &quot; ) be n't in the book . &lt;unknown&gt; and &lt;unknown&gt; remain essential character in the book . they be the moral standard - the perfect friend . &lt;unknown&gt; go through a learn process , and the reader do too . my favorite aspect : &lt;unknown&gt; 's conversation with &lt;unknown&gt; , the emphasis on friendship , the desert of color , the ambivalence of the &lt;unknown&gt; empress . this book make me think and make me remember IN it be okay to dream . who can argue with that ? </lemmas><pos>NP VBD DT NN IN DT NN RB WRB NP VBD DT NN IN NN , NP VBD PP MD VB DT NN VBD SENT VBZ RP  DT NN VBZ RB DT JJ NN IN DT NN , CC DT NN VBZ JJR IN NN ( NN POS NN NNS IN DT NN : WRB NN VBZ RB SENT ) SENT NP VBD NN VBG DT NN RB SENT PP$ JJ NN VBZ  PP$ JJ NN IN DT NN ( WRB DT NN VBZ `` PP VBP IN JJ , JJ NNS VBP RB PP SENT '' ) VBZ RB IN DT NN SENT NN CC NN VBP JJ NNS IN DT NN SENT PP VBP DT JJ NN : DT JJ NNS SENT NN VBZ IN DT VBG NN , CC DT NN VBZ RB SENT PP$ JJ NNS : NP POS NN IN NN , DT NN IN NN , DT NN IN NNS , DT NN IN DT JJ NN SENT DT NN VBD PP VBP CC VBD PP VBP  PP VBZ JJ TO VB SENT WP MD VB IN DT SENT </pos></review>
