<?xml version="1.0" encoding="ISO-8859-1" standalone="no"?>
<!DOCTYPE review SYSTEM "derev.dtd">
<review ID="2839" title="NeverEndingStory" writer="MichaelEnde" author="CesarAlbertoHernandezMerazCesar" date="November 9, 2009" stars="5" suspectbook="0" unknownpurchase="0" nickname="0" cluster="0" allcluesclass="1" threecluesclass="1" sumclues="0" realclass="1" fold="5"><object>This book is the stuff dreams are made of</object><body>Or dreams are the stuff this book is made of, both ways work. I have loved the movie based on this book since I was a kid, but had never had the chance to read the original story. Now that I have, I have to say the book is so much better (even though it would seem impossible). I actually got to care about the characters, even those that only appear in one chapter. I felt as if I knew them in person, and they all are presented as characters with their own lives and stories that go on even after their appearance here. The relationship between Atreyu and Bastian is very special (and very real). In the second half of the book (which I did not know if I'd like before I read it) is where we see most of this relationship. It made me get concerns about Bastian, to the point where I'd want to scold him. I smiled a lot of times as Bastian defeated some of the obstacles in the final chapters (and laughed out loud at some points during the book, as well). The book's presentation is very good. The cover features a beautiful illustration and is very durable. The text inside the book is printed with two inks, one for the &quot;real&quot; world and one for the world of Fantastica. These same inks are used in the illustrations for each chapter. I highly recommend anyone to buy this book. Kids and adults alike. They will all love it. And after reading it, they will most likely want to keep reading other books, too.</body><tokens>or dreams are the stuff this book is made of , both ways work . i have loved the movie based on this book since i was a kid , but had never had the chance to read the original story . now that i have , i have to say the book is so much better ( even though it would seem impossible ) . i actually got to care about the characters , even those that only appear in one chapter . i felt as if i knew them in person , and they all are presented as characters with their own lives and stories that go on even after their appearance here . the relationship between atreyu and bastian is very special ( and very real ) . in the second half of the book ( which i did not know if i &quot; d like before i read it ) is where we see most of this relationship . it made me get concerns about bastian , to the point where i &quot; d want to scold him . i smiled a lot of times as bastian defeated some of the obstacles in the final chapters ( and laughed out loud at some points during the book , as well ) . the book 's presentation is very good . the cover features a beautiful illustration and is very durable . the text inside the book is printed with two inks , one for the &quot; real &quot; world and one for the world of fantastica . these same inks are used in the illustrations for each chapter . i highly recommend anyone to buy this book . kids and adults alike . they will all love it . and after reading it , they will most likely want to keep reading other books , too .</tokens><lemmas>or dream be the stuff this book be make of , both way work . i have love the movie base on this book since i be a kid , but have never have the chance to read the original story . now IN i have , i have to say the book be so much good ( even though it would seem impossible ) . i actually get to care about the character , even those that only appear in one chapter . i feel as if i know them in person , and they all be present as character with their own life and storey that go on even after their appearance here . the relationship between &lt;unknown&gt; and &lt;unknown&gt; be very special ( and very real ) . in the second half of the book ( which i do not know if i &quot; d like before i read it ) be where we see most of this relationship . it make me get concern about &lt;unknown&gt; , to the point where i &quot; d want to scold him . i smile a lot of time as &lt;unknown&gt; defeat some of the obstacle in the final chapter ( and laugh out loud at some point during the book , as well ) . the book 's presentation be very good . the cover feature a beautiful illustration and be very durable . the text inside the book be print with two ink , one for the &quot; real &quot; world and one for the world of &lt;unknown&gt; . these same ink be use in the illustration for each chapter . i highly recommend anyone to buy this book . kid and adult alike . they will all love it . and after read it , they will most likely want to keep read other book , too . </lemmas><pos>CC NNS VBP DT NN DT NN VBZ VBN IN , CC NNS VBP SENT NNS VBP VBN DT NN VBN IN DT NN IN NP VBD DT NN , CC VBD RB VBN DT NN TO VB DT JJ NN SENT RB  NNS VBP , NNS VBP TO VB DT NN VBZ RB RB JJR ( RB IN PP MD VB JJ ) SENT NP RB VBD TO VB IN DT NNS , RB DT WDT RB VBP IN CD NN SENT NP VBD RB IN NP VBD PP IN NN , CC PP RB VBP VBN IN NNS IN PP$ JJ NNS CC NNS WDT VBP RP RB IN PP$ NN RB SENT DT NN IN NN CC NN VBZ RB JJ ( CC RB JJ ) SENT IN DT JJ NN IN DT NN ( WDT NP VBD RB VB IN NP '' SYM IN IN NP VBD PP ) VBZ WRB PP VBP JJS IN DT NN SENT PP VBD PP VB NNS IN NN , TO DT NN WRB NP '' SYM VBP TO VB PP SENT NP VBD DT NN IN NNS IN NN VBD DT IN DT NNS IN DT JJ NNS ( CC VBD RP RB IN DT NNS IN DT NN , RB RB ) SENT DT NN POS NN VBZ RB JJ SENT DT NN VBZ DT JJ NN CC VBZ RB JJ SENT DT NN IN DT NN VBZ VBN IN CD NNS , CD IN DT `` JJ '' NN CC CD IN DT NN IN NN SENT DT JJ NNS VBP VBN IN DT NNS IN DT NN SENT NP RB VBP NN TO VB DT NN SENT NNS CC NNS RB SENT PP MD RB VB PP SENT CC IN VBG PP , PP MD RBS RB VBP TO VB VBG JJ NNS , RB SENT </pos></review>
