<?xml version="1.0" encoding="ISO-8859-1" standalone="no"?>
<!DOCTYPE review SYSTEM "derev.dtd">
<review ID="2787" title="NeverEndingStory" writer="MichaelEnde" author="AmandaRichards" date="December 18, 2004" stars="4" suspectbook="0" unknownpurchase="0" nickname="0" cluster="0" allcluesclass="1" threecluesclass="1" sumclues="0" realclass="1" fold="3"><object>An Adult-sized Fairy Tale</object><body>Until recently, I was blissfully ignorant that the popular movie I had seen several times (in my younger days) was actually based on a book. Judging from the cover illustration of Bastian Balthazar Bux doing his &quot;King of the World&quot; thing aboard the Luck Dragon, you get the feeling that this is no ordinary fantasy book, and indeed it isn't. I did get the feeling that some aspects of the story were lost in translation (which is another story altogether), as it has some abrupt swings in tone, the dialogue sometimes seeming clumsy and childish compared to the rest of the book - but that's nitpicking. This is truly a Neverending Story, most of which springs from the imagination of the unlikely human hero, the aforementioned Master Bux, who steals the titular tome, and flees with it to the safety of his school attic, where he becomes much more than a casual onlooker of the worlds of Fantastica. Michael Ende's imagination works overtime in creating Fantastica and all its inhabitants, and for each thrilling chapter, he introduces another story to be told at another time. The main story however, is the metamorphosis of Bastian Bux from a frightened, insecure child, and the new relationship he was able to forge with his father after his great learning adventure. Be wary in your reading of the adventures of The Childlike Empress, Atreyu, Morla, Ygramul, Falkor, Grograman, Hero Hynreck and Xayide, among others, beware the Nothing, and be careful what you wish for, least you also become a part of the Neverending Story, and forever lose your memories of this life. Amanda Richards, December 19, 2004</body><tokens>until recently , i was blissfully ignorant that the popular movie i had seen several times ( in my younger days ) was actually based on a book . judging from the cover illustration of bastian balthazar bux doing his &quot; king of the world &quot; thing aboard the luck dragon , you get the feeling that this is no ordinary fantasy book , and indeed it is n't . i did get the feeling that some aspects of the story were lost in translation ( which is another story altogether ) , as it has some abrupt swings in tone , the dialogue sometimes seeming clumsy and childish compared to the rest of the book - but that 's nitpicking . this is truly a neverending story , most of which springs from the imagination of the unlikely human hero , the aforementioned master bux , who steals the titular tome , and flees with it to the safety of his school attic , where he becomes much more than a casual onlooker of the worlds of fantastica . michael ende 's imagination works overtime in creating fantastica and all its inhabitants , and for each thrilling chapter , he introduces another story to be told at another time . the main story however , is the metamorphosis of bastian bux from a frightened , insecure child , and the new relationship he was able to forge with his father after his great learning adventure . be wary in your reading of the adventures of the childlike empress , atreyu , morla , ygramul , falkor , grograman , hero hynreck and xayide , among others , beware the nothing , and be careful what you wish for , least you also become a part of the neverending story , and forever lose your memories of this life . amanda richards , december 19 , 2004</tokens><lemmas>until recently , i be blissfully ignorant IN the popular movie i have see several time ( in my young day ) be actually base on a book . judge from the cover illustration of &lt;unknown&gt; &lt;unknown&gt; &lt;unknown&gt; do his &quot; king of the world &quot; thing aboard the luck dragon , you get the feeling IN this be no ordinary fantasy book , and indeed it be n't . i do get the feeling IN some aspect of the story be lose in translation ( which be another story altogether ) , as it have some abrupt swing in tone , the dialogue sometimes seem clumsy and childish compare to the rest of the book - but that be nitpicking . this be truly a neverending story , most of which spring from the imagination of the unlikely human hero , the aforementioned master &lt;unknown&gt; , who steal the titular tome , and flee with it to the safety of his school attic , where he become much more than a casual onlooker of the world of &lt;unknown&gt; . Michael Ende 's imagination work overtime in create &lt;unknown&gt; and all its inhabitant , and for each thrilling chapter , he introduce another story to be tell at another time . the main story however , be the metamorphosis of &lt;unknown&gt; &lt;unknown&gt; from a frightened , insecure child , and the new relationship he be able to forge with his father after his great learning adventure . be wary in your reading of the adventure of the childlike empress , &lt;unknown&gt; , Morla , &lt;unknown&gt; , &lt;unknown&gt; , &lt;unknown&gt; , hero &lt;unknown&gt; and &lt;unknown&gt; , among other , beware the nothing , and be careful what you wish for , least you also become a part of the neverending story , and forever lose your memory of this life . &lt;unknown&gt; &lt;unknown&gt; , December @card@ , @card@ </lemmas><pos>IN RB , NP VBD RB JJ  DT JJ NN NP VBD VBN JJ NNS ( IN PP$ JJR NNS ) VBD RB VBN IN DT NN SENT VBG IN DT NN NN IN JJ NN NNS VBG PP$ `` NN IN DT NN '' NN IN DT NN NN , PP VBP DT NN  DT VBZ DT JJ NN NN , CC RB PP VBZ RB SENT NP VBD VB DT NN  DT NNS IN DT NN VBD VBN IN NN ( WDT VBZ DT NN RB ) , IN PP VBZ DT JJ NNS IN NN , DT NN RB VBG JJ CC JJ VBN TO DT NN IN DT NN : CC DT VBZ NN SENT DT VBZ RB DT JJ NN , JJS IN WDT VBZ IN DT NN IN DT JJ JJ NN , DT JJ NN NNS , WP VBZ DT JJ NN , CC VBZ IN PP TO DT NN IN PP$ NN NN , WRB PP VBZ RB JJR IN DT JJ NN IN DT NNS IN NN SENT NP NP POS NN VBZ RB IN VBG NN CC PDT PP$ NNS , CC IN DT JJ NN , PP VBZ DT NN TO VB VBN IN DT NN SENT DT JJ NN RB , VBZ DT NN IN JJ NNS IN DT JJ , JJ NN , CC DT JJ NN PP VBD JJ TO VB IN PP$ NN IN PP$ JJ NN NN SENT VB JJ IN PP$ NN IN DT NNS IN DT JJ NN , NP , NP , NP , NP , NP , NN NN CC NN , IN NNS , VB DT NN , CC VB JJ WP PP VBP IN , JJS PP RB VBP DT NN IN DT JJ NN , CC RB VB PP$ NNS IN DT NN SENT NN NNS , NN CD , CD </pos></review>
