<?xml version="1.0" encoding="ISO-8859-1" standalone="no"?>
<!DOCTYPE review SYSTEM "derev.dtd">
<review ID="2448" title="LeavesofGrass" writer="WaltWhitman" author="LuisMironesluism00" date="February 24, 2006" stars="5" suspectbook="0" unknownpurchase="0" nickname="0" cluster="0" allcluesclass="1" threecluesclass="1" sumclues="0" realclass="1" fold="2"><object>Great book</object><body>The book was in great condition, brand new, speed was ok, great overall!</body><tokens>the book was in great condition , brand new , speed was ok , great overall !</tokens><lemmas>the book be in great condition , brand new , speed be ok , great overall ! </lemmas><pos>DT NN VBD IN JJ NN , NN JJ , VB VBD VB , JJ NN SENT </pos></review>
