<?xml version="1.0" encoding="ISO-8859-1" standalone="no"?>
<!DOCTYPE review SYSTEM "derev.dtd">
<review ID="3438" title="PostOffice" writer="CharlesBukowski" author="CrystalCrockettmusicmajor" date="December 19, 2007" stars="4" suspectbook="0" unknownpurchase="0" nickname="0" cluster="0" allcluesclass="1" threecluesclass="1" sumclues="0" realclass="1" fold="8"><object>Good Read</object><body>I liked this book and it is a good read but it is kind of obscure.  The protagonist has an interesting view on life that I did not really relate to well but that made it kind of interesting.</body><tokens>i liked this book and it is a good read but it is kind of obscure . the protagonist has an interesting view on life that i did not really relate to well but that made it kind of interesting .</tokens><lemmas>i like this book and it be a good read but it be kind of obscure . the protagonist have an interesting view on life IN i do not really relate to well but IN make it kind of interesting . </lemmas><pos>NP VBD DT NN CC PP VBZ DT JJ NN CC PP VBZ NN IN NN SENT DT NN VBZ DT JJ NN IN NN  NP VBD RB RB VBP TO VB CC  VBN PP NN IN JJ SENT </pos></review>
