<?xml version="1.0" encoding="ISO-8859-1" standalone="no"?>
<!DOCTYPE review SYSTEM "derev.dtd">
<review ID="3429" title="PostOffice" writer="CharlesBukowski" author="MrVictorMBello" date="March 8, 2010" stars="5" suspectbook="0" unknownpurchase="0" nickname="0" cluster="0" allcluesclass="1" threecluesclass="1" sumclues="0" realclass="1" fold="7"><object>Awesome book, couldn't put it down.</object><body>So my wife joined a Book Club, and she got me into it, the first book to read was this one, to get into the whole &quot;spirit of reading&quot; she got me a Kindle for my birthday. I love it, it's awesome, I'm down to my third book, this one was the first one I read on the device and I have to say, it's freaking great, I loved the book, the story, how you start getting into the character's skin and become &quot;Henry Chinaski&quot;. You may wonder why I started talking about the Book Club and the Kindle first, here's the deal, we had a deadline on when to finish the book, and there's something wrong with the digital version of this book, it's &quot;doubled up&quot;. By that I mean that when the device tells you that you are at 45% of the book, you are really at 90%. When I finished the book I got to the very end and then it started all over again. It was really weird, I thought that the book would never end, but it does, so don't get frustrated. 50% and you are done. I really recommend anyone thinking about reading this book to just go ahead and do it, it's really worth it.</body><tokens>so my wife joined a book club , and she got me into it , the first book to read was this one , to get into the whole &quot; spirit of reading &quot; she got me a kindle for my birthday . i love it , it 's awesome , i 'm down to my third book , this one was the first one i read on the device and i have to say , it 's freaking great , i loved the book , the story , how you start getting into the character 's skin and become &quot; henry chinaski &quot; . you may wonder why i started talking about the book club and the kindle first , here 's the deal , we had a deadline on when to finish the book , and there 's something wrong with the digital version of this book , it 's &quot; doubled up &quot; . by that i mean that when the device tells you that you are at 45% of the book , you are really at 90% . when i finished the book i got to the very end and then it started all over again . it was really weird , i thought that the book would never end , but it does , so do n't get frustrated . 50% and you are done . i really recommend anyone thinking about reading this book to just go ahead and do it , it 's really worth it .</tokens><lemmas>so my wife join a book club , and she get me into it , the first book to read be this one , to get into the whole &quot; spirit of read &quot; she get me a kindle for my birthday . i love it , it be awesome , i be down to my third book , this one be the first one i read on the device and i have to say , it be freak great , i love the book , the story , how you start get into the character 's skin and become &quot; henry &lt;unknown&gt; &quot; . you may wonder why i start talk about the book club and the kindle first , here be the deal , we have a deadline on when to finish the book , and there be something wrong with the digital version of this book , it be &quot; double up &quot; . by that i mean IN when the device tell you IN you be at @card@ of the book , you be really at @card@ . when i finish the book i get to the very end and then it start all over again . it be really weird , i think IN the book would never end , but it do , so do n't get frustrate . @card@ and you be do . i really recommend anyone think about read this book to just go ahead and do it , it be really worth it . </lemmas><pos>IN PP$ NN VBD DT NN NN , CC PP VBD PP IN PP , DT JJ NN TO VB VBD DT CD , TO VB IN DT JJ `` NN IN VBG `` PP VBD PP DT VBP IN PP$ NN SENT NNS VBP PP , PP VBZ JJ , NNS VBP RB TO PP$ JJ NN , DT CD VBD DT JJ CD NNS VBN IN DT NN CC NP VBP TO VB , PP VBZ VBG JJ , NP VBD DT NN , DT NN , WRB PP VBP VBG IN DT NN POS NN CC VB `` NN NN '' SENT PP MD VB WRB NP VBD VBG IN DT NN NN CC DT VBP JJ , RB VBZ DT NN , PP VBD DT NN IN WRB TO VB DT NN , CC EX VBZ NN JJ IN DT JJ NN IN DT NN , PP VBZ `` VBN RP '' SENT IN DT NP VBP  WRB DT NN VBZ PP  PP VBP IN CD IN DT NN , PP VBP RB IN CD SENT WRB NP VBD DT NN NP VBD TO DT JJ NN CC RB PP VBD RB IN RB SENT PP VBD RB JJ , NP VBD  DT NN MD RB VB , CC PP VBZ , RB VBP RB VB VBN SENT CD CC PP VBP VBN SENT NP RB VBP NN VBG IN VBG DT NN TO RB VB RB CC VB PP , PP VBZ RB JJ PP SENT </pos></review>
