<?xml version="1.0" encoding="ISO-8859-1" standalone="no"?>
<!DOCTYPE review SYSTEM "derev.dtd">
<review ID="3425" title="PostOffice" writer="CharlesBukowski" author="BTsang" date="May 24, 2010" stars="5" suspectbook="0" unknownpurchase="0" nickname="0" cluster="0" allcluesclass="1" threecluesclass="1" sumclues="0" realclass="1" fold="6"><object>Hilarious</object><body>If you like booze, women, and hate your job, this book is for you.  My only regret is this book wasn't another hundred pages longer.</body><tokens>if you like booze , women , and hate your job , this book is for you . my only regret is this book was n't another hundred pages longer .</tokens><lemmas>if you like booze , woman , and hate your job , this book be for you . my only regret be this book be n't another hundred page longer . </lemmas><pos>IN PP IN NN , NNS , CC VBP PP$ NN , DT NN VBZ IN PP SENT PP$ JJ NN VBZ DT NN VBD RB DT CD NNS RBR SENT </pos></review>
