<?xml version="1.0" encoding="ISO-8859-1" standalone="no"?>
<!DOCTYPE review SYSTEM "derev.dtd">
<review ID="3415" title="PostOffice" writer="CharlesBukowski" author="DavidEAeh" date="September 16, 2012" stars="5" suspectbook="0" unknownpurchase="0" nickname="0" cluster="0" allcluesclass="1" threecluesclass="1" sumclues="0" realclass="1" fold="5"><object>Reads Like You Are Right There.</object><body>This book is well written and very funny, it is a good &quot;guys&quot; kind of book, and it is an easy read, but don't let that fool you. The story is good and it is in the painful details. I felt like I was working right there with them. However, it is crude and not for the casual reader. I try to read both classic and non-classic writers of all eras, and I am always looking for something weired, funny, and cool to mix it up and this was it.</body><tokens>this book is well written and very funny , it is a good &quot; guys &quot; kind of book , and it is an easy read , but do n't let that fool you . the story is good and it is in the painful details . i felt like i was working right there with them . however , it is crude and not for the casual reader . i try to read both classic and non-classic writers of all eras , and i am always looking for something weired , funny , and cool to mix it up and this was it .</tokens><lemmas>this book be well write and very funny , it be a good &quot; guy &quot; kind of book , and it be an easy read , but do n't let that fool you . the story be good and it be in the painful detail . i feel like i be work right there with them . however , it be crude and not for the casual reader . i try to read both classic and &lt;unknown&gt; writer of all era , and i be always look for something &lt;unknown&gt; , funny , and cool to mix it up and this be it . </lemmas><pos>DT NN VBZ RB VBN CC RB JJ , PP VBZ DT JJ `` NNS '' NN IN NN , CC PP VBZ DT JJ NN , CC VBP RB VB WDT NN PP SENT DT NN VBZ JJ CC PP VBZ IN DT JJ NNS SENT NP VBD IN NP VBD VBG RB RB IN PP SENT RB , PP VBZ JJ CC RB IN DT JJ NN SENT NNS VBP TO VB DT JJ CC JJ NNS IN DT NNS , CC NP VBP RB VBG IN NN JJ , JJ , CC VB TO VB PP RP CC DT VBD PP SENT </pos></review>
