<?xml version="1.0" encoding="ISO-8859-1" standalone="no"?>
<!DOCTYPE review SYSTEM "derev.dtd">
<review ID="3387" title="PostOffice" writer="CharlesBukowski" author="RJMarsella" date="June 14, 2009" stars="4" suspectbook="0" unknownpurchase="0" nickname="0" cluster="0" allcluesclass="1" threecluesclass="1" sumclues="0" realclass="1" fold="4"><object>Bukowski's First</object><body>I have recently gotten into Bukowski's writing and couldn't wait to read Post Office. I had spent 8 years of my young adulthood as a Postal Worker and looked forward to his take on his years in the PO. Bukowski was a writer who pulled no punches. He  writes in a  spare style influenced by Hemingway but his prose is often crude and graphic. One aspect of his work that I find disturbing after reading 3 of his books in close succession is his treatment of women. All of his female characters are ... let's say less than admirable. I googled Bukowski and misogyny and found a couple of articles and essays addressing this aspect of his work. Despite that one misgiving I find his writing pretty entertaining and compelling in other regards. Post Office is right on the money in it's descriptions of the working conditions and attitudes of his coworkers and supervisors. And let me say that I have many friends who work for the PO and I come from a family of Postal workers so I know the territory and mean no disrespect to people who earn their living there.</body><tokens>i have recently gotten into bukowski 's writing and could n't wait to read post office . i had spent 8 years of my young adulthood as a postal worker and looked forward to his take on his years in the po . bukowski was a writer who pulled no punches . he writes in a spare style influenced by hemingway but his prose is often crude and graphic . one aspect of his work that i find disturbing after reading 3 of his books in close succession is his treatment of women . all of his female characters are ... let 's say less than admirable . i googled bukowski and misogyny and found a couple of articles and essays addressing this aspect of his work . despite that one misgiving i find his writing pretty entertaining and compelling in other regards . post office is right on the money in it 's descriptions of the working conditions and attitudes of his coworkers and supervisors . and let me say that i have many friends who work for the po and i come from a family of postal workers so i know the territory and mean no disrespect to people who earn their living there .</tokens><lemmas>i have recently get into Bukowski 's writing and could n't wait to read post office . i have spend 8 year of my young adulthood as a postal worker and look forward to his take on his year in the po . Bukowski be a writer who pull no punch . he write in a spare style influence by &lt;unknown&gt; but his prose be often crude and graphic . one aspect of his work IN i find disturbing after read 3 of his book in close succession be his treatment of woman . all of his female character be ... let be say less than admirable . i &lt;unknown&gt; &lt;unknown&gt; and misogyny and find a couple of article and essay address this aspect of his work . despite that one misgiving i find his writing pretty entertaining and compelling in other regard . post office be right on the money in it 's description of the work condition and attitude of his coworker and supervisor . and let me say IN i have many friend who work for the po and i come from a family of postal worker so i know the territory and mean no disrespect to people who earn their living there . </lemmas><pos>NNS VBP RB VBN IN NP POS NN CC MD RB VB TO VB NN NN SENT NP VBD VBN CD NNS IN PP$ JJ NN IN DT JJ NN CC VBD RB TO PP$ NN IN PP$ NNS IN DT NN SENT NP VBD DT NN WP VBD DT NNS SENT PP VBZ IN DT JJ NN VBN IN NN CC PP$ NN VBZ RB JJ CC JJ SENT CD NN IN PP$ NN  NP VB JJ IN VBG CD IN PP$ NNS IN JJ NN VBZ PP$ NN IN NNS SENT DT IN PP$ JJ NNS VBP : VB VBZ VB RBR IN JJ SENT NP NN NN CC NN CC VBD DT NN IN NNS CC NNS VBG DT NN IN PP$ NN SENT IN DT CD NN NNS VBP PP$ NN RB JJ CC JJ IN JJ NNS SENT NN NN VBZ RB IN DT NN IN PP POS NNS IN DT VBG NNS CC NNS IN PP$ NNS CC NNS SENT CC VB PP VBP  NNS VBP JJ NNS WP VBP IN DT NN CC NP VBP IN DT NN IN JJ NNS IN NP VBP DT NN CC VB DT NN TO NNS WP VBP PP$ NN RB SENT </pos></review>
