<?xml version="1.0" encoding="ISO-8859-1" standalone="no"?>
<!DOCTYPE review SYSTEM "derev.dtd">
<review ID="3353" title="PostOffice" writer="CharlesBukowski" author="SMorinCookie" date="June 21, 2004" stars="2" suspectbook="0" unknownpurchase="0" nickname="0" cluster="0" allcluesclass="1" threecluesclass="1" sumclues="0" realclass="1" fold="3"><object>Someone, explain to me what I missed</object><body>I heard an interview with a man who recently released a documentary about Charles Bukowski.  I got so enthused I bought several of his books.  Almost all of the reviews I read were glowing.  andquot;LIFE CHANGING!andquot;  andquot;MASTERPIECE!andquot;  andquot;AWE INSPIRING!andquot;  Well, it was inspiring, but I'm not sure exactly what it inspired me to do.  I read this book and felt nothing.  No, I take that back.  I felt like I was totally andquot;notandquot; getting the point or the genius.  I didn't like the characters.  I didn't like the story (I'm a government employee and I couldn't even relate to it!).  But, I persevered and finished the book.  Only to be left with one burning question....HUH?  Seeing as how everyone seems to love Bukowski, I'm trying another one of his books.  I'm giving him another shot.  But I'm just not feeling it.  Maybe it's a male/female difference of perspective.  I just don't know.</body><tokens>i heard an interview with a man who recently released a documentary about charles bukowski . i got so enthused i bought several of his books . almost all of the reviews i read were glowing . andquot ; life changing ! andquot ; andquot ; masterpiece ! andquot ; andquot ; awe inspiring ! andquot ; well , it was inspiring , but i 'm not sure exactly what it inspired me to do . i read this book and felt nothing . no , i take that back . i felt like i was totally andquot ; notandquot ; getting the point or the genius . i did n't like the characters . i did n't like the story ( i 'm a government employee and i could n't even relate to it ! ) . but , i persevered and finished the book . only to be left with one burning question .... huh ? seeing as how everyone seems to love bukowski , i 'm trying another one of his books . i 'm giving him another shot . but i 'm just not feeling it . maybe it 's a male / female difference of perspective . i just do n't know .</tokens><lemmas>i hear an interview with a man who recently release a documentary about Charles Bukowski . i get so enthuse i buy several of his book . almost all of the review i read be glowing . &lt;unknown&gt; ; life changing ! &lt;unknown&gt; ; &lt;unknown&gt; ; masterpiece ! &lt;unknown&gt; ; &lt;unknown&gt; ; awe inspiring ! &lt;unknown&gt; ; well , it be inspiring , but i be not sure exactly what it inspire me to do . i read this book and feel nothing . no , i take IN back . i feel like i be totally &lt;unknown&gt; ; &lt;unknown&gt; ; get the point or the genius . i do n't like the character . i do n't like the story ( i be a government employee and i could n't even relate to it ! ) . but , i persevere and finish the book . only to be leave with one burning question ... Huh ? see as how everyone seem to love Bukowski , i be try another one of his book . i be give him another shot . but i be just not feel it . maybe it be a male / female difference of perspective . i just do n't know . </lemmas><pos>NP VBD DT NN IN DT NN WP RB VBD DT NN IN NP NP SENT NP VBD RB VBN NP VBD JJ IN PP$ NNS SENT RB RB IN DT NNS NP VBD VBD JJ SENT NN : NN NN SENT NN : NN : NN SENT NN : NN : VB JJ SENT NN : RB , PP VBD JJ , CC NP VBP RB RB RB WP PP VBD PP TO VB SENT NP VBD DT NN CC VBD NN SENT RB , NNS VBP  RB SENT NP VBD IN NP VBD RB JJ : NN : VBG DT NN CC DT NN SENT NP VBD RB IN DT NNS SENT NP VBD RB IN DT NN ( FW VBP DT NN NN CC NP MD RB RB VB TO PP SENT ) SENT CC , NP VBD CC VBD DT NN SENT RB TO VB VBN IN CD NN NN : NP SENT VBG IN WRB NN VBZ TO VB NP , NP VBP VBG DT CD IN PP$ NNS SENT NNS VBP VBG PP DT NN SENT CC NP VBP RB RB VBG PP SENT RB PP VBZ DT NN SYM JJ NN IN NN SENT NP RB VBP RB VB SENT </pos></review>
