<?xml version="1.0" encoding="ISO-8859-1" standalone="no"?>
<!DOCTYPE review SYSTEM "derev.dtd">
<review ID="3456" title="PostOffice" writer="CharlesBukowski" author="RobbiePortRobPort" date="November 12, 2001" stars="4" suspectbook="0" unknownpurchase="0" nickname="0" cluster="0" allcluesclass="1" threecluesclass="1" sumclues="0" realclass="1" fold="9"><object>Funny, But Not Profound</object><body>Mr. Bukowski is an excellent writer and Post Office will keep you entertained.  It is a very easy to read book and flows quickly from begining to end (I read it in about 2 1/2 hours).  The point of view is very realistic.  So real, as a matter of fact, that you can almost smell the booze on the main characters breath after a night of binge-drinking. I don't know that this book offers any profound insights into life, however.  I think that it is better appreciated for what it appears to be on the surface: a laconic editorial written by a cynical, though happy, man.</body><tokens>mr . bukowski is an excellent writer and post office will keep you entertained . it is a very easy to read book and flows quickly from begining to end ( i read it in about 2 1 / 2 hours ) . the point of view is very realistic . so real , as a matter of fact , that you can almost smell the booze on the main characters breath after a night of binge-drinking . i do n't know that this book offers any profound insights into life , however . i think that it is better appreciated for what it appears to be on the surface : a laconic editorial written by a cynical , though happy , man .</tokens><lemmas>Mr . Bukowski be an excellent writer and post office will keep you entertain . it be a very easy to read book and flow quickly from begin to end ( i read it in about 2 1 / 2 hour ) . the point of view be very realistic . so real , as a matter of fact , that you can almost smell the booze on the main character breath after a night of &lt;unknown&gt; . i do n't know IN this book offer any profound insight into life , however . i think IN it be well appreciate for what it appear to be on the surface : a laconic editorial write by a cynical , though happy , man . </lemmas><pos>NN SENT NP VBZ DT JJ NN CC NN NN MD VB PP VBD SENT PP VBZ DT RB JJ TO VB NN CC VBZ RB IN VBG TO VB ( NP VBD PP IN RB CD CD SYM CD NNS ) SENT DT NN IN NN VBZ RB JJ SENT RB JJ , IN DT NN IN NN , WDT PP MD RB VB DT NN IN DT JJ NNS NN IN DT NN IN NN SENT NNS VBP RB VB  DT NN VBZ DT JJ NNS IN NN , RB SENT NNS VBP  PP VBZ RBR VBN IN WP PP VBZ TO VB IN DT NN : DT JJ NN VBN IN DT JJ , RB JJ , NN SENT </pos></review>
