<?xml version="1.0" encoding="ISO-8859-1" standalone="no"?>
<!DOCTYPE review SYSTEM "derev.dtd">
<review ID="3292" title="OfHumanBondage" writer="SomersetMaugham" author="TeriThomasttayrien" date="December 29, 2010" stars="5" suspectbook="0" unknownpurchase="0" nickname="0" cluster="0" allcluesclass="1" threecluesclass="1" sumclues="0" realclass="1" fold="2"><object>Not KInk</object><body>When I bought this book Amazon recommended Bondage books to me. This book is not an adult bondage book it is a timeless classic.</body><tokens>when i bought this book amazon recommended bondage books to me . this book is not an adult bondage book it is a timeless classic .</tokens><lemmas>when i buy this book amazon recommend bondage book to me . this book be not an adult bondage book it be a timeless classic . </lemmas><pos>WRB NP VBD DT NN NN VBD NN NNS TO PP SENT DT NN VBZ RB DT JJ NN NN PP VBZ DT JJ NN SENT </pos></review>
