<?xml version="1.0" encoding="ISO-8859-1" standalone="no"?>
<!DOCTYPE review SYSTEM "derev.dtd">
<review ID="2946" title="NeverEndingStory" writer="MichaelEnde" author="VWalmsleyDollhouselover" date="June 1, 2009" stars="5" suspectbook="0" unknownpurchase="0" nickname="0" cluster="0" allcluesclass="1" threecluesclass="1" sumclues="0" realclass="1" fold="0"><object>A good story is always fun!</object><body>Great book for all ages. One caveat though ... If you love the movie then the book may confuse or even frustrate you. The movie ends at about the halfway point of the book. If you haven't seen the movie I recommend reading the book first.</body><tokens>great book for all ages . one caveat though ... if you love the movie then the book may confuse or even frustrate you . the movie ends at about the halfway point of the book . if you have n't seen the movie i recommend reading the book first .</tokens><lemmas>great book for all age . one caveat though ... if you love the movie then the book may confuse or even frustrate you . the movie end at about the halfway point of the book . if you have n't see the movie i recommend read the book first . </lemmas><pos>JJ NN IN DT NNS SENT CD NN RB : IN PP VBP DT NN RB DT NN MD VB CC RB VB PP SENT DT NN VBZ IN IN DT JJ NN IN DT NN SENT IN PP VBP RB VBN DT NN NNS VBP VBG DT NN RB SENT </pos></review>
