<?xml version="1.0" encoding="ISO-8859-1" standalone="no"?>
<!DOCTYPE review SYSTEM "derev.dtd">
<review ID="3216" title="OfHumanBondage" writer="SomersetMaugham" author="ThomasLJeffersTLJ" date="June 26, 2011" stars="4" suspectbook="0" unknownpurchase="0" nickname="0" cluster="0" allcluesclass="1" threecluesclass="1" sumclues="0" realclass="1" fold="1"><object>Well rendered</object><body>Though italicized words and all diacritical (accent) marks are omitted, this is a faithfully rendered text (in careful reading I noticed no typos). Recommended.</body><tokens>though italicized words and all diacritical ( accent ) marks are omitted , this is a faithfully rendered text ( in careful reading i noticed no typos ) . recommended .</tokens><lemmas>though italicize word and all diacritical ( accent ) mark be omit , this be a faithfully render text ( in careful reading i notice no typo ) . recommend . </lemmas><pos>IN VBN NNS CC DT JJ ( NN ) NNS VBP VBN , DT VBZ DT RB VBN NN ( IN JJ NN NP VBD DT NNS ) SENT VBD SENT </pos></review>
