<?xml version="1.0" encoding="ISO-8859-1" standalone="no"?>
<!DOCTYPE review SYSTEM "derev.dtd">
<review ID="4049" title="Siddhartha" writer="HermannHesse" author="DNortonknucklehead" date="May 29, 2011" stars="5" suspectbook="0" unknownpurchase="0" nickname="0" cluster="0" allcluesclass="1" threecluesclass="1" sumclues="0" realclass="1" fold="4"><object>a must read</object><body>i first read this book and high school and it had a profound effect on me emotionally and spiritually. this is a great book because it opens you up to the spiritual world and of a timeless and repeated story of the development of a young man.</body><tokens>i first read this book and high school and it had a profound effect on me emotionally and spiritually . this is a great book because it opens you up to the spiritual world and of a timeless and repeated story of the development of a young man .</tokens><lemmas>i first read this book and high school and it have a profound effect on me emotionally and spiritually . this be a great book because it open you up to the spiritual world and of a timeless and repeated story of the development of a young man . </lemmas><pos>NP RB VBD DT NN CC JJ NN CC PP VBD DT JJ NN IN PP RB CC RB SENT DT VBZ DT JJ NN IN PP VBZ PP RP TO DT JJ NN CC IN DT JJ CC JJ NN IN DT NN IN DT JJ NN SENT </pos></review>
