<?xml version="1.0" encoding="ISO-8859-1" standalone="no"?>
<!DOCTYPE review SYSTEM "derev.dtd">
<review ID="4046" title="Siddhartha" writer="HermannHesse" author="PhillipMAugustavoPMAugustavo" date="January 13, 2012" stars="1" suspectbook="0" unknownpurchase="0" nickname="0" cluster="0" allcluesclass="1" threecluesclass="1" sumclues="0" realclass="1" fold="3"><object>Did Yoda do the translation?</object><body>I read this book about 35 years ago. Then I liked it. But this translation is terrible--it's like listening to Yoda--and together with the bad punctuation it makes the text difficult to appreciate. The one star rating is for the atrocious translation.</body><tokens>i read this book about 35 years ago . then i liked it . but this translation is terrible--it 's like listening to yoda--and together with the bad punctuation it makes the text difficult to appreciate . the one star rating is for the atrocious translation .</tokens><lemmas>i read this book about @card@ year ago . then i like it . but this translation be &lt;unknown&gt; be like listen to &lt;unknown&gt; together with the bad punctuation it make the text difficult to appreciate . the one star rating be for the atrocious translation . </lemmas><pos>NP VBD DT NN IN CD NNS RB SENT RB NP VBD PP SENT CC DT NN VBZ JJ VBZ IN VBG TO VB RB IN DT JJ NN PP VBZ DT NN JJ TO VB SENT DT CD NN NN VBZ IN DT JJ NN SENT </pos></review>
