<?xml version="1.0" encoding="ISO-8859-1" standalone="no"?>
<!DOCTYPE review SYSTEM "derev.dtd">
<review ID="4126" title="Siddhartha" writer="HermannHesse" author="DavidChatenay" date="March 18, 2009" stars="1" suspectbook="0" unknownpurchase="0" nickname="0" cluster="0" allcluesclass="1" threecluesclass="1" sumclues="0" realclass="1" fold="7"><object>great book, bad kindle adaptation</object><body>The book is great, but this kindle version is very poor: bad lines breaks, no table of content, not even a cover image. Disappointing.</body><tokens>the book is great , but this kindle version is very poor : bad lines breaks , no table of content , not even a cover image . disappointing .</tokens><lemmas>the book be great , but this kindle version be very poor : bad line break , no table of content , not even a cover image . disappointing . </lemmas><pos>DT NN VBZ JJ , CC DT VBP NN VBZ RB JJ : JJ NNS NNS , DT NN IN NN , RB RB DT NN NN SENT JJ SENT </pos></review>
