<?xml version="1.0" encoding="ISO-8859-1" standalone="no"?>
<!DOCTYPE review SYSTEM "derev.dtd">
<review ID="4028" title="Siddhartha" writer="HermannHesse" author="RichardVanRijnRichard" date="November 26, 2009" stars="3" suspectbook="0" unknownpurchase="0" nickname="0" cluster="0" allcluesclass="1" threecluesclass="1" sumclues="0" realclass="1" fold="2"><object>Great story, bad spelling</object><body>This book is cheap, and after reading it I noticed why, there are quite a number of spelling errors. It doesn't really detract from the quality of the story, but it is a bit annoying. I guess beggars can't be choosers.</body><tokens>this book is cheap , and after reading it i noticed why , there are quite a number of spelling errors . it does n't really detract from the quality of the story , but it is a bit annoying . i guess beggars ca n't be choosers .</tokens><lemmas>this book be cheap , and after read it i notice why , there be quite a number of spell error . it do n't really detract from the quality of the story , but it be a bit annoy . i guess beggar ca n't be chooser . </lemmas><pos>DT NN VBZ JJ , CC IN VBG PP NP VBN WRB , EX VBP RB DT NN IN VBG NNS SENT PP VBZ RB RB VB IN DT NN IN DT NN , CC PP VBZ DT NN VBG SENT NNS VBP NNS MD RB VB NNS SENT </pos></review>
