<?xml version="1.0" encoding="ISO-8859-1" standalone="no"?>
<!DOCTYPE review SYSTEM "derev.dtd">
<review ID="4095" title="Siddhartha" writer="HermannHesse" author="MelissaMcCauley" date="May 2, 2011" stars="4" suspectbook="0" unknownpurchase="0" nickname="0" cluster="0" allcluesclass="1" threecluesclass="1" sumclues="0" realclass="1" fold="6"><object>Wish I Had Read This 30 Years Ago</object><body>Siddhartha was on the school reading list, but I never picked it up until now - and boy, I wish I would have! I am really curious as to how my opinion would have changed with age and experience. This is one of those books everyone should read, no matter what their religion or world view, if only to argue that the message is hogwash... or incredibly profound.</body><tokens>siddhartha was on the school reading list , but i never picked it up until now - and boy , i wish i would have ! i am really curious as to how my opinion would have changed with age and experience . this is one of those books everyone should read , no matter what their religion or world view , if only to argue that the message is hogwash ... or incredibly profound .</tokens><lemmas>&lt;unknown&gt; be on the school reading list , but i never pick it up until now - and boy , i wish i would have ! i be really curious as to how my opinion would have change with age and experience . this be one of those book everyone should read , no matter what their religion or world view , if only to argue IN the message be hogwash ... or incredibly profound . </lemmas><pos>NN VBD IN DT NN NN NN , CC NP RB VBD PP RP IN RB : CC UH , NNS VBP NP MD VB SENT NNS VBP RB JJ IN TO WRB PP$ NN MD VB VBN IN NN CC NN SENT DT VBZ CD IN DT NNS NN MD VB , DT NN WP PP$ NN CC NN NN , IN RB TO VB  DT NN VBZ NN : CC RB JJ SENT </pos></review>
