<?xml version="1.0" encoding="ISO-8859-1" standalone="no"?>
<!DOCTYPE review SYSTEM "derev.dtd">
<review ID="4153" title="Siddhartha" writer="HermannHesse" author="NathanaelBaker" date="April 10, 2009" stars="5" suspectbook="0" unknownpurchase="0" nickname="0" cluster="0" allcluesclass="1" threecluesclass="1" sumclues="0" realclass="1" fold="9"><object>English</object><body>I haven't actually read this one all the way through, but I'll give Hesse the benefit of the doubt and say this is worth reading. More importantly, the formatting is legible and clean. It's safe to download. Also, it is in English, not German... too bad.</body><tokens>i have n't actually read this one all the way through , but i 'll give hesse the benefit of the doubt and say this is worth reading . more importantly , the formatting is legible and clean . it 's safe to download . also , it is in english , not german ... too bad .</tokens><lemmas>i have n't actually read this one all the way through , but i will give &lt;unknown&gt; the benefit of the doubt and say this be worth reading . more importantly , the format be legible and clean . it be safe to &lt;unknown&gt; . also , it be in English , not german ... too bad . </lemmas><pos>NNS VBP RB RB VB DT CD RB DT NN IN , CC NP MD VB NN DT NN IN DT NN CC VBP DT VBZ JJ NN SENT RBR RB , DT VBG VBZ JJ CC JJ SENT PP VBZ JJ TO NN SENT RB , PP VBZ IN JJ , RB JJ : RB JJ SENT </pos></review>
