<?xml version="1.0" encoding="ISO-8859-1" standalone="no"?>
<!DOCTYPE review SYSTEM "derev.dtd">
<review ID="4018" title="Siddhartha" writer="HermannHesse" author="PatCarmoney" date="November 9, 2010" stars="1" suspectbook="0" unknownpurchase="0" nickname="0" cluster="0" allcluesclass="1" threecluesclass="1" sumclues="0" realclass="1" fold="0"><object>Don't judge this book by its cover!</object><body>Several years ago when I first read Siddhartha I did so as part of a search for understanding the elements of Eastern spirituality. The book was mentioned in a surprising collection of other authors during that zeitgeist which is how I lost my original copy: borrowed and not returned! The recent replacement copy of Siddhartha sent to me through Amazon,however seemed to be an unedited and oddly formatted (margins inconsistent)piece of literature. There were grammar errors and odd translations that distracted from the text. A German word had been put in English form with parentheses and a question mark, for example. There was no publication date that could trace the authorship. Was this a bootleg?</body><tokens>several years ago when i first read siddhartha i did so as part of a search for understanding the elements of eastern spirituality . the book was mentioned in a surprising collection of other authors during that zeitgeist which is how i lost my original copy : borrowed and not returned ! the recent replacement copy of siddhartha sent to me through amazon , however seemed to be an unedited and oddly formatted ( margins inconsistent ) piece of literature . there were grammar errors and odd translations that distracted from the text . a german word had been put in english form with parentheses and a question mark , for example . there was no publication date that could trace the authorship . was this a bootleg ?</tokens><lemmas>several year ago when i first read &lt;unknown&gt; i do so as part of a search for understand the element of eastern spirituality . the book be mention in a surprising collection of other author during that Zeitgeist which be how i lose my original copy : borrow and not return ! the recent replacement copy of &lt;unknown&gt; send to me through amazon , however seem to be an unedited and oddly format ( margin inconsistent ) piece of literature . there be grammar error and odd translation that distract from the text . a german word have be put in English form with parenthesis and a question mark , for example . there be no publication date that could trace the authorship . be this a bootleg ? </lemmas><pos>JJ NNS RB WRB NP RB VBD NP NP VBD RB IN NN IN DT NN IN VBG DT NNS IN JJ NN SENT DT NN VBD VBN IN DT JJ NN IN JJ NNS IN DT NN WDT VBZ WRB NP VBD PP$ JJ NN : VBN CC RB VBN SENT DT JJ NN NN IN NN VBN TO PP IN NN , RB VBD TO VB DT JJ CC RB VBD ( NNS JJ ) NN IN NN SENT EX VBD NN NNS CC JJ NNS WDT VBD IN DT NN SENT DT JJ NN VBD VBN VBN IN JJ NN IN NNS CC DT NN NN , IN NN SENT EX VBD DT NN NN WDT MD VB DT NN SENT VBD DT DT VB SENT </pos></review>
