<?xml version="1.0" encoding="ISO-8859-1" standalone="no"?>
<!DOCTYPE review SYSTEM "derev.dtd">
<review ID="4081" title="Siddhartha" writer="HermannHesse" author="EvanMBrownevbro9" date="May 28, 2012" stars="5" suspectbook="0" unknownpurchase="0" nickname="0" cluster="0" allcluesclass="1" threecluesclass="1" sumclues="0" realclass="1" fold="5"><object>A Mood Piece</object><body>For someone like me who loves a book that puts me in a peaceful mood and brings me to a good place, Siddhartha is one of my all-time favorites. You're not going to find endless action, shocking plot-twists, or gut-busting comedy. What you will find is a simple, beautiful, poetic story about life, desire, and happiness. Note: I have seen many people mention this particular translation is problematic. I cannot comment on that as I have not read this one. I am simply reviewing the story, which I read a few years ago in another edition.</body><tokens>for someone like me who loves a book that puts me in a peaceful mood and brings me to a good place , siddhartha is one of my all-time favorites . you &quot; re not going to find endless action , shocking plot-twists , or gut-busting comedy . what you will find is a simple , beautiful , poetic story about life , desire , and happiness . note : i have seen many people mention this particular translation is problematic . i cannot comment on that as i have not read this one . i am simply reviewing the story , which i read a few years ago in another edition .</tokens><lemmas>for someone like me who love a book that put me in a peaceful mood and bring me to a good place , &lt;unknown&gt; be one of my all-time favorite . you &quot; re not go to find endless action , shocking &lt;unknown&gt; , or &lt;unknown&gt; comedy . what you will find be a simple , beautiful , poetic story about life , desire , and happiness . note : i have see many people mention this particular translation be problematic . i can comment on that as i have not read this one . i be simply review the story , which i read a few year ago in another edition . </lemmas><pos>IN NN IN PP WP VBZ DT NN WDT VBZ PP IN DT JJ NN CC VBZ PP TO DT JJ NN , NN VBZ CD IN PP$ JJ NNS SENT PP `` IN RB VBG TO VB JJ NN , JJ NNS , CC VBG NN SENT WP PP MD VB VBZ DT JJ , JJ , JJ NN IN NN , NN , CC NN SENT NN : NNS VBP VBN JJ NNS VBP DT JJ NN VBZ JJ SENT NP MD VB IN DT IN NP VBP RB VBN DT CD SENT NNS VBP RB VBG DT NN , WDT NP VBD DT JJ NNS RB IN DT NN SENT </pos></review>
