<?xml version="1.0" encoding="ISO-8859-1" standalone="no"?>
<!DOCTYPE review SYSTEM "derev.dtd">
<review ID="4144" title="Siddhartha" writer="HermannHesse" author="SteveHammer" date="June 24, 2008" stars="5" suspectbook="0" unknownpurchase="0" nickname="0" cluster="0" allcluesclass="1" threecluesclass="1" sumclues="0" realclass="1" fold="8"><object>Siddhartha by Hermann Hesse</object><body>Siddhartha by Hermann Hesse 'Siddhartha' is an allegorical novel about the spiritual transformation of an Indian man called Siddhartha in the 6th century BC.</body><tokens>siddhartha by hermann hesse &quot; siddhartha &quot; is an allegorical novel about the spiritual transformation of an indian man called siddhartha in the 6th century bc .</tokens><lemmas>&lt;unknown&gt; by Hermann &lt;unknown&gt; &quot; &lt;unknown&gt; &quot; be an allegorical novel about the spiritual transformation of an Indian man call &lt;unknown&gt; in the 6th century bc . </lemmas><pos>NN IN NP NN `` NN '' VBZ DT JJ NN IN DT JJ NN IN DT JJ NN VBD NN IN DT JJ NN NN SENT </pos></review>
