<?xml version="1.0" encoding="ISO-8859-1" standalone="no"?>
<!DOCTYPE review SYSTEM "derev.dtd">
<review ID="4022" title="Siddhartha" writer="HermannHesse" author="KBeachKRB" date="April 6, 2010" stars="3" suspectbook="0" unknownpurchase="0" nickname="0" cluster="0" allcluesclass="1" threecluesclass="1" sumclues="0" realclass="1" fold="1"><object>Great Story, Several Transcription Errors</object><body>Hesse's Siddhartha is simply a great book. Read in one's youth, it is a compelling call to spiritual quest. Read again prior to one's senescence, it is a reminder that the pilgrim winds up where she/he has always been: precisely here. I enjoy reading books in Kindle format...most often on my iPod Touch because I prefer the easy pocket-ability of the Apple form factor (hey Jeff, how about an iPod Touch-sized Kindle with an electronic paper screen for $149?). What I DON'T currently enjoy about the Kindle format are the apparent transcription errors I occasionally encounter in texts: missing letters, missing words, and even a missing phrase. Other Kindle readers I know have mentioned this phenomenon. For whatever reason, the Siddhartha file I downloaded had an unusually high error rate...enough to interrupt the flow of my reading at several points. While not a &quot;show stopper&quot;, this diminished my reading experience.</body><tokens>hesse 's siddhartha is simply a great book . read in one 's youth , it is a compelling call to spiritual quest . read again prior to one 's senescence , it is a reminder that the pilgrim winds up where she / he has always been : precisely here . i enjoy reading books in kindle format ... most often on my ipod touch because i prefer the easy pocket-ability of the apple form factor ( hey jeff , how about an ipod touch-sized kindle with an electronic paper screen for $149 ? ) . what i do n't currently enjoy about the kindle format are the apparent transcription errors i occasionally encounter in texts : missing letters , missing words , and even a missing phrase . other kindle readers i know have mentioned this phenomenon . for whatever reason , the siddhartha file i downloaded had an unusually high error rate ... enough to interrupt the flow of my reading at several points . while not a &quot; show stopper &quot; , this diminished my reading experience .</tokens><lemmas>&lt;unknown&gt; 's &lt;unknown&gt; be simply a great book . read in one 's youth , it be a compelling call to spiritual quest . read again prior to one 's senescence , it be a reminder IN the pilgrim wind up where she / he have always be : precisely here . i enjoy read book in kindle format ... most often on my &lt;unknown&gt; touch because i prefer the easy &lt;unknown&gt; of the apple form factor ( hey Jeff , how about an &lt;unknown&gt; &lt;unknown&gt; kindle with an electronic paper screen for &lt;unknown&gt; ? ) . what i do n't currently enjoy about the kindle format be the apparent transcription error i occasionally encounter in text : miss letter , miss word , and even a missing phrase . other kindle reader i know have mention this phenomenon . for whatever reason , the &lt;unknown&gt; file i &lt;unknown&gt; have an unusually high error rate ... enough to interrupt the flow of my reading at several point . while not a &quot; show stopper &quot; , this diminish my reading experience . </lemmas><pos>NN POS NN VBZ RB DT JJ NN SENT VBN IN CD POS NN , PP VBZ DT JJ NN TO JJ NN SENT VB RB JJ TO CD POS NN , PP VBZ DT NN  DT NN VBZ RP WRB PP SYM PP VBZ RB VBN : RB RB SENT NNS VBP VBG NNS IN VBP NN : RBS RB IN PP$ NN NN IN NP VBP DT JJ NN IN DT NN NN NN ( UH NP , WRB RB DT NN VBD VB IN DT JJ NN NN IN NN SENT ) SENT WP NNS VBP RB RB VB RB DT VBP NN VBP DT JJ NN NNS NP RB VB IN NNS : VBG NNS , VBG NNS , CC RB DT JJ NN SENT JJ VBP NNS NNS VBP VBP VBN DT NN SENT IN JJ NN , DT NN NN NP VBD VBD DT RB JJ NN NN : RB TO VB DT NN IN PP$ NN IN JJ NNS SENT IN RB DT `` NN NN '' , DT VBD PP$ NN NN SENT </pos></review>
