<?xml version="1.0" encoding="ISO-8859-1" standalone="no"?>
<!DOCTYPE review SYSTEM "derev.dtd">
<review ID="4845" title="TheCalloftheWild" writer="JackLondon" author="ElizabethRennie" date="December 9, 2011" stars="2" suspectbook="0" unknownpurchase="0" nickname="0" cluster="0" allcluesclass="1" threecluesclass="1" sumclues="0" realclass="1" fold="8"><object>The Call of the Wild</object><body>First of all the book is about 5&quot; x 7&quot;, real small.  I purchased this for my 10 year old grandson because i read this book when I was about his age and really loved it.  This book is written in old english style and small letters.  My grandson started reading it and could not understand the words, he got frustrated and gave up. I thought it would be a regular size book geared to children. It is not for children.  It is for adults, but not for elderly people because the print is too small.  What a disappointment, a book that I had enjoyed so much turned out to be not a very good gift.</body><tokens>first of all the book is about 5 &quot; x 7 &quot; , real small . i purchased this for my 10 year old grandson because i read this book when i was about his age and really loved it . this book is written in old english style and small letters . my grandson started reading it and could not understand the words , he got frustrated and gave up . i thought it would be a regular size book geared to children . it is not for children . it is for adults , but not for elderly people because the print is too small . what a disappointment , a book that i had enjoyed so much turned out to be not a very good gift .</tokens><lemmas>first of all the book be about 5 &quot; x 7 &quot; , real small . i purchase this for my @card@ year old grandson because i read this book when i be about his age and really love it . this book be write in old English style and small letter . my grandson start read it and could not understand the word , he get frustrate and give up . i think it would be a regular size book gear to child . it be not for child . it be for adult , but not for elderly people because the print be too small . what a disappointment , a book IN i have enjoy so much turn out to be not a very good gift . </lemmas><pos>JJ IN PDT DT NN VBZ IN CD `` NN CD '' , RB JJ SENT NP VBD DT IN PP$ CD NN JJ NN IN NP VBD DT NN WRB NP VBD IN PP$ NN CC RB VBD PP SENT DT NN VBZ VBN IN JJ JJ NN CC JJ NNS SENT PP$ NN VBD VBG PP CC MD RB VB DT NNS , PP VBD VBN CC VBD RP SENT NP VBD PP MD VB DT JJ NN NN VBN TO NNS SENT PP VBZ RB IN NNS SENT PP VBZ IN NNS , CC RB IN JJ NNS IN DT NN VBZ RB JJ SENT WP DT NN , DT NN  NP VBD VBN RB RB VBN RP TO VB RB DT RB JJ NN SENT </pos></review>
