<?xml version="1.0" encoding="ISO-8859-1" standalone="no"?>
<!DOCTYPE review SYSTEM "derev.dtd">
<review ID="4840" title="TheCalloftheWild" writer="JackLondon" author="MichaelCornell" date="November 9, 2010" stars="1" suspectbook="0" unknownpurchase="0" nickname="0" cluster="0" allcluesclass="1" threecluesclass="1" sumclues="0" realclass="1" fold="7"><object>May as well be downloaded and printed on computer paper.</object><body>When I buy a book, I'm not expecting to get something printed on 8.5&quot; paper in 12 pt Times New Roman.  I could just as easily downloaded the text for the book online and stuck it in a folder.  Awful.  I would absolutely recommend not buying this book.  I will never read this copy.</body><tokens>when i buy a book , i 'm not expecting to get something printed on 8 . 5 &quot; paper in 12 pt times new roman . i could just as easily downloaded the text for the book online and stuck it in a folder . awful . i would absolutely recommend not buying this book . i will never read this copy .</tokens><lemmas>when i buy a book , i be not expect to get something print on 8 . 5 &quot; paper in @card@ &lt;unknown&gt; times new roman . i could just as easily &lt;unknown&gt; the text for the book online and stick it in a folder . awful . i would absolutely recommend not buy this book . i will never read this copy . </lemmas><pos>WRB NNS VBP DT NN , NNS VBP RB VBG TO VB NN VBN IN CD SENT CD '' NN IN CD NNS CC JJ NN SENT NP MD RB RB RB VBN DT NN IN DT NN JJ CC VBD PP IN DT NN SENT JJ SENT NP MD RB VB RB VBG DT NN SENT NP MD RB VB DT NN SENT </pos></review>
