<?xml version="1.0" encoding="ISO-8859-1" standalone="no"?>
<!DOCTYPE review SYSTEM "derev.dtd">
<review ID="4663" title="TheCalloftheWild" writer="JackLondon" author="AdamMiller" date="December 17, 2007" stars="5" suspectbook="0" unknownpurchase="0" nickname="0" cluster="0" allcluesclass="1" threecluesclass="1" sumclues="0" realclass="1" fold="6"><object>great book!</object><body>I am generally not a huge fan of fiction, but I recently watched the movie &quot;Into the Wild&quot; and saw that the character featured in the movie read this book and was influenced by it to live a life in the Wild. I figured I may as well read it, so I did, and I really enjoyed it. I am not at all a literature buff, so I am not certain of what things were symbolic and what everything meant, but it was a great read and I couldn't put it down.</body><tokens>i am generally not a huge fan of fiction , but i recently watched the movie &quot; into the wild &quot; and saw that the character featured in the movie read this book and was influenced by it to live a life in the wild . i figured i may as well read it , so i did , and i really enjoyed it . i am not at all a literature buff , so i am not certain of what things were symbolic and what everything meant , but it was a great read and i could n't put it down .</tokens><lemmas>i be generally not a huge fan of fiction , but i recently watch the movie &quot; into the wild &quot; and see IN the character feature in the movie read this book and be influence by it to live a life in the wild . i figure i may as well read it , so i do , and i really enjoy it . i be not at all a literature buff , so i be not certain of what thing be symbolic and what everything mean , but it be a great read and i could n't put it down . </lemmas><pos>NNS VBP RB RB DT JJ NN IN NN , CC NP RB VBD DT NN '' IN DT JJ '' CC VBD  DT NN VBN IN DT NN VBD DT NN CC VBD VBN IN PP TO VB DT NN IN DT JJ SENT NP VBD NP MD RB RB VB PP , IN NP VBD , CC NP RB VBD PP SENT NNS VBP RB IN PDT DT NN NN , CC NP VBP RB JJ IN WP NNS VBD JJ CC WDT NN VBD , CC PP VBD DT JJ NN CC NP MD RB VB PP RP SENT </pos></review>
