<?xml version="1.0" encoding="ISO-8859-1" standalone="no"?>
<!DOCTYPE review SYSTEM "derev.dtd">
<review ID="4655" title="TheCalloftheWild" writer="JackLondon" author="PaulAThompson" date="March 19, 2009" stars="5" suspectbook="0" unknownpurchase="0" nickname="0" cluster="0" allcluesclass="1" threecluesclass="1" sumclues="0" realclass="1" fold="5"><object>The Call of the Wild -Great Story</object><body>A very intresting book! I read it when I was a young boy and I bought it for my Grandaughter. She read it and liked it too!</body><tokens>a very intresting book ! i read it when i was a young boy and i bought it for my grandaughter . she read it and liked it too !</tokens><lemmas>a very &lt;unknown&gt; book ! i read it when i be a young boy and i buy it for my &lt;unknown&gt; . she read it and like it too ! </lemmas><pos>DT JJ NN NN SENT NP VBD PP WRB NP VBD DT JJ NN CC NP VBD PP IN PP$ NN SENT PP VBP PP CC VBD PP RB SENT </pos></review>
