<?xml version="1.0" encoding="ISO-8859-1" standalone="no"?>
<!DOCTYPE review SYSTEM "derev.dtd">
<review ID="4475" title="TheCalloftheWild" writer="JackLondon" author="KeithSuranna" date="September 12, 2012" stars="5" suspectbook="0" unknownpurchase="0" nickname="0" cluster="0" allcluesclass="1" threecluesclass="1" sumclues="0" realclass="1" fold="1"><object>More Than an Adventure</object><body>I recently finished teaching Jack London's &quot;The Call of the Wild&quot; to my eighth grade students. It proved a fulfilling experience for them and me. While it is often described as an adventure story, there is much more to it than that. Set during the Yukon Gold Rush of the late 1890s, the narrative focuses on the protagonist Buck, a St. Bernard-Scotch shepherd mix, and his metamorphosis from a sated domesticate canine in the sun-kissed Santa Clara Valley in California to a wild beast thoroughly fixed to his ancient, primordial nature. Many of my students ultimately thought this a sad story, and felt deeply for Buck. For this novel, his most celebrated, Jack London drew on his own failed hunt for gold in the Klondike. His descriptions of Buck's surroundings, predicaments, antagonists, and internal conflicts are masterful examples of imagery. His themes of betrayal, struggle, and loving friendship are universal, which propelled him to international fame. For its price and durability (and cool cover), I particularly like the Puffin Classics edition. However, whichever edition one chooses, I highly recommend &quot;The Call of the Wild&quot; to any reader interested in experiencing the adventure genre elevated to fine art.</body><tokens>i recently finished teaching jack london 's &quot; the call of the wild &quot; to my eighth grade students . it proved a fulfilling experience for them and me . while it is often described as an adventure story , there is much more to it than that . set during the yukon gold rush of the late 1890s , the narrative focuses on the protagonist buck , a st . bernard-scotch shepherd mix , and his metamorphosis from a sated domesticate canine in the sun-kissed santa clara valley in california to a wild beast thoroughly fixed to his ancient , primordial nature . many of my students ultimately thought this a sad story , and felt deeply for buck . for this novel , his most celebrated , jack london drew on his own failed hunt for gold in the klondike . his descriptions of buck 's surroundings , predicaments , antagonists , and internal conflicts are masterful examples of imagery . his themes of betrayal , struggle , and loving friendship are universal , which propelled him to international fame . for its price and durability ( and cool cover ) , i particularly like the puffin classics edition . however , whichever edition one chooses , i highly recommend &quot; the call of the wild &quot; to any reader interested in experiencing the adventure genre elevated to fine art .</tokens><lemmas>i recently finish teach jack &lt;unknown&gt; be &quot; the call of the wild &quot; to my eighth grade student . it prove a fulfill experience for them and me . while it be often describe as an adventure story , there be much more to it than that . set during the &lt;unknown&gt; gold rush of the late 1890s , the narrative focus on the protagonist buck , a &lt;unknown&gt; . &lt;unknown&gt; shepherd mix , and his metamorphosis from a sate domesticate canine in the sun-kiss &lt;unknown&gt; &lt;unknown&gt; valley in &lt;unknown&gt; to a wild beast thoroughly fix to his ancient , primordial nature . many of my student ultimately think this a sad story , and feel deeply for buck . for this novel , his most celebrated , jack &lt;unknown&gt; draw on his own failed hunt for gold in the &lt;unknown&gt; . his description of buck 's surroundings , predicament , antagonist , and internal conflict be masterful example of imagery . his theme of betrayal , struggle , and loving friendship be universal , which propel him to international fame . for its price and durability ( and cool cover ) , i particularly like the puffin classic edition . however , whichever edition one choose , i highly recommend &quot; the call of the wild &quot; to any reader interested in experience the adventure genre elevate to fine art . </lemmas><pos>NP RB VBD VBG NN NN VBZ `` DT NN IN DT JJ `` TO PP$ JJ NN NNS SENT PP VBD DT VBG NN IN PP CC PP SENT IN PP VBZ RB VBN IN DT NN NN , EX VBZ RB JJR TO PP IN DT SENT VBN IN DT NN NN NN IN DT JJ NNS , DT NN VBZ IN DT NN NN , DT NN SENT NN NN NN , CC PP$ NN IN DT VBN VBP JJ IN DT VBN NN NN NN IN NN TO DT JJ NN RB VBN TO PP$ JJ , JJ NN SENT JJ IN PP$ NNS RB VBN DT DT JJ NN , CC VBD RB IN NN SENT IN DT NN , PP$ RBS JJ , NN NN VBD IN PP$ JJ JJ NN IN NN IN DT NN SENT PP$ NNS IN NN POS NN , NNS , NNS , CC JJ NNS VBP JJ NNS IN NN SENT PP$ NNS IN NN , NN , CC JJ NN VBP JJ , WDT VBD PP TO JJ NN SENT IN PP$ NN CC NN ( CC JJ NN ) , NP RB IN DT NN NNS NN SENT RB , WDT NN PP VBZ , NP RB VBP `` DT NN IN DT JJ `` TO DT NN JJ IN VBG DT NN NN VBD TO VB NN SENT </pos></review>
