<?xml version="1.0" encoding="ISO-8859-1" standalone="no"?>
<!DOCTYPE review SYSTEM "derev.dtd">
<review ID="4592" title="TheCalloftheWild" writer="JackLondon" author="RDuffieDuff" date="June 20, 2012" stars="4" suspectbook="0" unknownpurchase="0" nickname="0" cluster="0" allcluesclass="1" threecluesclass="1" sumclues="0" realclass="1" fold="3"><object>Excellent on Several Levels</object><body>This is one of those stories that draws heavily upon the mythical and archetypical.  That, along with it's wide commercial success, has allowed this story penetrate our culture in a significant way.  Buck, although a dog, has been a powerful symbol for dedication and courage and heart and soul within our culture. I suppose that the celebration of these virtues is the most important purpose of this book.  But there may be other subtexts to the story as well.  Jack London was socialist, and the sled dogs working as a team may have been a metaphor for socialism.  Also, the use of dogs which by nature subordinate their wills to that of their owners may be a metaphor for subject/state relationship in a socialist state. Also, the story is set in a particular corner of American history, during the Alaskan Gold rush, told by a writer who lived it.  For those interested in history, this story puts meat on the bones of that time in history. Finally, this was FREE for the kindle version!!</body><tokens>this is one of those stories that draws heavily upon the mythical and archetypical . that , along with it 's wide commercial success , has allowed this story penetrate our culture in a significant way . buck , although a dog , has been a powerful symbol for dedication and courage and heart and soul within our culture . i suppose that the celebration of these virtues is the most important purpose of this book . but there may be other subtexts to the story as well . jack london was socialist , and the sled dogs working as a team may have been a metaphor for socialism . also , the use of dogs which by nature subordinate their wills to that of their owners may be a metaphor for subject / state relationship in a socialist state . also , the story is set in a particular corner of american history , during the alaskan gold rush , told by a writer who lived it . for those interested in history , this story puts meat on the bones of that time in history . finally , this was free for the kindle version !!</tokens><lemmas>this be one of those storey that draw heavily upon the mythical and archetypical . IN , along with it 's wide commercial success , have allow this story penetrate our culture in a significant way . buck , although a dog , have be a powerful symbol for dedication and courage and heart and soul within our culture . i suppose IN the celebration of these virtue be the most important purpose of this book . but there may be other subtext to the story as well . jack &lt;unknown&gt; be socialist , and the sled dog work as a team may have be a metaphor for socialism . also , the use of dog which by nature subordinate their will to that of their owner may be a metaphor for subject / state relationship in a socialist state . also , the story be set in a particular corner of American history , during the Alaskan gold rush , tell by a writer who live it . for those interested in history , this story put meat on the bone of that time in history . finally , this be free for the kindle version &lt;unknown&gt; </lemmas><pos>DT VBZ CD IN DT NNS WDT VBZ RB IN DT JJ CC JJ SENT  , IN IN PP POS JJ JJ NN , VBZ VBN DT NN VB PP$ NN IN DT JJ NN SENT NN , IN DT NN , VBZ VBN DT JJ NN IN NN CC NN CC NN CC NN IN PP$ NN SENT NNS VBP  DT NN IN DT NNS VBZ DT RBS JJ NN IN DT NN SENT CC EX MD VB JJ NNS TO DT NN IN RB SENT NN NN VBD JJ , CC DT NN NNS VBG IN DT NN MD VB VBN DT NN IN NN SENT RB , DT NN IN NNS WDT IN NN VB PP$ NNS TO DT IN PP$ NNS MD VB DT NN IN NN SYM NN NN IN DT JJ NN SENT RB , DT NN VBZ VBN IN DT JJ NN IN JJ NN , IN DT JJ NN NN , VBN IN DT NN WP VBD PP SENT IN DT JJ IN NN , DT NN VBZ NN IN DT NNS IN DT NN IN NN SENT RB , DT VBD JJ IN DT VBP NN NN </pos></review>
