<?xml version="1.0" encoding="ISO-8859-1" standalone="no"?>
<!DOCTYPE review SYSTEM "derev.dtd">
<review ID="4902" title="TheCalloftheWild" writer="JackLondon" author="AnaADeVallarino" date="April 13, 2010" stars="3" suspectbook="0" unknownpurchase="0" nickname="0" cluster="0" allcluesclass="1" threecluesclass="1" sumclues="0" realclass="1" fold="9"><object>literature book</object><body>The book is itself is ok, instructive and interesting and short. ideal for mu daughther, but unfortunately the book was not received in the best conditions; 5 pages were cut(tear)</body><tokens>the book is itself is ok , instructive and interesting and short . ideal for mu daughther , but unfortunately the book was not received in the best conditions ; 5 pages were cut ( tear )</tokens><lemmas>the book be itself be ok , instructive and interesting and short . ideal for mu &lt;unknown&gt; , but unfortunately the book be not receive in the good condition ; 5 page be cut ( tear ) </lemmas><pos>DT NN VBZ PP VBZ VB , JJ CC JJ CC JJ SENT JJ IN NN NN , CC RB DT NN VBD RB VBN IN DT JJS NNS : CD NNS VBD VBN ( NN ) </pos></review>
