<?xml version="1.0" encoding="ISO-8859-1" standalone="no"?>
<!DOCTYPE review SYSTEM "derev.dtd">
<review ID="4552" title="TheCalloftheWild" writer="JackLondon" author="EASolinaseasolinas" date="October 22, 2000" stars="5" suspectbook="0" unknownpurchase="0" nickname="0" cluster="0" allcluesclass="1" threecluesclass="1" sumclues="0" realclass="1" fold="2"><object>A story of survival</object><body>andquot;Call of the Wildandquot; is not an easy book to read. Devoid of the cute tricks and talking beasts of many animal-centered books, it is a harsh look at a formerly-pampered dog's lessons on survival among a pack of his fellows. Buck is an ordinary pet dog--until the day he is stolen and sent off to Alaska, in the middle of the goldrush around the turn of the century. Buck learns to cope with the rough lifestyle of a sled dog, competes for survival and status among the other dogs, and makes friends along the way. London's skill is evident, in that he is able to convey Buck's feelings and actions in an understandable way, without dialogue. His treatment, especially right after he is abducted, often makes the reader want to reach through and whomp his attackers. At the same time, you adore John Thornton for loving Buck so much and being kind to him when no other human is. With books such as andquot;White Fangandquot; and andquot;Call of the Wild,andquot; one wonders if Thornton and characters like that were alter-egos for London, since his affection for canines is clear in his writing. I also wonder whether he studied the pack structure of dogs kept together for a long time. And like in real life, there's not a happy ending for all concerned--such as one dog who simply can't keep pulling the sled. Buck changes over the course of the book. The same nobility and strength is still there, but it's tempered with wisdom and experience in wild matters as well as domestic ones. Without overdoing the descriptions, London gives you an idea of the cold bleakness of Alaska when your feet are in the snow and you have to trudge twenty miles. The readers will also find themselves agreeing completely with the brief descriptions of the characters who flit in and out.</body><tokens>andquot ; call of the wildandquot ; is not an easy book to read . devoid of the cute tricks and talking beasts of many animal-centered books , it is a harsh look at a formerly-pampered dog 's lessons on survival among a pack of his fellows . buck is an ordinary pet dog--until the day he is stolen and sent off to alaska , in the middle of the goldrush around the turn of the century . buck learns to cope with the rough lifestyle of a sled dog , competes for survival and status among the other dogs , and makes friends along the way . london 's skill is evident , in that he is able to convey buck 's feelings and actions in an understandable way , without dialogue . his treatment , especially right after he is abducted , often makes the reader want to reach through and whomp his attackers . at the same time , you adore john thornton for loving buck so much and being kind to him when no other human is . with books such as andquot ; white fangandquot ; and andquot ; call of the wild , andquot ; one wonders if thornton and characters like that were alter-egos for london , since his affection for canines is clear in his writing . i also wonder whether he studied the pack structure of dogs kept together for a long time . and like in real life , there 's not a happy ending for all concerned--such as one dog who simply ca n't keep pulling the sled . buck changes over the course of the book . the same nobility and strength is still there , but it 's tempered with wisdom and experience in wild matters as well as domestic ones . without overdoing the descriptions , london gives you an idea of the cold bleakness of alaska when your feet are in the snow and you have to trudge twenty miles . the readers will also find themselves agreeing completely with the brief descriptions of the characters who flit in and out .</tokens><lemmas>&lt;unknown&gt; ; call of the &lt;unknown&gt; ; be not an easy book to read . devoid of the cute trick and talk beast of many &lt;unknown&gt; book , it be a harsh look at a &lt;unknown&gt; dog 's lesson on survival among a pack of his fellow . buck be an ordinary pet &lt;unknown&gt; the day he be steal and send off to &lt;unknown&gt; , in the middle of the &lt;unknown&gt; around the turn of the century . buck learn to cope with the rough lifestyle of a sled dog , compete for survival and status among the other dog , and make friend along the way . London 's skill be evident , in that he be able to convey buck 's feeling and action in an understandable way , without dialogue . his treatment , especially right after he be abduct , often make the reader want to reach through and &lt;unknown&gt; his attacker . at the same time , you adore john &lt;unknown&gt; for loving buck so much and be kind to him when no other human be . with book such as &lt;unknown&gt; ; white &lt;unknown&gt; ; and &lt;unknown&gt; ; call of the wild , &lt;unknown&gt; ; one wonder if &lt;unknown&gt; and character like that be &lt;unknown&gt; for &lt;unknown&gt; , since his affection for canine be clear in his writing . i also wonder whether he study the pack structure of dog keep together for a long time . and like in real life , there be not a happy ending for all &lt;unknown&gt; as one dog who simply ca n't keep pull the sled . buck change over the course of the book . the same nobility and strength be still there , but it be temper with wisdom and experience in wild matter as well as domestic one . without overdo the description , London give you an idea of the cold bleakness of &lt;unknown&gt; when your foot be in the snow and you have to trudge twenty mile . the reader will also find themselves agree completely with the brief description of the character who flit in and out . </lemmas><pos>NN : VB IN DT NN : VBZ RB DT JJ NN TO VB SENT JJ IN DT JJ NNS CC VBG NNS IN JJ JJ NNS , PP VBZ DT JJ NN IN DT JJ NN POS NNS IN NN IN DT NN IN PP$ NNS SENT NN VBZ DT JJ JJ NN DT NN PP VBZ VBN CC VBN RP TO NN , IN DT NN IN DT NN IN DT NN IN DT NN SENT NN VBZ TO VB IN DT JJ NN IN DT NN NN , VBZ IN NN CC NN IN DT JJ NNS , CC VBZ NNS IN DT NN SENT NP POS NN VBZ JJ , IN WDT PP VBZ JJ TO VB NN POS NNS CC NNS IN DT JJ NN , IN NN SENT PP$ NN , RB RB IN PP VBZ VBN , RB VBZ DT NN VBP TO VB RP CC VB PP$ NNS SENT IN DT JJ NN , PP VBP NN NN IN JJ NN RB RB CC VBG JJ TO PP WRB DT JJ NN VBZ SENT IN NNS JJ IN NN : JJ NNS : CC NN : VB IN DT JJ , NN : CD NNS IN NN CC NNS IN WDT VBD NNS IN NN , IN PP$ NN IN NNS VBZ JJ IN PP$ NN SENT NP RB VBP IN PP VBD DT NN NN IN NNS VBN RB IN DT JJ NN SENT CC IN IN JJ NN , EX VBZ RB DT JJ NN IN DT NN IN CD NN WP RB MD RB VB VBG DT NN SENT NN NNS IN DT NN IN DT NN SENT DT JJ NN CC NN VBZ RB RB , CC PP VBZ VBN IN NN CC NN IN JJ NNS RB RB IN JJ NNS SENT IN VBG DT NNS , NP VBZ PP DT NN IN DT JJ NN IN NN WRB PP$ NNS VBP IN DT NN CC PP VBP TO VB CD NNS SENT DT NNS MD RB VB PP VBG RB IN DT JJ NNS IN DT NNS WP VBP RP CC RP SENT </pos></review>
