<?xml version="1.0" encoding="ISO-8859-1" standalone="no"?>
<!DOCTYPE review SYSTEM "derev.dtd">
<review ID="4648" title="TheCalloftheWild" writer="JackLondon" author="ElaineHorlockCalloftheWild" date="November 14, 2009" stars="5" suspectbook="0" unknownpurchase="0" nickname="0" cluster="0" allcluesclass="1" threecluesclass="1" sumclues="0" realclass="1" fold="4"><object>Perfect!</object><body>I own a log home in the North Georgia mountains, which I named &quot;Call of the Wild&quot;.  We don't actually have wolves here, but we do have lots of other wild animals.  I wanted a name that would relate to wolves, as I've always loved pictures of them and have many pictures of wolves in my home. I commissioned a local artist to paint a canvas portraying the essence of &quot;Call of the Wild&quot; and she paintd the picture from the new dust jacket.  So, of course, I wanted the book to display near the painting.  As I said, it's PERFECT! Elaine</body><tokens>i own a log home in the north georgia mountains , which i named &quot; call of the wild &quot; . we do n't actually have wolves here , but we do have lots of other wild animals . i wanted a name that would relate to wolves , as i 've always loved pictures of them and have many pictures of wolves in my home . i commissioned a local artist to paint a canvas portraying the essence of &quot; call of the wild &quot; and she paintd the picture from the new dust jacket . so , of course , i wanted the book to display near the painting . as i said , it 's perfect ! elaine</tokens><lemmas>i own a log home in the north Georgia mountain , which i name &quot; call of the wild &quot; . we do n't actually have wolf here , but we do have lot of other wild animal . i want a name that would relate to wolf , as i have always love picture of them and have many picture of wolf in my home . i commission a local artist to paint a canvas portray the essence of &quot; call of the wild &quot; and she &lt;unknown&gt; the picture from the new dust jacket . so , of course , i want the book to display near the painting . as i say , it be perfect ! &lt;unknown&gt; </lemmas><pos>NNS VBP DT NN NN IN DT JJ NP NNS , WDT NP VBD `` NN IN DT JJ '' SENT PP VBP RB RB VB NNS RB , CC PP VBP VB NNS IN JJ JJ NNS SENT NP VBD DT NN WDT MD VB TO NNS , IN NP VBP RB VBN NNS IN PP CC VB JJ NNS IN NNS IN PP$ NN SENT NP VBD DT JJ NN TO VB DT NN VBG DT NN IN `` NN IN DT JJ `` CC PP VBZ DT NN IN DT JJ NN NN SENT RB , IN NN , NP VBD DT NN TO VB IN DT NN SENT IN NP VBD , PP VBZ JJ SENT NN </pos></review>
