<?xml version="1.0" encoding="ISO-8859-1" standalone="no"?>
<!DOCTYPE review SYSTEM "derev.dtd">
<review ID="5362" title="TheDoorsofPerceptionandHeavenandHell" writer="AldousHuxley" author="RossJamesBrowne" date="February 28, 2003" stars="4" suspectbook="0" unknownpurchase="0" nickname="0" cluster="0" allcluesclass="1" threecluesclass="1" sumclues="0" realclass="1" fold="6"><object>A Groundbreaking Work</object><body>The only reason I gave this book only 4 stars instead of five is that the second essay, undHeaven and Hellund, struck me as rather weak.  Taken by itself, undDoors of Perceptionund is definitely a 5 star work.  This book is a watershed moment in the psychedelic literature movement.  It is beautifully written, with a clear and understandable style.  Huxley has a particular knack for knowing when he has come up against the unknowable, and is able to recognize the unknowable for what it really is.  He sort of maps out the edges of the unknowable, highlighting what is within the grasp of our knowledge, while defining a clear boundary demarcating the realms of knowledge that can only become known in another life.  This, of course, was the book that inspired the great philosopher Terrance McKenna, and after reading it, you might also become inspired to try to become the next great philosopher.  undDoors of Perceptionund is notable in that it triggers a desire for knowledge rather than simply expounding data.  This is definitely a good thing, and the reader can't help but be infected with a love for the astonishment and wonder that philosophy can provide.</body><tokens>the only reason i gave this book only 4 stars instead of five is that the second essay , undheaven and hellund , struck me as rather weak . taken by itself , unddoors of perceptionund is definitely a 5 star work . this book is a watershed moment in the psychedelic literature movement . it is beautifully written , with a clear and understandable style . huxley has a particular knack for knowing when he has come up against the unknowable , and is able to recognize the unknowable for what it really is . he sort of maps out the edges of the unknowable , highlighting what is within the grasp of our knowledge , while defining a clear boundary demarcating the realms of knowledge that can only become known in another life . this , of course , was the book that inspired the great philosopher terrance mckenna , and after reading it , you might also become inspired to try to become the next great philosopher . unddoors of perceptionund is notable in that it triggers a desire for knowledge rather than simply expounding data . this is definitely a good thing , and the reader ca n't help but be infected with a love for the astonishment and wonder that philosophy can provide .</tokens><lemmas>the only reason i give this book only 4 star instead of five be IN the second essay , &lt;unknown&gt; and &lt;unknown&gt; , strike me as rather weak . take by itself , &lt;unknown&gt; of &lt;unknown&gt; be definitely a 5 star work . this book be a watershed moment in the psychedelic literature movement . it be beautifully write , with a clear and understandable style . Huxley have a particular knack for know when he have come up against the unknowable , and be able to recognize the unknowable for what it really be . he sort of map out the edge of the unknowable , highlight what be within the grasp of our knowledge , while define a clear boundary demarcate the realm of knowledge that can only become know in another life . this , of course , be the book that inspire the great philosopher &lt;unknown&gt; &lt;unknown&gt; , and after read it , you might also become inspire to try to become the next great philosopher . &lt;unknown&gt; of &lt;unknown&gt; be notable in that it trigger a desire for knowledge rather than simply expound datum . this be definitely a good thing , and the reader ca n't help but be infect with a love for the astonishment and wonder IN philosophy can provide . </lemmas><pos>DT JJ NN NP VBD DT NN RB CD NNS RB IN CD VBZ  DT JJ NN , NP CC NP , VBD PP IN RB JJ SENT VBN IN PP , NNS IN NN VBZ RB DT CD NN NN SENT DT NN VBZ DT JJ NN IN DT JJ NN NN SENT PP VBZ RB VBN , IN DT JJ CC JJ NN SENT NP VBZ DT JJ NN IN VBG WRB PP VBZ VBN RP IN DT NN , CC VBZ JJ TO VB DT NN IN WP PP RB VBZ SENT PP VBP IN NNS IN DT NNS IN DT NN , VBG WP VBZ IN DT NN IN PP$ NN , IN VBG DT JJ NN VBG DT NNS IN NN WDT MD RB VB VBN IN DT NN SENT DT , IN NN , VBD DT NN WDT VBD DT JJ NN NN NN , CC IN VBG PP , PP MD RB VB VBN TO VB TO VB DT JJ JJ NN SENT NNS IN NN VBZ JJ IN WDT PP VBZ DT NN IN NN RB IN RB VBG NNS SENT DT VBZ RB DT JJ NN , CC DT NN MD RB VB CC VB VBN IN DT NN IN DT NN CC VBP  NN MD VB SENT </pos></review>
