<?xml version="1.0" encoding="ISO-8859-1" standalone="no"?>
<!DOCTYPE review SYSTEM "derev.dtd">
<review ID="5237" title="TheDharmaBums" writer="JackKerouac" author="ChristinaCalkins" date="February 21, 2009" stars="5" suspectbook="0" unknownpurchase="0" nickname="0" cluster="0" allcluesclass="1" threecluesclass="1" sumclues="0" realclass="1" fold="4"><object>Dharma Bums read by Allen Ginsberg</object><body>Allen Ginsberg reading the Dharma Bums is a classic. Ginsberg gives it a certain vivid flavor and flair that you will want to hear again and again.</body><tokens>allen ginsberg reading the dharma bums is a classic . ginsberg gives it a certain vivid flavor and flair that you will want to hear again and again .</tokens><lemmas>Allen Ginsberg read the dharma bum be a classic . Ginsberg give it a certain vivid flavor and flair IN you will want to hear again and again . </lemmas><pos>NP NP VBG DT NN NNS VBZ DT NN SENT NP VBZ PP DT JJ JJ NN CC NN  PP MD VB TO VB RB CC RB SENT </pos></review>
