<?xml version="1.0" encoding="ISO-8859-1" standalone="no"?>
<!DOCTYPE review SYSTEM "derev.dtd">
<review ID="5410" title="TheDoorsofPerceptionandHeavenandHell" writer="AldousHuxley" author="LairdTWayman" date="July 14, 2011" stars="2" suspectbook="0" unknownpurchase="0" nickname="0" cluster="0" allcluesclass="1" threecluesclass="1" sumclues="0" realclass="1" fold="8"><object>The band is better than the book!</object><body>Ok I bought the book to see what induced Ray Manzarek and Jim Morrison to name their band &quot;The Doors&quot;. After reading the hyper-intellectualized accounts of getting loaded and then viewing the world while under the influence, the book found a semi permanent lodging place under the edge of my bed. The music of the Doors still moves me and gets played every day I am in my shop. The book is an excellent read before bed because it quickly puts me to sleep. Reading this book 50 years after the fact is not like reading Michner or Camus or Sartre. Its is a stuffy read, dated, and as I discovered.... not like having a crystal ball to peer into the 60's minds of the Doors.</body><tokens>ok i bought the book to see what induced ray manzarek and jim morrison to name their band &quot; the doors &quot; . after reading the hyper-intellectualized accounts of getting loaded and then viewing the world while under the influence , the book found a semi permanent lodging place under the edge of my bed . the music of the doors still moves me and gets played every day i am in my shop . the book is an excellent read before bed because it quickly puts me to sleep . reading this book 50 years after the fact is not like reading michner or camus or sartre . its is a stuffy read , dated , and as i discovered .... not like having a crystal ball to peer into the 60 's minds of the doors .</tokens><lemmas>ok i buy the book to see what induce ray &lt;unknown&gt; and &lt;unknown&gt; &lt;unknown&gt; to name their band &quot; the door &quot; . after read the &lt;unknown&gt; account of get loaded and then view the world while under the influence , the book find a semi permanent lodging place under the edge of my bed . the music of the door still move me and get play every day i be in my shop . the book be an excellent read before bed because it quickly put me to sleep . read this book @card@ year after the fact be not like read &lt;unknown&gt; or &lt;unknown&gt; or &lt;unknown&gt; . its be a stuffy read , date , and as i discover ... not like have a crystal ball to peer into the @card@ 's mind of the door . </lemmas><pos>VB NP VBD DT NN TO VB WP VBD NN NNS CC NN NN TO VB PP$ NN `` DT NNS '' SENT IN VBG DT JJ NNS IN VBG JJ CC RB VBG DT NN IN IN DT NN , DT NN VBD DT NN JJ NN NN IN DT NN IN PP$ NN SENT DT NN IN DT NNS RB VBZ PP CC VBZ VBN DT NN NNS VBP IN PP$ NN SENT DT NN VBZ DT JJ NN IN NN IN PP RB VBZ PP TO VB SENT VBG DT NN CD NNS IN DT NN VBZ RB IN VBG NNS CC NN CC NN SENT PP$ VBZ DT JJ NN , VBN , CC IN NP VBD : RB IN VBG DT NN NN TO VB IN DT CD POS NNS IN DT NNS SENT </pos></review>
