<?xml version="1.0" encoding="ISO-8859-1" standalone="no"?>
<!DOCTYPE review SYSTEM "derev.dtd">
<review ID="5312" title="TheDharmaBums" writer="JackKerouac" author="WesleyIrvin" date="April 20, 2011" stars="2" suspectbook="0" unknownpurchase="0" nickname="0" cluster="0" allcluesclass="1" threecluesclass="1" sumclues="0" realclass="1" fold="5"><object>Buddihism book for introspective thought</object><body>This is Jack jumping into the Budda scene. Good if you feel like you need a Zen fix, and his observations on how to aspire to happiness are actually quite good too.</body><tokens>this is jack jumping into the budda scene . good if you feel like you need a zen fix , and his observations on how to aspire to happiness are actually quite good too .</tokens><lemmas>this be jack jump into the &lt;unknown&gt; scene . good if you feel like you need a &lt;unknown&gt; fix , and his observation on how to aspire to happiness be actually quite good too . </lemmas><pos>DT VBZ NN VBG IN DT NN NN SENT JJ IN PP VBP IN PP VBP DT JJ NN , CC PP$ NNS IN WRB TO VB TO NN VBP RB RB JJ RB SENT </pos></review>
