<?xml version="1.0" encoding="ISO-8859-1" standalone="no"?>
<!DOCTYPE review SYSTEM "derev.dtd">
<review ID="5400" title="TheDoorsofPerceptionandHeavenandHell" writer="AldousHuxley" author="SigfridoBurgosDrZiggyBurgosJr" date="March 3, 2006" stars="5" suspectbook="0" unknownpurchase="0" nickname="0" cluster="0" allcluesclass="1" threecluesclass="1" sumclues="0" realclass="1" fold="7"><object>Perception cleansed</object><body>An extremely well-written piece by a wonderful novelist. Not only does Huxley is able to convey his mescalin-induced thoughts with pungent pervasiveness, but also sets the wheels of human curiosity into motion, as to make one wonder about the possibility of a parallel world of &quot;infinite and divine&quot; all around us, readily available at the touch of our fingertips. As a society, we whould be grateful to Huxley's catatonic introspections and mapping of the human psyche.</body><tokens>an extremely well-written piece by a wonderful novelist . not only does huxley is able to convey his mescalin-induced thoughts with pungent pervasiveness , but also sets the wheels of human curiosity into motion , as to make one wonder about the possibility of a parallel world of &quot; infinite and divine &quot; all around us , readily available at the touch of our fingertips . as a society , we whould be grateful to huxley 's catatonic introspections and mapping of the human psyche .</tokens><lemmas>an extremely well-write piece by a wonderful novelist . not only do &lt;unknown&gt; be able to convey his &lt;unknown&gt; thought with pungent pervasiveness , but also set the wheel of human curiosity into motion , as to make one wonder about the possibility of a parallel world of &quot; infinite and divine &quot; all around us , readily available at the touch of our fingertip . as a society , we &lt;unknown&gt; be grateful to Huxley 's catatonic introspection and mapping of the human psyche . </lemmas><pos>DT RB VBN NN IN DT JJ NN SENT RB RB VBZ NN VBZ JJ TO VB PP$ JJ NNS IN JJ NN , CC RB VBZ DT NNS IN JJ NN IN NN , RB TO VB CD NN IN DT NN IN DT JJ NN IN `` JJ CC JJ '' RB IN PP , RB JJ IN DT NN IN PP$ NNS SENT IN DT NN , PP NN VB JJ TO NP POS JJ NNS CC NN IN DT JJ NN SENT </pos></review>
