<?xml version="1.0" encoding="ISO-8859-1" standalone="no"?>
<!DOCTYPE review SYSTEM "derev.dtd">
<review ID="4996" title="TheDayOfTheJackal" writer="FrederickForsyth" author="JosephBoone" date="November 16, 2008" stars="5" suspectbook="0" unknownpurchase="0" nickname="0" cluster="0" allcluesclass="1" threecluesclass="1" sumclues="0" realclass="1" fold="0"><object>Well crafted assassination plot</object><body>The Day of the Jackal is set during the 1960s and tells the story of a professional hitman hired to assassinate the president of France, Charles de Gaulle.  The assassin is given the codename &quot;Jackal&quot; by his employers, hence the name of the book.  The bulk of this novel is given to a detailed description of the Jackal's preparation for the assassination as well as the French government's attempts to identify and stop him. Frederick Forsyth has an unusual style of writing that is very clean and sparse in his use of language, but also highly detailed and meticulous in terms of plotting.  It's obvious that he did a great deal of research before writing and every page of the novel reads as though it is describing real places and real events.  His style has often been described as similar to journalism, and that's not a bad comparison. The closest thing to a weakness that I would cite is that this is not a character driven novel.  While the characters are far from cardboard cutouts, neither are they lavished with a great number of moments that reveal emotional depth.  But this book is not meant to be a melodrama or character study, it's a plot driven novel that does an excellent job of laying out a fascinating story while slowly building suspense until the climax.  In reality, there was no notable weakness at all, this is a very well crafted novel that I highly recommend.</body><tokens>the day of the jackal is set during the 1960s and tells the story of a professional hitman hired to assassinate the president of france , charles de gaulle . the assassin is given the codename &quot; jackal &quot; by his employers , hence the name of the book . the bulk of this novel is given to a detailed description of the jackal 's preparation for the assassination as well as the french government 's attempts to identify and stop him . frederick forsyth has an unusual style of writing that is very clean and sparse in his use of language , but also highly detailed and meticulous in terms of plotting . it 's obvious that he did a great deal of research before writing and every page of the novel reads as though it is describing real places and real events . his style has often been described as similar to journalism , and that 's not a bad comparison . the closest thing to a weakness that i would cite is that this is not a character driven novel . while the characters are far from cardboard cutouts , neither are they lavished with a great number of moments that reveal emotional depth . but this book is not meant to be a melodrama or character study , it 's a plot driven novel that does an excellent job of laying out a fascinating story while slowly building suspense until the climax . in reality , there was no notable weakness at all , this is a very well crafted novel that i highly recommend .</tokens><lemmas>the day of the jackal be set during the 1960s and tell the story of a professional hitman hire to assassinate the president of &lt;unknown&gt; , Charles de Gaulle . the assassin be give the codename &quot; jackal &quot; by his employer , hence the name of the book . the bulk of this novel be give to a detailed description of the jackal 's preparation for the assassination as well as the French government 's attempt to identify and stop him . Frederick Forsyth have an unusual style of writing that be very clean and sparse in his use of language , but also highly detailed and meticulous in term of plot . it be obvious IN he do a great deal of research before writing and every page of the novel read as though it be describe real place and real event . his style have often be describe as similar to journalism , and that be not a bad comparison . the close thing to a weakness IN i would cite be IN this be not a character drive novel . while the character be far from cardboard cutout , neither be they lavish with a great number of moment that reveal emotional depth . but this book be not mean to be a melodrama or character study , it be a plot drive novel that do an excellent job of lay out a fascinating story while slowly build suspense until the climax . in reality , there be no notable weakness at all , this be a very well craft novel IN i highly recommend . </lemmas><pos>DT NN IN DT NN VBZ VBN IN DT NNS CC VBZ DT NN IN DT JJ NP VBD TO VB DT NN IN NN , NP NP NP SENT DT NN VBZ VBN DT VBP `` NN '' IN PP$ NNS , RB DT NN IN DT NN SENT DT NN IN DT NN VBZ VBN TO DT JJ NN IN DT NN POS NN IN DT NN RB RB IN DT JJ NN POS NNS TO VB CC VB PP SENT NP NP VBZ DT JJ NN IN NN WDT VBZ RB JJ CC JJ IN PP$ NN IN NN , CC RB RB JJ CC JJ IN NNS IN VBG SENT PP VBZ JJ  PP VBD DT JJ NN IN NN IN NN CC DT NN IN DT NN VBZ RB IN PP VBZ VBG JJ NNS CC JJ NNS SENT PP$ NN VBZ RB VBN VBN RB JJ TO NN , CC DT VBZ RB DT JJ NN SENT DT JJS NN TO DT NN  NP MD VB VBZ  DT VBZ RB DT NN VBN NN SENT IN DT NNS VBP RB IN NN NNS , CC VBP PP VBN IN DT JJ NN IN NNS WDT VBP JJ NN SENT CC DT NN VBZ RB VBN TO VB DT NN CC NN NN , PP VBZ DT NN VBN NN WDT VBZ DT JJ NN IN VBG RP DT JJ NN IN RB VBG NN IN DT NN SENT IN NN , EX VBD DT JJ NN IN DT , DT VBZ DT RB RB VBN NN  NP RB VB SENT </pos></review>
