<?xml version="1.0" encoding="ISO-8859-1" standalone="no"?>
<!DOCTYPE review SYSTEM "derev.dtd">
<review ID="5415" title="TheDoorsofPerceptionandHeavenandHell" writer="AldousHuxley" author="VLestzVLestz" date="March 17, 2010" stars="5" suspectbook="0" unknownpurchase="0" nickname="0" cluster="0" allcluesclass="1" threecluesclass="1" sumclues="0" realclass="1" fold="9"><object>Good Service</object><body>The book was in the condition that the seller stated it was in. The price was right and it arrived in a timely manor. This is all that mattered to me.</body><tokens>the book was in the condition that the seller stated it was in . the price was right and it arrived in a timely manor . this is all that mattered to me .</tokens><lemmas>the book be in the condition IN the seller state it be in . the price be right and it arrive in a timely manor . this be all that matter to me . </lemmas><pos>DT NN VBD IN DT NN  DT NN VBD PP VBD IN SENT DT NN VBD JJ CC PP VBD IN DT JJ NN SENT DT VBZ PDT DT VBN TO PP SENT </pos></review>
