<?xml version="1.0" encoding="ISO-8859-1" standalone="no"?>
<!DOCTYPE review SYSTEM "derev.dtd">
<review ID="5081" title="TheDayOfTheJackal" writer="FrederickForsyth" author="John" date="June 27, 2012" stars="5" suspectbook="0" unknownpurchase="0" nickname="0" cluster="0" allcluesclass="1" threecluesclass="1" sumclues="0" realclass="1" fold="1"><object>Very good long book</object><body>Seemed realistic and was exciting. I enjoyed listening to the audio book for a long time while driving.  It lasted a long time and gave me an alternative to music.</body><tokens>seemed realistic and was exciting . i enjoyed listening to the audio book for a long time while driving . it lasted a long time and gave me an alternative to music .</tokens><lemmas>seem realistic and be exciting . i enjoy listen to the audio book for a long time while drive . it last a long time and give me an alternative to music . </lemmas><pos>VBN JJ CC VBD JJ SENT NP VBD VBG TO DT JJ NN IN DT JJ NN IN VBG SENT PP VBD DT JJ NN CC VBD PP DT NN TO NN SENT </pos></review>
