<?xml version="1.0" encoding="ISO-8859-1" standalone="no"?>
<!DOCTYPE review SYSTEM "derev.dtd">
<review ID="5172" title="TheDharmaBums" writer="JackKerouac" author="ElizabethLazarLizL" date="February 6, 2010" stars="5" suspectbook="0" unknownpurchase="0" nickname="0" cluster="0" allcluesclass="1" threecluesclass="1" sumclues="0" realclass="1" fold="3"><object>Serene</object><body>Most peaceful book I have ever read. Language you could fall in love with: &quot;I staggered up the hill, greeted by birds, and looked at all the huddled sleeping figures on the floor. Who were all these strange ghosts rooted to the silly little adventures of earth with me? And who was I?&quot; &quot;When I went back in the moonlight to my same old tree stump the world was like a dream, like a phantom, like a bubble, like a shadow, like a vanishing dew, like a lightning's flash.&quot; As you read it, you feel that you have learned what the protagonist has learned, that you can see what he sees... you become him, just simply serene.</body><tokens>most peaceful book i have ever read . language you could fall in love with : &quot; i staggered up the hill , greeted by birds , and looked at all the huddled sleeping figures on the floor . who were all these strange ghosts rooted to the silly little adventures of earth with me ? and who was i ? &quot; &quot; when i went back in the moonlight to my same old tree stump the world was like a dream , like a phantom , like a bubble , like a shadow , like a vanishing dew , like a lightning 's flash . &quot; as you read it , you feel that you have learned what the protagonist has learned , that you can see what he sees ... you become him , just simply serene .</tokens><lemmas>most peaceful book i have ever read . language you could fall in love with : &quot; i stagger up the hill , greet by bird , and look at all the huddle sleeping figure on the floor . who be all these strange ghost root to the silly little adventure of earth with me ? and who be i ? &quot; &quot; when i go back in the moonlight to my same old tree stump the world be like a dream , like a phantom , like a bubble , like a shadow , like a vanish dew , like a lightning 's flash . &quot; as you read it , you feel IN you have learn what the protagonist have learn , IN you can see what he see ... you become him , just simply serene . </lemmas><pos>RBS JJ NN NNS VBP RB VBN SENT NN PP MD VB IN NN IN : `` NP VBD RP DT NN , VBN IN NNS , CC VBD IN PDT DT VBN NN NNS IN DT NN SENT WP VBD PDT DT JJ NNS VBN TO DT JJ JJ NNS IN NN IN PP SENT CC WP VBD NP SENT '' `` WRB NP VBD RB IN DT NN TO PP$ JJ JJ NN NN DT NN VBD IN DT NN , IN DT NN , IN DT NN , IN DT NN , IN DT VBG NN , IN DT NN POS NN SENT `` IN PP VBP PP , PP VBP  PP VBP VBN WP DT NN VBZ VBN ,  PP MD VB WP PP VBZ : PP VBP PP , RB RB JJ SENT </pos></review>
