<?xml version="1.0" encoding="ISO-8859-1" standalone="no"?>
<!DOCTYPE review SYSTEM "derev.dtd">
<review ID="5657" title="TheJungleBook" writer="RudyardKipling" author="JdeBaun" date="April 23, 2011" stars="5" suspectbook="0" unknownpurchase="0" nickname="0" cluster="0" allcluesclass="1" threecluesclass="1" sumclues="0" realclass="1" fold="7"><object>Outstanding</object><body>This is a beautifully designed book and the quality is excellent.  Dover seems to have corrected the earlier problem they had with a few of the books in this series, where the text quality was faded and inconsistent in spots.  This book has sharp and consistent text and photographs.</body><tokens>this is a beautifully designed book and the quality is excellent . dover seems to have corrected the earlier problem they had with a few of the books in this series , where the text quality was faded and inconsistent in spots . this book has sharp and consistent text and photographs .</tokens><lemmas>this be a beautifully design book and the quality be excellent . dove seem to have correct the early problem they have with a few of the book in this series , where the text quality be fade and inconsistent in spot . this book have sharp and consistent text and photograph . </lemmas><pos>DT VBZ DT RB VBN NN CC DT NN VBZ JJ SENT JJR VBZ TO VB VBN DT JJR NN PP VBD IN DT JJ IN DT NNS IN DT NN , WRB DT NN NN VBD VBN CC JJ IN NNS SENT DT NN VBZ JJ CC JJ NN CC NNS SENT </pos></review>
