<?xml version="1.0" encoding="ISO-8859-1" standalone="no"?>
<!DOCTYPE review SYSTEM "derev.dtd">
<review ID="5479" title="TheGreatCrashof1929" writer="JohnKennethGalbraith" author="MohamedCassamscepticaleconomist" date="February 15, 2010" stars="5" suspectbook="0" unknownpurchase="0" nickname="0" cluster="0" allcluesclass="1" threecluesclass="1" sumclues="0" realclass="1" fold="2"><object>The Great crash of 1929</object><body>A Classic! Gives the best explanation of the the causes of the Great Depression and so of the Crash of 2008. Bubbles and crashes have the same causes, only the names change not the fundamentals.  Very interesting the role of Goldman Sachs in both cases</body><tokens>a classic ! gives the best explanation of the the causes of the great depression and so of the crash of 2008 . bubbles and crashes have the same causes , only the names change not the fundamentals . very interesting the role of goldman sachs in both cases</tokens><lemmas>a classic ! give the good explanation of the the cause of the great depression and so of the crash of @card@ . bubble and crash have the same cause , only the name change not the fundamental . very interesting the role of &lt;unknown&gt; &lt;unknown&gt; in both case </lemmas><pos>DT NN SENT VBZ DT JJS NN IN DT DT NNS IN DT JJ NN CC RB IN DT NN IN CD SENT NNS CC NNS VBP DT JJ NNS , RB DT NNS VBP RB DT NNS SENT RB JJ DT NN IN NN NNS IN DT NNS </pos></review>
