<?xml version="1.0" encoding="ISO-8859-1" standalone="no"?>
<!DOCTYPE review SYSTEM "derev.dtd">
<review ID="5500" title="TheGreatCrashof1929" writer="JohnKennethGalbraith" author="RufusBurgess" date="January 27, 2010" stars="5" suspectbook="0" unknownpurchase="0" nickname="0" cluster="0" allcluesclass="1" threecluesclass="1" sumclues="0" realclass="1" fold="3"><object>Good Explanation of the Great Crash</object><body>Galbraith's 'The Great Crash of 1929' offers a good analysis of why the stock market crashed.  The underlying point throughout the book is that an increasingly fragile financial sector created a speculative bubble which eventually popped. To be clear: Galbraith does not try to prove what caused the Great Depression.  The first 3/5th of the books is on the follow up to the Great Crash, the next 1/5 on its aftermath, and the last 1/5 on how it contributed to the Great Depression.  As an account of the Great Crash it uses easy to understand explanations, clearly written for laymen, centered around a compelling story.  This means that more a sophisticated quantitative analysis, that would have presumably centered around Keyne's 'General Theory', is ignored.  This is conventional in Galbraith's works where he tries to convey economic theory in a language that ordinary people can understand. The problems with Galbraith's analysis is; yes, he does ignore the Federal Reserve and largely omits changes in the money supply.  While Friedman goes as far as to say monetary factors CAUSED the Great Depression most contemporary economist would disagree.  The money hypothesis contributed to the depression but did NOT cause it.  In hindsight Galbraith's tentative analysis of what caused the Great Depression is obviously incomplete but, ironically, more accurate than Friedman's monetary analysis. Someone wishing to understand the Great Depression should look elsewhere.  People looking to understand the theoretical underpinnings of the business cycle and depressions should look elsewhere (ex: Keyne's 'General Theory' or the works of Hyman Minsky).  If you are looking for a good explanation of the Great Crash Galbraith's work stands the test of time.</body><tokens>galbraith 's &quot; the great crash of 1929 &quot; offers a good analysis of why the stock market crashed . the underlying point throughout the book is that an increasingly fragile financial sector created a speculative bubble which eventually popped . to be clear : galbraith does not try to prove what caused the great depression . the first 3 / 5th of the books is on the follow up to the great crash , the next 1 / 5 on its aftermath , and the last 1 / 5 on how it contributed to the great depression . as an account of the great crash it uses easy to understand explanations , clearly written for laymen , centered around a compelling story . this means that more a sophisticated quantitative analysis , that would have presumably centered around keyne 's &quot; general theory &quot; , is ignored . this is conventional in galbraith 's works where he tries to convey economic theory in a language that ordinary people can understand . the problems with galbraith 's analysis is ; yes , he does ignore the federal reserve and largely omits changes in the money supply . while friedman goes as far as to say monetary factors caused the great depression most contemporary economist would disagree . the money hypothesis contributed to the depression but did not cause it . in hindsight galbraith 's tentative analysis of what caused the great depression is obviously incomplete but , ironically , more accurate than friedman 's monetary analysis . someone wishing to understand the great depression should look elsewhere . people looking to understand the theoretical underpinnings of the business cycle and depressions should look elsewhere ( ex : keyne 's &quot; general theory &quot; or the works of hyman minsky ) . if you are looking for a good explanation of the great crash galbraith 's work stands the test of time .</tokens><lemmas>Galbraith 's &quot; the great crash of @card@ &quot; offer a good analysis of why the stock market crash . the underlie point throughout the book be IN an increasingly fragile financial sector create a speculative bubble which eventually pop . to be clear : &lt;unknown&gt; do not try to prove what cause the great depression . the first 3 / 5th of the book be on the follow up to the great crash , the next 1 / 5 on its aftermath , and the last 1 / 5 on how it contribute to the great depression . as an account of the great crash it use easy to understand explanation , clearly write for layman , center around a compelling story . this mean that more a sophisticated quantitative analysis , that would have presumably center around &lt;unknown&gt; 's &quot; general theory &quot; , be ignore . this be conventional in &lt;unknown&gt; 's work where he try to convey economic theory in a language IN ordinary people can understand . the problem with &lt;unknown&gt; 's analysis be ; yes , he do ignore the federal reserve and largely omit change in the money supply . while &lt;unknown&gt; go as far as to say monetary factor cause the great depression most contemporary economist would disagree . the money hypothesis contribute to the depression but do not cause it . in hindsight &lt;unknown&gt; 's tentative analysis of what cause the great depression be obviously incomplete but , ironically , more accurate than Friedman 's monetary analysis . someone wish to understand the great depression should look elsewhere . people look to understand the theoretical underpinnings of the business cycle and depression should look elsewhere ( ex : &lt;unknown&gt; 's &quot; general theory &quot; or the work of &lt;unknown&gt; &lt;unknown&gt; ) . if you be look for a good explanation of the great crash &lt;unknown&gt; 's work stand the test of time . </lemmas><pos>NP POS `` DT JJ NN IN CD `` VBZ DT JJ NN IN WRB DT NN NN VBD SENT DT VBG NN IN DT NN VBZ  DT RB JJ JJ NN VBD DT JJ NN WDT RB VBD SENT TO VB JJ : NN VBZ RB VB TO VB WP VBD DT JJ NN SENT DT JJ CD SYM JJ IN DT NNS VBZ IN DT NN RB TO DT JJ NN , DT JJ CD SYM CD IN PP$ NN , CC DT JJ CD SYM CD RP WRB PP VBD TO DT JJ NN SENT IN DT NN IN DT JJ NN PP VBZ RB TO VB NNS , RB VBN IN NNS , VBN IN DT JJ NN SENT DT VBZ DT JJR DT JJ JJ NN , WDT MD VB RB VBN IN NP POS `` JJ NN '' , VBZ VBN SENT DT VBZ JJ IN NN POS NNS WRB PP VBZ TO VB JJ NN IN DT NN  JJ NNS MD VB SENT DT NNS IN NN POS NN VBZ : UH , PP VBZ VB DT JJ NN CC RB VBZ NNS IN DT NN NN SENT IN NN VBZ RB RB RB TO VB JJ NNS VBD DT JJ NN RBS JJ NN MD VB SENT DT NN NN VBD TO DT NN CC VBD RB VB PP SENT IN NN NN POS JJ NN IN WP VBD DT JJ NN VBZ RB JJ CC , RB , RBR JJ IN NP POS JJ NN SENT NN VBG TO VB DT JJ NN MD VB RB SENT NNS VBG TO VB DT JJ NN IN DT NN NN CC NNS MD VB RB ( FW : NP POS `` JJ NN '' CC DT NNS IN NN NN ) SENT IN PP VBP VBG IN DT JJ NN IN DT JJ NN NN POS NN VBZ DT NN IN NN SENT </pos></review>
