<?xml version="1.0" encoding="ISO-8859-1" standalone="no"?>
<!DOCTYPE review SYSTEM "derev.dtd">
<review ID="5451" title="TheGreatCrashof1929" writer="JohnKennethGalbraith" author="PeterDavis" date="January 5, 2008" stars="3" suspectbook="0" unknownpurchase="0" nickname="0" cluster="0" allcluesclass="1" threecluesclass="1" sumclues="0" realclass="1" fold="0"><object>A good overview</object><body>I wasn't sure whether to give this 3 or 4 stars (I would have preferred 3.5), so I rounded down. Sorry. As for the book, itself, this is a light, quick and even entertaining take on the market mania that caused the 1929 crash. While the book doesn't go into great detail, it does provide some good insights into both the crowd psychology that always produces crashes as well as the objects of their desire. The investment trusts which were bid up so ridiculously in the late 20's bear just a bit more than an eerie resemblance to the tech stocks of the late 90's, the subprime paper of present day, the MandA mania that recently burst, the housing market, ethanol, sovereign wealth funds and... well just about everything on CNBC these days. More seriously, the similarities between than and now are quite extensive, and one can learn a valuable lesson from the largest calamity in U.S. financial history. I do wish that the book would have gone more into all of the reasons behind not only the crash but also the Great Depression. While the 2 are intertwined, this book only offers insight into the stock market and, sadly, leaves the entire story untold.</body><tokens>i was n't sure whether to give this 3 or 4 stars ( i would have preferred 3 . 5 ) , so i rounded down . sorry . as for the book , itself , this is a light , quick and even entertaining take on the market mania that caused the 1929 crash . while the book does n't go into great detail , it does provide some good insights into both the crowd psychology that always produces crashes as well as the objects of their desire . the investment trusts which were bid up so ridiculously in the late 20 's bear just a bit more than an eerie resemblance to the tech stocks of the late 90 's , the subprime paper of present day , the manda mania that recently burst , the housing market , ethanol , sovereign wealth funds and ... well just about everything on cnbc these days . more seriously , the similarities between than and now are quite extensive , and one can learn a valuable lesson from the largest calamity in u . s . financial history . i do wish that the book would have gone more into all of the reasons behind not only the crash but also the great depression . while the 2 are intertwined , this book only offers insight into the stock market and , sadly , leaves the entire story untold .</tokens><lemmas>i be n't sure whether to give this 3 or 4 star ( i would have preferred 3 . 5 ) , so i round down . sorry . as for the book , itself , this be a light , quick and even entertaining take on the market mania that cause the @card@ crash . while the book do n't go into great detail , it do provide some good insight into both the crowd psychology that always produce crash as well as the object of their desire . the investment trust which be bid up so ridiculously in the late @card@ 's bear just a bit more than an eerie resemblance to the tech stock of the late @card@ be , the &lt;unknown&gt; paper of present day , the &lt;unknown&gt; mania that recently burst , the housing market , ethanol , sovereign wealth fund and ... well just about everything on &lt;unknown&gt; these day . more seriously , the similarity between than and now be quite extensive , and one can learn a valuable lesson from the large calamity in u . &lt;unknown&gt; . financial history . i do wish IN the book would have go more into all of the reason behind not only the crash but also the great depression . while the 2 be intertwine , this book only offer insight into the stock market and , sadly , leave the entire story untold . </lemmas><pos>NP VBD RB RB IN TO VB DT CD CC CD NNS ( NP MD VB JJ CD SENT CD ) , RB NP VBD RP SENT RB SENT RB IN DT NN , PP , DT VBZ DT JJ , JJ CC RB JJ NN IN DT NN NN WDT VBD DT CD NN SENT IN DT NN VBZ RB VB IN JJ NN , PP VBZ VB DT JJ NNS IN CC DT NN NN WDT RB VBZ NNS RB RB IN DT NNS IN PP$ NN SENT DT NN NNS WDT VBD VBN RP RB RB IN DT JJ CD POS NN RB DT NN RBR IN DT JJ NN TO DT NN NNS IN DT JJ CD VBZ , DT NN NN IN JJ NN , DT NN NN WDT RB VBP , DT NN NN , NN , JJ NN NNS CC : RB RB IN NN IN NN DT NNS SENT RBR RB , DT NNS IN IN CC RB VBP RB JJ , CC PP MD VB DT JJ NN IN DT JJS NN IN NN SENT NNS SENT JJ NN SENT NNS VBP VBP  DT NN MD VB VBN RBR IN DT IN DT NNS IN RB RB DT NN CC RB DT JJ NN SENT IN DT CD VBP VBN , DT NN RB VBZ NN IN DT NN NN CC , RB , VBZ DT JJ NN JJ SENT </pos></review>
