<?xml version="1.0" encoding="ISO-8859-1" standalone="no"?>
<!DOCTYPE review SYSTEM "derev.dtd">
<review ID="5666" title="TheJungleBook" writer="RudyardKipling" author="JudithLSoremWindsor" date="August 29, 2006" stars="5" suspectbook="0" unknownpurchase="0" nickname="0" cluster="0" allcluesclass="1" threecluesclass="1" sumclues="0" realclass="1" fold="8"><object>The  Jungle Book</object><body>This is a beautiful edition of the wonderful childhood classic.  I gave it to my twelve-year-old grandson, and he is enjoying it very much.  The book is so much better than the movie! I love the way Kipling talks with his reader.  I loved this book as a child myself and am very happy to have this great edition to give to my grandchildren.</body><tokens>this is a beautiful edition of the wonderful childhood classic . i gave it to my twelve-year-old grandson , and he is enjoying it very much . the book is so much better than the movie ! i love the way kipling talks with his reader . i loved this book as a child myself and am very happy to have this great edition to give to my grandchildren .</tokens><lemmas>this be a beautiful edition of the wonderful childhood classic . i give it to my &lt;unknown&gt; grandson , and he be enjoy it very much . the book be so much good than the movie ! i love the way &lt;unknown&gt; talk with his reader . i love this book as a child myself and be very happy to have this great edition to give to my grandchild . </lemmas><pos>DT VBZ DT JJ NN IN DT JJ NN NN SENT NP VBD PP TO PP$ JJ NN , CC PP VBZ VBG PP RB RB SENT DT NN VBZ RB RB JJR IN DT NN SENT NNS VBP DT NN VBG NNS IN PP$ NN SENT NP VBD DT NN IN DT NN PP CC VBP RB JJ TO VB DT JJ NN TO VB TO PP$ NNS SENT </pos></review>
