<?xml version="1.0" encoding="ISO-8859-1" standalone="no"?>
<!DOCTYPE review SYSTEM "derev.dtd">
<review ID="5694" title="TheJungleBook" writer="RudyardKipling" author="MarkWBrown" date="September 13, 2012" stars="4" suspectbook="0" unknownpurchase="0" nickname="0" cluster="0" allcluesclass="1" threecluesclass="1" sumclues="0" realclass="1" fold="9"><object>Buy it for the pictures</object><body>Calla is an imprint of Dover, the same publisher that used to boast that its paperback books were built to last. Alas, Dover hasn't manufactured paperbacks that way in years, but this clothbound edition looks every bit as durable as it is beautiful. Many will find it an attractive alternative to the Borzoi Book (Everyman's Library) published by Knopf; the paper is finer, and the illustrations (by the Detmold brothers) are reproduced in full color. This book is not, however, a facsimile reprint of the Macmillan edition of 1908. As the publisher's note explains, the plates have been &quot;reproduced from an extremely scarce, original portfolio of watercolors, and have never before appeared on this scale in book form.&quot; From these remarks one gathers that the illustrations are larger here than in the 1908 edition, some of them spread across two pages. Unfortunately, the binding (unlike that of the Knopf edition) is too firm for the open book to lie flat, so several of these two-page presentations (notably that of Kaa on pages 64-65) are spoiled by the heavy fold down the center. Moreover, in spite of the &quot;elegant new type design and many additional decorative elements,&quot; it is annoying to find Kipling's verses centered line by line instead of systematically indented according to their rhyme schemes. One final note: the text appears to be that of the first American edition, not the more established English edition.</body><tokens>calla is an imprint of dover , the same publisher that used to boast that its paperback books were built to last . alas , dover has n't manufactured paperbacks that way in years , but this clothbound edition looks every bit as durable as it is beautiful . many will find it an attractive alternative to the borzoi book ( everyman 's library ) published by knopf ; the paper is finer , and the illustrations ( by the detmold brothers ) are reproduced in full color . this book is not , however , a facsimile reprint of the macmillan edition of 1908 . as the publisher 's note explains , the plates have been &quot; reproduced from an extremely scarce , original portfolio of watercolors , and have never before appeared on this scale in book form . &quot; from these remarks one gathers that the illustrations are larger here than in the 1908 edition , some of them spread across two pages . unfortunately , the binding ( unlike that of the knopf edition ) is too firm for the open book to lie flat , so several of these two-page presentations ( notably that of kaa on pages 64-65 ) are spoiled by the heavy fold down the center . moreover , in spite of the &quot; elegant new type design and many additional decorative elements , &quot; it is annoying to find kipling 's verses centered line by line instead of systematically indented according to their rhyme schemes . one final note : the text appears to be that of the first american edition , not the more established english edition .</tokens><lemmas>calla be an imprint of dove , the same publisher that use to boast IN its paperback book be build to last . alas , dove have n't manufacture paperback IN way in year , but this clothbound edition look every bit as durable as it be beautiful . many will find it an attractive alternative to the borzoi book ( everyman 's library ) publish by Knopf ; the paper be fine , and the illustration ( by the &lt;unknown&gt; brother ) be reproduce in full color . this book be not , however , a facsimile reprint of the &lt;unknown&gt; edition of @card@ . as the publisher 's note explain , the plate have be &quot; reproduce from an extremely scarce , original portfolio of watercolor , and have never before appear on this scale in book form . &quot; from these remark one gather IN the illustration be large here than in the @card@ edition , some of them spread across two page . unfortunately , the binding ( unlike that of the Knopf edition ) be too firm for the open book to lie flat , so several of these two-page presentation ( notably IN of &lt;unknown&gt; on page @card@ ) be spoil by the heavy fold down the center . moreover , in spite of the &quot; elegant new type design and many additional decorative element , &quot; it be annoy to find &lt;unknown&gt; 's verse center line by line instead of systematically indent accord to their rhyme scheme . one final note : the text appear to be IN of the first American edition , not the more established English edition . </lemmas><pos>NN VBZ DT NN IN JJR , DT JJ NN WDT VBD TO VB  PP$ JJ NNS VBD VBN TO VB SENT UH , JJR VBZ RB VBN NNS  NN IN NNS , CC DT JJ NN VBZ DT NN IN JJ IN PP VBZ JJ SENT DT MD VB PP DT JJ NN TO DT NN NN ( NN POS NN ) VBN IN NP : DT NN VBZ JJR , CC DT NNS ( IN DT NN NNS ) VBP VBN IN JJ NN SENT DT NN VBZ RB , RB , DT JJ NN IN DT JJ NN IN CD SENT IN DT NN POS NN VBZ , DT NNS VBP VBN `` VBN IN DT RB JJ , JJ NN IN NNS , CC VBP RB RB VBD IN DT NN IN NN NN SENT '' IN DT NNS PP VBZ  DT NNS VBP JJR RB IN IN DT CD NN , DT IN PP VBD IN CD NNS SENT RB , DT JJ ( IN DT IN DT NP NN ) VBZ RB JJ IN DT JJ NN TO VB JJ , RB JJ IN DT NN NNS ( RB  IN NN IN NNS CD ) VBP VBN IN DT JJ NN IN DT NN SENT RB , IN NN IN DT `` JJ JJ NN NN CC JJ JJ JJ NNS , '' PP VBZ VBG TO VB NN POS NNS VBD NN IN NN RB IN RB VBN VBG TO PP$ NN NNS SENT CD JJ NN : DT NN VBZ TO VB  IN DT JJ NN NN , RB DT RBR JJ JJ NN SENT </pos></review>
