<?xml version="1.0" encoding="ISO-8859-1" standalone="no"?>
<!DOCTYPE review SYSTEM "derev.dtd">
<review ID="5520" title="TheGreatCrashof1929" writer="JohnKennethGalbraith" author="JamesAndersonFunFan" date="June 29, 2010" stars="5" suspectbook="0" unknownpurchase="0" nickname="0" cluster="0" allcluesclass="1" threecluesclass="1" sumclues="0" realclass="1" fold="4"><object>Outstanding</object><body>We are told over and over that history repeats itself. Apparently, are so called leaders haven't learned very much. This book is a real window into what is coming. The parallels are eerily simular to what is happening today</body><tokens>we are told over and over that history repeats itself . apparently , are so called leaders have n't learned very much . this book is a real window into what is coming . the parallels are eerily simular to what is happening today</tokens><lemmas>we be tell over and over that history repeat itself . apparently , be so call leader have n't learn very much . this book be a real window into what be come . the parallel be eerily simular to what be happen today </lemmas><pos>PP VBP VBN IN CC IN DT NN VBZ PP SENT RB , VBP RB VBN NNS VBP RB VBN RB RB SENT DT NN VBZ DT JJ NN IN WP VBZ VBG SENT DT NNS VBP RB JJ TO WP VBZ VBG NN </pos></review>
