<?xml version="1.0" encoding="ISO-8859-1" standalone="no"?>
<!DOCTYPE review SYSTEM "derev.dtd">
<review ID="5528" title="TheGreatCrashof1929" writer="JohnKennethGalbraith" author="DonaldGilliessecretbearer" date="October 30, 2001" stars="1" suspectbook="0" unknownpurchase="0" nickname="0" cluster="0" allcluesclass="1" threecluesclass="1" sumclues="0" realclass="1" fold="5"><object>Disappointingly sarcastic; missing A LOT of useful stuff</object><body>This book does a poor job of explaining what caused the depression.  It gives a sarcastic narrative of some of the bad practices leading up until 1929, and the sarcasm is amusing.  After the sarcasm, in about february of 1930, it stops and draws unjustified and unsupported conclusions.  The narrative comes mainly from reading the New York newspapers.  A description of what happened in rural areas and at small banks is not included.  You will not understand what a run on a bank is, and how small banks were leveraged and destroyed by the depression.  You will hear nothing about the propensity of the federal reserve to keep interest rates too high from 1929 - 1933, and will not know how much they should have been lowered, or if lowering them would have been ineffective.  You will not learn how to draw your own economic conclusions by reading this book.  Because the book is 100% text, a large opportunity is missed to explain some of the economic history through pictures. I think the book is popular because it was written by a Harvard Professor.  I have read several books on the depression and this one, because of the hype, was the greatest disappointment.</body><tokens>this book does a poor job of explaining what caused the depression . it gives a sarcastic narrative of some of the bad practices leading up until 1929 , and the sarcasm is amusing . after the sarcasm , in about february of 1930 , it stops and draws unjustified and unsupported conclusions . the narrative comes mainly from reading the new york newspapers . a description of what happened in rural areas and at small banks is not included . you will not understand what a run on a bank is , and how small banks were leveraged and destroyed by the depression . you will hear nothing about the propensity of the federal reserve to keep interest rates too high from 1929 - 1933 , and will not know how much they should have been lowered , or if lowering them would have been ineffective . you will not learn how to draw your own economic conclusions by reading this book . because the book is 100% text , a large opportunity is missed to explain some of the economic history through pictures . i think the book is popular because it was written by a harvard professor . i have read several books on the depression and this one , because of the hype , was the greatest disappointment .</tokens><lemmas>this book do a poor job of explain what cause the depression . it give a sarcastic narrative of some of the bad practice lead up until @card@ , and the sarcasm be amusing . after the sarcasm , in about &lt;unknown&gt; of @card@ , it stop and draw unjustified and unsupported conclusion . the narrative come mainly from read the new york newspaper . a description of what happen in rural area and at small bank be not include . you will not understand what a run on a bank be , and how small bank be leveraged and destroy by the depression . you will hear nothing about the propensity of the federal reserve to keep interest rate too high from @card@ - @card@ , and will not know how much they should have be lower , or if lower them would have be ineffective . you will not learn how to draw your own economic conclusion by read this book . because the book be @card@ text , a large opportunity be miss to explain some of the economic history through picture . i think the book be popular because it be write by a &lt;unknown&gt; professor . i have read several book on the depression and this one , because of the hype , be the great disappointment . </lemmas><pos>DT NN VBZ DT JJ NN IN VBG WP VBD DT NN SENT PP VBZ DT JJ NN IN DT IN DT JJ NNS VBG RP IN CD , CC DT NN VBZ JJ SENT IN DT NN , IN RB JJ IN CD , PP VBZ CC VBZ JJ CC JJ NNS SENT DT NN VBZ RB IN VBG DT JJ VB NNS SENT DT NN IN WP VBD IN JJ NNS CC IN JJ NNS VBZ RB VBN SENT PP MD RB VB WP DT NN IN DT NN VBZ , CC WRB JJ NNS VBD JJ CC VBN IN DT NN SENT PP MD VB NN IN DT NN IN DT JJ NN TO VB NN NNS RB JJ IN CD : CD , CC MD RB VB WRB JJ PP MD VB VBN VBN , CC IN VBG PP MD VB VBN JJ SENT PP MD RB VB WRB TO VB PP$ JJ JJ NNS IN VBG DT NN SENT IN DT NN VBZ CD NN , DT JJ NN VBZ VBN TO VB DT IN DT JJ NN IN NNS SENT NNS VBP DT NN VBZ JJ IN PP VBD VBN IN DT NN NN SENT NNS VBP VBN JJ NNS IN DT NN CC DT CD , IN IN DT NN , VBD DT JJS NN SENT </pos></review>
