<?xml version="1.0" encoding="ISO-8859-1" standalone="no"?>
<!DOCTYPE review SYSTEM "derev.dtd">
<review ID="5532" title="TheGreatCrashof1929" writer="JohnKennethGalbraith" author="SAlbergavidreader" date="December 29, 2008" stars="5" suspectbook="0" unknownpurchase="0" nickname="0" cluster="0" allcluesclass="1" threecluesclass="1" sumclues="0" realclass="1" fold="6"><object>Beautifully written history of Great Crash told with wit.</object><body>Gailbraith's book is an insightful and witty history of the Great Crash of 1929.  Though written years ago it seems as if it could have been written yestereday and there are many parallels of course with the economic &quot;meltdown&quot; that is going on around us. I can't really fault the book as it is about the Great Crash, but I wish there were more about the long depression that followed and the path to recovery.</body><tokens>gailbraith 's book is an insightful and witty history of the great crash of 1929 . though written years ago it seems as if it could have been written yestereday and there are many parallels of course with the economic &quot; meltdown &quot; that is going on around us . i ca n't really fault the book as it is about the great crash , but i wish there were more about the long depression that followed and the path to recovery .</tokens><lemmas>&lt;unknown&gt; 's book be an insightful and witty history of the great crash of @card@ . though written year ago it seem as if it could have be write &lt;unknown&gt; and there be many parallel of course with the economic &quot; meltdown &quot; that be go on around us . i ca n't really fault the book as it be about the great crash , but i wish there be more about the long depression that follow and the path to recovery . </lemmas><pos>NN POS NN VBZ DT JJ CC JJ NN IN DT JJ NN IN CD SENT IN JJ NNS RB PP VBZ RB IN PP MD VB VBN VBN NN CC EX VBP JJ NNS IN NN IN DT JJ `` NN '' WDT VBZ VBG IN IN PP SENT NP MD RB RB VB DT NN IN PP VBZ RB DT JJ NN , CC NP VBP EX VBD JJR IN DT JJ NN WDT VBD CC DT NN TO NN SENT </pos></review>
