<?xml version="1.0" encoding="ISO-8859-1" standalone="no"?>
<!DOCTYPE review SYSTEM "derev.dtd">
<review ID="5709" title="TheJungleBook" writer="RudyardKipling" author="MaryLeeArcherbibliophileextraordinaire" date="October 23, 2011" stars="5" suspectbook="0" unknownpurchase="0" nickname="0" cluster="0" allcluesclass="1" threecluesclass="1" sumclues="0" realclass="1" fold="0"><object>Classic Book Still Excellent</object><body>Rudyard Kipling's The Jungle Book is now available at reasonable cost in the Oxford Children's Classics series. Children and animals are permanent companions and The Jungle Book is as fresh in the 21st century as it was in the 19th.  From a human child reared in the jungle by animals to a domesticated animal who saves his people, the book brings both joy and understanding.  Kipling's masterful descriptions illustrate the jungle, the animals, the people, the town and their interactions far better than popular cartoon versions.  The Jungle Book is rightfully a classic and rightfully from the respected Ozford Press.</body><tokens>rudyard kipling 's the jungle book is now available at reasonable cost in the oxford children 's classics series . children and animals are permanent companions and the jungle book is as fresh in the 21st century as it was in the 19th . from a human child reared in the jungle by animals to a domesticated animal who saves his people , the book brings both joy and understanding . kipling 's masterful descriptions illustrate the jungle , the animals , the people , the town and their interactions far better than popular cartoon versions . the jungle book is rightfully a classic and rightfully from the respected ozford press .</tokens><lemmas>&lt;unknown&gt; &lt;unknown&gt; be the jungle book be now available at reasonable cost in the Oxford child 's classic series . child and animal be permanent companion and the jungle book be as fresh in the 21st century as it be in the 19th . from a human child rear in the jungle by animal to a domesticate animal who save his people , the book bring both joy and understanding . &lt;unknown&gt; 's masterful description illustrate the jungle , the animal , the people , the town and their interaction far well than popular cartoon version . the jungle book be rightfully a classic and rightfully from the respected &lt;unknown&gt; press . </lemmas><pos>NN NN VBZ DT NN NN VBZ RB JJ IN JJ NN IN DT NP NNS POS NNS NN SENT NNS CC NNS VBP JJ NNS CC DT NN NN VBZ RB JJ IN DT JJ NN IN PP VBD IN DT JJ SENT IN DT JJ NN VBN IN DT NN IN NNS TO DT VBN NN WP VBZ PP$ NNS , DT NN VBZ DT NN CC NN SENT NN POS JJ NNS VBP DT NN , DT NNS , DT NNS , DT NN CC PP$ NNS RB RBR IN JJ NN NNS SENT DT NN NN VBZ RB DT JJ CC RB IN DT JJ NP NN SENT </pos></review>
