<?xml version="1.0" encoding="ISO-8859-1" standalone="no"?>
<!DOCTYPE review SYSTEM "derev.dtd">
<review ID="5719" title="TheJungleBook" writer="RudyardKipling" author="ShrutiPatkar" date="March 13, 2010" stars="4" suspectbook="0" unknownpurchase="0" nickname="0" cluster="0" allcluesclass="1" threecluesclass="1" sumclues="0" realclass="1" fold="1"><object>Great book for all ages</object><body>this is a book which can be read by anyone and each read makes it more interesting. had read some stories long back and loved reading it again.</body><tokens>this is a book which can be read by anyone and each read makes it more interesting . had read some stories long back and loved reading it again .</tokens><lemmas>this be a book which can be read by anyone and each read make it more interesting . have read some storey long back and love read it again . </lemmas><pos>DT VBZ DT NN WDT MD VB VBN IN NN CC DT NN VBZ PP RBR JJ SENT VBD VBN DT NNS RB RB CC VBD VBG PP RB SENT </pos></review>
