<?xml version="1.0" encoding="ISO-8859-1" standalone="no"?>
<!DOCTYPE review SYSTEM "derev.dtd">
<review ID="6037" title="TheMalteseFalcon" writer="DashiellHammett" author="Amicklesdoctorw2" date="March 18, 2012" stars="5" suspectbook="0" unknownpurchase="0" nickname="0" cluster="0" allcluesclass="1" threecluesclass="1" sumclues="0" realclass="1" fold="7"><object>fantastic book</object><body>Being new to Detective fiction i thought i would start out reading this book to become familiar with the genere and wow what a fantastic book! so well written and detailed it was like watching a movie, though i have never seen the film the Maltese Falcon i can see why they decided to make a film version of this book. The characters,plotting, and dialogue of the book are so well written that you can envision everything in it and i literaly could not put this book down. I love how the characters are described in such vivid detail you can actualy see them in your mind but, i just wish the setting was New York instead of San Fransico becuase i do not like California and Sacramento brrrrr i detest like a sickness i dont think anybody looking for anything valuable would be looking for it in California let alone a hum drum city like Sacramento. This story deserved more exotic locations and a city that has more going for it like Chicago,New York, or someplace else in the east coast but, anyway i am glad i started off reading this book the ending was just fantastic and very memorable it will stick with me for a long time.</body><tokens>being new to detective fiction i thought i would start out reading this book to become familiar with the genere and wow what a fantastic book ! so well written and detailed it was like watching a movie , though i have never seen the film the maltese falcon i can see why they decided to make a film version of this book . the characters , plotting , and dialogue of the book are so well written that you can envision everything in it and i literaly could not put this book down . i love how the characters are described in such vivid detail you can actualy see them in your mind but , i just wish the setting was new york instead of san fransico becuase i do not like california and sacramento brrrrr i detest like a sickness i dont think anybody looking for anything valuable would be looking for it in california let alone a hum drum city like sacramento . this story deserved more exotic locations and a city that has more going for it like chicago , new york , or someplace else in the east coast but , anyway i am glad i started off reading this book the ending was just fantastic and very memorable it will stick with me for a long time .</tokens><lemmas>be new to detective fiction i think i would start out read this book to become familiar with the &lt;unknown&gt; and wow what a fantastic book ! so well write and detail it be like watch a movie , though i have never see the film the Maltese falcon i can see why they decide to make a film version of this book . the character , plot , and dialogue of the book be so well write IN you can envision everything in it and i &lt;unknown&gt; could not put this book down . i love how the character be describe in such vivid detail you can &lt;unknown&gt; see them in your mind but , i just wish the setting be new york instead of &lt;unknown&gt; &lt;unknown&gt; &lt;unknown&gt; i do not like California and Sacramento &lt;unknown&gt; i detest like a sickness i &lt;unknown&gt; think anybody look for anything valuable would be look for it in &lt;unknown&gt; let alone a hum drum city like &lt;unknown&gt; . this story deserve more exotic location and a city that have more go for it like &lt;unknown&gt; , new york , or someplace else in the east coast but , anyway i be glad i start off read this book the end be just fantastic and very memorable it will stick with me for a long time . </lemmas><pos>VBG JJ TO NN NN NP VBD NP MD VB RP VBG DT NN TO VB JJ IN DT NN CC VB WP DT JJ NN SENT RB RB VBN CC VBN PP VBD IN VBG DT NN , IN NP VBP RB VBN DT NN DT JJ NN NP MD VB WRB PP VBD TO VB DT NN NN IN DT NN SENT DT NNS , VBG , CC NN IN DT NN VBP RB RB VBN  PP MD VB NN IN PP CC NP RB MD RB VB DT NN RB SENT NP NN WRB DT NNS VBP VBN IN JJ JJ NN PP MD RB VB PP IN PP$ NN CC , NP RB VBP DT NN VBD JJ VBP RB IN JJ NN NN NNS VBP RB IN NP CC NP NP NP VBP IN DT NN NP NN VBP NN VBG IN NN JJ MD VB VBG IN PP IN NNS VBP RB DT NN NN NN IN NN SENT DT NN VBD JJR JJ NNS CC DT NN WDT VBZ JJR VBG IN PP IN NN , JJ VBP , CC RB RB IN DT JJ NN CC , RB NNS VBP JJ NP VBD RP VBG DT NN DT VBG VBD RB JJ CC RB JJ PP MD VB IN PP IN DT JJ NN SENT </pos></review>
