<?xml version="1.0" encoding="ISO-8859-1" standalone="no"?>
<!DOCTYPE review SYSTEM "derev.dtd">
<review ID="6039" title="TheMalteseFalcon" writer="DashiellHammett" author="SergioFloresTorresIHGStudios" date="March 1, 2012" stars="5" suspectbook="0" unknownpurchase="0" nickname="0" cluster="0" allcluesclass="1" threecluesclass="1" sumclues="0" realclass="1" fold="8"><object>The original detective story</object><body>Good read, the original noir detective story with all the various workings with came to love. Iwas however really surprised by the ending. I did not see that coming and was satisfied with the protagonist resolution, even if it's not nice, it's you know, becoming.</body><tokens>good read , the original noir detective story with all the various workings with came to love . iwas however really surprised by the ending . i did not see that coming and was satisfied with the protagonist resolution , even if it 's not nice , it 's you know , becoming .</tokens><lemmas>good read , the original noir detective story with all the various working with come to love . &lt;unknown&gt; however really surprise by the ending . i do not see IN come and be satisfy with the protagonist resolution , even if it be not nice , it be you know , become . </lemmas><pos>JJ NN , DT JJ NN NN NN IN PDT DT JJ NNS IN VBD TO VB SENT NNS RB RB VBN IN DT NN SENT NP VBD RB VB  VBG CC VBD VBN IN DT NN NN , RB IN PP VBZ RB JJ , PP VBZ PP VBP , VBG SENT </pos></review>
