<?xml version="1.0" encoding="ISO-8859-1" standalone="no"?>
<!DOCTYPE review SYSTEM "derev.dtd">
<review ID="5903" title="TheLostWorld" writer="ArthurConanDoyle" author="AnneSalazarinveteratereader" date="June 11, 2012" stars="5" suspectbook="0" unknownpurchase="0" nickname="0" cluster="0" allcluesclass="1" threecluesclass="1" sumclues="0" realclass="1" fold="4"><object>Professor Challenger, I Presume ...</object><body>This was so much fun to read.  I really like the Explanatory Notes which are based on the scientific facts as they were known at the time the book was written because they add to the authenticity of the book just when the reader begins to have some doubts about this fantastical novel.  The Notes provide the background and then take the book into the realm of reality.  I have read enough Darwin and Wallace et al to know that they were indeed thrilled with their discoveries even as they questioned them.  This book is a fun way to illustrate historical perspectives and to awaken the explorer in all of us.  Arthur Conan Doyle is a true literary treasure!</body><tokens>this was so much fun to read . i really like the explanatory notes which are based on the scientific facts as they were known at the time the book was written because they add to the authenticity of the book just when the reader begins to have some doubts about this fantastical novel . the notes provide the background and then take the book into the realm of reality . i have read enough darwin and wallace et al to know that they were indeed thrilled with their discoveries even as they questioned them . this book is a fun way to illustrate historical perspectives and to awaken the explorer in all of us . arthur conan doyle is a true literary treasure !</tokens><lemmas>this be so much fun to read . i really like the explanatory note which be base on the scientific fact as they be know at the time the book be write because they add to the authenticity of the book just when the reader begin to have some doubt about this fantastical novel . the note provide the background and then take the book into the realm of reality . i have read enough &lt;unknown&gt; and &lt;unknown&gt; et al to know IN they be indeed thrill with their discovery even as they question them . this book be a fun way to illustrate historical perspective and to awaken the explorer in all of us . &lt;unknown&gt; &lt;unknown&gt; &lt;unknown&gt; be a true literary treasure ! </lemmas><pos>DT VBD RB JJ NN TO VB SENT NP RB IN DT JJ NNS WDT VBP VBN IN DT JJ NNS IN PP VBD VBN IN DT NN DT NN VBD VBN IN PP VBP TO DT NN IN DT NN RB WRB DT NN VBZ TO VB DT NNS IN DT JJ NN SENT DT NNS VBP DT NN CC RB VB DT NN IN DT NN IN NN SENT NNS VBP VBN JJ NN CC NN NP NP TO VB  PP VBD RB VBN IN PP$ NNS RB IN PP VBD PP SENT DT NN VBZ DT NN NN TO VB JJ NNS CC TO VB DT NN IN DT IN PP SENT JJ JJ NN VBZ DT JJ JJ NN SENT </pos></review>
