<?xml version="1.0" encoding="ISO-8859-1" standalone="no"?>
<!DOCTYPE review SYSTEM "derev.dtd">
<review ID="5733" title="TheJungleBook" writer="RudyardKipling" author="ChristopherEBehr" date="July 18, 2010" stars="5" suspectbook="0" unknownpurchase="0" nickname="0" cluster="0" allcluesclass="1" threecluesclass="1" sumclues="0" realclass="1" fold="3"><object>Excellent audio production of a classic</object><body>This review focuses on the audio production of the first Jungle Book as read by Flo Gibson.  I've read many of these stories to my daughter, so I know the difficulty of catching Kipling's rhythm and phrasing.  Flo Gibson does an excellent job, with clear diction, well paced delivery and competent &quot;acting&quot; of the various characters.  She pronounces the character's names as attributed to Kipling in the notes of my faithful Penguin edition.  Even then, my 10 year old daughter had difficulty with some of the phrasing, and we paused the CD's as we drove across the country to discuss and clarify.  However, I attribute this difficulty to the richness of Kipling's text, which my daughter is not used to - yet. In short, Flo Gibson uses her talents to deliver Kipling's wonderful stories.  I recommend this unabridged audio edition.</body><tokens>this review focuses on the audio production of the first jungle book as read by flo gibson . i 've read many of these stories to my daughter , so i know the difficulty of catching kipling 's rhythm and phrasing . flo gibson does an excellent job , with clear diction , well paced delivery and competent &quot; acting &quot; of the various characters . she pronounces the character 's names as attributed to kipling in the notes of my faithful penguin edition . even then , my 10 year old daughter had difficulty with some of the phrasing , and we paused the cd 's as we drove across the country to discuss and clarify . however , i attribute this difficulty to the richness of kipling 's text , which my daughter is not used to - yet . in short , flo gibson uses her talents to deliver kipling 's wonderful stories . i recommend this unabridged audio edition .</tokens><lemmas>this review focus on the audio production of the first jungle book as read by &lt;unknown&gt; &lt;unknown&gt; . i have read many of these storey to my daughter , so i know the difficulty of catch &lt;unknown&gt; 's rhythm and phrasing . Flo Gibson do an excellent job , with clear diction , well pace delivery and competent &quot; acting &quot; of the various character . she pronounce the character 's name as attribute to &lt;unknown&gt; in the note of my faithful penguin edition . even then , my @card@ year old daughter have difficulty with some of the phrasing , and we pause the &lt;unknown&gt; be as we drive across the country to discuss and clarify . however , i attribute this difficulty to the richness of &lt;unknown&gt; 's text , which my daughter be not use to - yet . in short , Flo Gibson use her talent to deliver &lt;unknown&gt; 's wonderful storey . i recommend this unabridged audio edition . </lemmas><pos>DT NN VBZ IN DT JJ NN IN DT JJ NN NN IN NN IN NN NN SENT NNS VBP VBN JJ IN DT NNS TO PP$ NN , IN NP VBP DT NN IN VBG NN POS NN CC NN SENT NP NP VBZ DT JJ NN , IN JJ NN , RB VBN NN CC JJ `` JJ '' IN DT JJ NNS SENT PP VBZ DT NN POS NNS RB VBD TO VBG IN DT NNS IN PP$ JJ NN NN SENT RB RB , PP$ CD NN JJ NN VBD NN IN DT IN DT NN , CC PP VBD DT NN VBZ IN PP VBD IN DT NN TO VB CC VB SENT RB , NNS VBP DT NN TO DT NN IN NN POS NN , WDT PP$ NN VBZ RB VBN TO : RB SENT IN RB , NP NP VBZ PP$ NNS TO VB NN POS JJ NNS SENT NNS VBP DT JJ JJ NN SENT </pos></review>
