<?xml version="1.0" encoding="ISO-8859-1" standalone="no"?>
<!DOCTYPE review SYSTEM "derev.dtd">
<review ID="5917" title="TheLostWorld" writer="ArthurConanDoyle" author="CDCohronchetdc" date="May 3, 2008" stars="5" suspectbook="0" unknownpurchase="0" nickname="0" cluster="0" allcluesclass="1" threecluesclass="1" sumclues="0" realclass="1" fold="6"><object>Adventure</object><body>I have seen many of the movies generated from this book, The Lost World, but this is the first time that I read the book...sad to say.  The book is more on two cultures (Ape-men vs. Indians) and how the explorers assisted the Indians in over coming the Ape-men and this act would change their future.  Sir Doyle is known for writting the Sherlock Holmes adventures, but there is more to him than the sly detective.  If you like the movies, then you need to read the book and see what Sir Arthur Conan Doyle saw in the Lost World...I enjoyed this book on my kindle.</body><tokens>i have seen many of the movies generated from this book , the lost world , but this is the first time that i read the book ... sad to say . the book is more on two cultures ( ape-men vs . indians ) and how the explorers assisted the indians in over coming the ape-men and this act would change their future . sir doyle is known for writting the sherlock holmes adventures , but there is more to him than the sly detective . if you like the movies , then you need to read the book and see what sir arthur conan doyle saw in the lost world ... i enjoyed this book on my kindle .</tokens><lemmas>i have see many of the movie generate from this book , the lost world , but this be the first time IN i read the book ... sad to say . the book be more on two culture ( &lt;unknown&gt; vs . Indian ) and how the explorer assist the Indian in over come the &lt;unknown&gt; and this act would change their future . sir &lt;unknown&gt; be know for &lt;unknown&gt; the &lt;unknown&gt; Holmes adventure , but there be more to him than the sly detective . if you like the movie , then you need to read the book and see what sir &lt;unknown&gt; Conan &lt;unknown&gt; see in the lose world ... i enjoy this book on my kindle . </lemmas><pos>NNS VBP VBN JJ IN DT NNS VBN IN DT NN , DT JJ NN , CC DT VBZ DT JJ NN  NP VBD DT NN : JJ TO VB SENT DT NN VBZ JJR IN CD NNS ( NN NP SENT NNS ) CC WRB DT NNS VBD DT NNS IN IN VBG DT NNS CC DT NN MD VB PP$ NN SENT NN NN VBZ VBN IN VBG DT JJ NP NNS , CC EX VBZ JJR TO PP IN DT JJ NN SENT IN PP VBP DT NNS , RB PP VBP TO VB DT NN CC VB WP NN NN NP NN VBD IN DT VBN NN : NP VBD DT NN IN PP$ VB SENT </pos></review>
