<?xml version="1.0" encoding="ISO-8859-1" standalone="no"?>
<!DOCTYPE review SYSTEM "derev.dtd">
<review ID="5725" title="TheJungleBook" writer="RudyardKipling" author="CATemm" date="August 1, 2007" stars="5" suspectbook="0" unknownpurchase="0" nickname="0" cluster="0" allcluesclass="1" threecluesclass="1" sumclues="0" realclass="1" fold="2"><object>My grandkids loved it too...</object><body>I'm a Kipling fan....no other poet has ever touched my fancy as this chronicular of the common man.  Too many peoeple today simply dismiss him as both racist and imperialist (in other words, judging a 19th century man by 20/21st century standards) but he was of that last generation of poets who tried to learn about their subjects instead of being like the shallow poets of today. This short collection of time honored favorites like the Jungle Book, Rikki Tikki Tavi (the girls loved the great snake fight!), and the White Seal all still glow with life.  Real life is illustrated here, not white washed Hollywood stories where nothing really dies but the interaction between predator and prey is ever present. Kipling in today's world is not something allowed in schools, more the pity.  His writings make most of what kids today have to read insipid.  I only hope other parents/grandparents will allow their offspring the chance to see life how it was and often is today...</body><tokens>i 'm a kipling fan .... no other poet has ever touched my fancy as this chronicular of the common man . too many peoeple today simply dismiss him as both racist and imperialist ( in other words , judging a 19th century man by 20 / 21st century standards ) but he was of that last generation of poets who tried to learn about their subjects instead of being like the shallow poets of today . this short collection of time honored favorites like the jungle book , rikki tikki tavi ( the girls loved the great snake fight ! ) , and the white seal all still glow with life . real life is illustrated here , not white washed hollywood stories where nothing really dies but the interaction between predator and prey is ever present . kipling in today 's world is not something allowed in schools , more the pity . his writings make most of what kids today have to read insipid . i only hope other parents / grandparents will allow their offspring the chance to see life how it was and often is today ...</tokens><lemmas>i be a &lt;unknown&gt; fan ... no other poet have ever touch my fancy as this &lt;unknown&gt; of the common man . too many &lt;unknown&gt; today simply dismiss him as both racist and imperialist ( in other word , judge a 19th century man by @card@ / 21st century standard ) but he be of that last generation of poet who try to learn about their subject instead of be like the shallow poet of today . this short collection of time honor favorite like the jungle book , Rikki Tikki Tavi ( the girl love the great snake fight ! ) , and the white seal all still glow with life . real life be illustrate here , not white washed &lt;unknown&gt; storey where nothing really die but the interaction between predator and prey be ever present . &lt;unknown&gt; in today 's world be not something allow in school , more the pity . his writing make most of what kid today have to read insipid . i only hope other parent / grandparent will allow their offspring the chance to see life how it be and often be today ... </lemmas><pos>NP VBP DT NN NN : DT JJ NN VBZ RB VBN PP$ NN IN DT NN IN DT JJ NN SENT RB JJ NN NN RB VB PP IN DT JJ CC JJ ( IN JJ NNS , VBG DT JJ NN NN IN CD SYM JJ NN NNS ) CC PP VBD IN DT JJ NN IN NNS WP VBD TO VB IN PP$ NNS RB IN VBG IN DT JJ NNS IN NN SENT DT JJ NN IN NN VBN NNS IN DT NN NN , NP NP NP ( DT NNS VBD DT JJ NN NN SENT ) , CC DT JJ NN RB RB VB IN NN SENT JJ NN VBZ VBN RB , RB JJ JJ NN NNS WRB NN RB VBZ CC DT NN IN NN CC NN VBZ RB JJ SENT VBG IN NN POS NN VBZ RB NN VBN IN NNS , RBR DT NN SENT PP$ NNS VBP JJS IN WP VBZ RB VB TO VB JJ SENT NP RB VBP JJ NNS SYM NNS MD VB PP$ NNS DT NN TO VB NN WRB PP VBD CC RB VBZ NN : </pos></review>
