<?xml version="1.0" encoding="ISO-8859-1" standalone="no"?>
<!DOCTYPE review SYSTEM "derev.dtd">
<review ID="6043" title="TheMalteseFalcon" writer="DashiellHammett" author="CurtisMcDaniel" date="October 19, 2011" stars="5" suspectbook="0" unknownpurchase="0" nickname="0" cluster="0" allcluesclass="1" threecluesclass="1" sumclues="0" realclass="1" fold="9"><object>Hammett and the private eye</object><body>Hammett is credited with creating the hard boiled private eye.  People are most familiar with this work and his character Sam Spade. Perhaps because of the part played by Humphrey Bogart, even though it was the third movie made based on this writing. Hammett himself never considered this as his best. He always maintained The Glass Key was his best work. I highly reccomend any and all of his writing.</body><tokens>hammett is credited with creating the hard boiled private eye . people are most familiar with this work and his character sam spade . perhaps because of the part played by humphrey bogart , even though it was the third movie made based on this writing . hammett himself never considered this as his best . he always maintained the glass key was his best work . i highly reccomend any and all of his writing .</tokens><lemmas>Hammett be credit with create the hard boil private eye . people be most familiar with this work and his character &lt;unknown&gt; spade . perhaps because of the part play by &lt;unknown&gt; &lt;unknown&gt; , even though it be the third movie make base on this writing . Hammett himself never consider this as his good . he always maintain the glass key be his good work . i highly &lt;unknown&gt; any and all of his writing . </lemmas><pos>NP VBZ VBN IN VBG DT RB VBN JJ NN SENT NNS VBP RBS JJ IN DT NN CC PP$ NN NN NN SENT RB IN IN DT NN VBN IN NN NN , RB IN PP VBD DT JJ NN VBD VBN IN DT NN SENT NP PP RB VBD DT IN PP$ JJS SENT PP RB VBD DT NN NN VBD PP$ JJS NN SENT NP RB VBP DT CC DT IN PP$ NN SENT </pos></review>
