<?xml version="1.0" encoding="ISO-8859-1" standalone="no"?>
<!DOCTYPE review SYSTEM "derev.dtd">
<review ID="5913" title="TheLostWorld" writer="ArthurConanDoyle" author="BrittneyIturreyEyesforReading" date="December 9, 2009" stars="5" suspectbook="0" unknownpurchase="0" nickname="0" cluster="0" allcluesclass="1" threecluesclass="1" sumclues="0" realclass="1" fold="5"><object>Want classics? Buy Dover Thrift!</object><body>I was a little wary in buying classics from Dover Thrift; these are the books I'd want to keep for many years, not just read and discard. But my caution was undeserved! These editions are not flimsy or printed on bible paper; they're sturdy with a pleasing layout and size (I prefer the slightly larger books to the 4.2x6.8 inch standard paperback). This size allows for comfortable reading without damaging the spine like the smaller versions. Highlighting doesn't seep through the paper, an important trait for English majors like myself, and the book is lightweight and the binding tight. So for $3 I was able to buy a book that's normally $7 - with no drawbacks! Thank you Dover Thrift! Also, check out their collections (Jane Austen Collection, Supernatural and Ghost Stories Collection) - Several books for only $8? Awesome! The collection I got was 26 Great Tales of Terror and the Supernatural - six books. :) PS: Works with author copyrights (written copyrights vanish 100 years after an author's death), are generally not carried by Dover. :(</body><tokens>i was a little wary in buying classics from dover thrift ; these are the books i &quot; d want to keep for many years , not just read and discard . but my caution was undeserved ! these editions are not flimsy or printed on bible paper ; they &quot; re sturdy with a pleasing layout and size ( i prefer the slightly larger books to the 4 . 2x6 . 8 inch standard paperback ) . this size allows for comfortable reading without damaging the spine like the smaller versions . highlighting does n't seep through the paper , an important trait for english majors like myself , and the book is lightweight and the binding tight . so for $3 i was able to buy a book that 's normally $7 - with no drawbacks ! thank you dover thrift ! also , check out their collections ( jane austen collection , supernatural and ghost stories collection ) - several books for only $8 ? awesome ! the collection i got was 26 great tales of terror and the supernatural - six books . : ) ps : works with author copyrights ( written copyrights vanish 100 years after an author 's death ) , are generally not carried by dover . : (</tokens><lemmas>i be a little wary in buy classic from dove thrift ; these be the books i &quot; d want to keep for many year , not just read and discard . but my caution be undeserved ! these edition be not flimsy or print on bible paper ; they &quot; re sturdy with a pleasing layout and size ( i prefer the slightly large book to the 4 . &lt;unknown&gt; . 8 inch standard paperback ) . this size allow for comfortable reading without damage the spine like the small version . highlight do n't seep through the paper , an important trait for English major like myself , and the book be lightweight and the bind tight . so for &lt;unknown&gt; i be able to buy a book that be normally &lt;unknown&gt; - with no drawback ! thank you dove thrift ! also , check out their collection ( jane &lt;unknown&gt; collection , supernatural and ghost storey collection ) - several book for only &lt;unknown&gt; ? awesome ! the collection i get be @card@ great tale of terror and the supernatural - six book . : ) &lt;unknown&gt; : work with author copyright ( write copyright vanish @card@ year after an author 's death ) , be generally not carry by dove . : ( </lemmas><pos>NP VBD DT RB JJ IN VBG NNS IN JJR NN : DT VBP DT NN FW '' SYM VBP TO VB IN JJ NNS , RB RB VB CC VB SENT CC PP$ NN VBD JJ SENT DT NNS VBP RB JJ CC VBN IN JJ NN : PP `` NN NN IN DT JJ NN CC NN ( FW VBP DT RB JJR NNS TO DT CD SENT JJ SENT CD NN JJ NN ) SENT DT NN VBZ IN JJ NN IN VBG DT NN IN DT JJR NNS SENT VBG VBZ RB VB IN DT NN , DT JJ NN IN JJ NNS IN PP , CC DT NN VBZ JJ CC DT VBG JJ SENT RB IN NP NP VBD JJ TO VB DT NN WDT VBZ RB JJ : IN DT NNS SENT VB PP JJR NN SENT RB , VB RP PP$ NNS ( NN NN NN , JJ CC NN NNS NN ) : JJ NNS IN JJ NN SENT JJ SENT DT NN NP VBD VBD CD JJ NNS IN NN CC DT JJ : CD NNS SENT : ) NNS : NNS IN NN NNS ( VBN NNS VBP CD NNS IN DT NN POS NN ) , VBP RB RB VBN IN JJR SENT : ( </pos></review>
