<?xml version="1.0" encoding="ISO-8859-1" standalone="no"?>
<!DOCTYPE review SYSTEM "derev.dtd">
<review ID="6579" title="Walden" writer="HenryDavidThoreau" author="Nanette" date="November 22, 2010" stars="1" suspectbook="0" unknownpurchase="0" nickname="0" cluster="0" allcluesclass="1" threecluesclass="1" sumclues="0" realclass="1" fold="8"><object>This is an incomplete version.</object><body>As other reviewers have noted this version is incomplete and sentences stop in the middle.  It was free.  My only expense was the time and effort put into discovering the shortcomings of this version.</body><tokens>as other reviewers have noted this version is incomplete and sentences stop in the middle . it was free . my only expense was the time and effort put into discovering the shortcomings of this version .</tokens><lemmas>as other reviewer have note this version be incomplete and sentence stop in the middle . it be free . my only expense be the time and effort put into discover the shortcoming of this version . </lemmas><pos>IN JJ NNS VBP VBN DT NN VBZ JJ CC NNS VBP IN DT NN SENT PP VBD JJ SENT PP$ JJ NN VBD DT NN CC NN VBN IN VBG DT NNS IN DT NN SENT </pos></review>
