<?xml version="1.0" encoding="ISO-8859-1" standalone="no"?>
<!DOCTYPE review SYSTEM "derev.dtd">
<review ID="6574" title="Walden" writer="HenryDavidThoreau" author="MarthaKoelemayearthchild" date="July 14, 2007" stars="5" suspectbook="0" unknownpurchase="0" nickname="0" cluster="0" allcluesclass="1" threecluesclass="1" sumclues="0" realclass="1" fold="7"><object>Walden, by Henry David Thoreau</object><body>This book should be required reading for every high school and college student in every school in the country.  Our narcissistic, throwaway, gadget-intoxicated society needs to hear Thoreau's message about the satisfaction gained through living simply, and about the difference between want and need.  Not to mention his pronouncement that we do not own our possessions but are rather owned and enslaved by them.</body><tokens>this book should be required reading for every high school and college student in every school in the country . our narcissistic , throwaway , gadget-intoxicated society needs to hear thoreau 's message about the satisfaction gained through living simply , and about the difference between want and need . not to mention his pronouncement that we do not own our possessions but are rather owned and enslaved by them .</tokens><lemmas>this book should be require read for every high school and college student in every school in the country . our narcissistic , throwaway , &lt;unknown&gt; society need to hear Thoreau 's message about the satisfaction gain through live simply , and about the difference between want and need . not to mention his pronouncement IN we do not own our possession but be rather own and enslave by them . </lemmas><pos>DT NN MD VB VBN VBG IN DT JJ NN CC NN NN IN DT NN IN DT NN SENT PP$ JJ , JJ , JJ NN VBZ TO VB NP POS NN IN DT NN VBD IN VBG RB , CC RB DT NN IN NN CC NN SENT RB TO VB PP$ NN  PP VBP RB VB PP$ NNS CC VBP RB VBN CC VBN IN PP SENT </pos></review>
