<?xml version="1.0" encoding="ISO-8859-1" standalone="no"?>
<!DOCTYPE review SYSTEM "derev.dtd">
<review ID="6435" title="TheSecretAdversary" writer="AgathaChristie" author="MichaelGessaro" date="January 21, 2010" stars="5" suspectbook="0" unknownpurchase="0" nickname="0" cluster="0" allcluesclass="1" threecluesclass="1" sumclues="0" realclass="1" fold="6"><object>The Secret Adversary</object><body>Thsi book was delivered in a timely fashion.  This book was enjoyable to read.</body><tokens>thsi book was delivered in a timely fashion . this book was enjoyable to read .</tokens><lemmas>&lt;unknown&gt; book be deliver in a timely fashion . this book be enjoyable to read . </lemmas><pos>NN NN VBD VBN IN DT JJ NN SENT DT NN VBD JJ TO VB SENT </pos></review>
