<?xml version="1.0" encoding="ISO-8859-1" standalone="no"?>
<!DOCTYPE review SYSTEM "derev.dtd">
<review ID="6355" title="TheSecretAdversary" writer="AgathaChristie" author="DavidHurleySYFer" date="September 6, 2010" stars="4" suspectbook="0" unknownpurchase="0" nickname="0" cluster="0" allcluesclass="1" threecluesclass="1" sumclues="0" realclass="1" fold="1"><object>One of the better free Kindle titles</object><body>I found this little novel to be a real page-turner and a heck of a fun Kindle read (especially for a freebie--at least as of this review).  Tommy and Tuppence are a fun pair and the story virtually never drags.  I am a fan of Christie's Poirot and like the genre, but found this book to be a refreshing change of pace and tone.  Go ahead and download it--you won't be disappointed.</body><tokens>i found this little novel to be a real page-turner and a heck of a fun kindle read ( especially for a freebie--at least as of this review ) . tommy and tuppence are a fun pair and the story virtually never drags . i am a fan of christie 's poirot and like the genre , but found this book to be a refreshing change of pace and tone . go ahead and download it--you wo n't be disappointed .</tokens><lemmas>i find this little novel to be a real &lt;unknown&gt; and a heck of a fun kindle read ( especially for a &lt;unknown&gt; least as of this review ) . tommy and tuppence be a fun pair and the story virtually never drag . i be a fan of Christie 's &lt;unknown&gt; and like the genre , but find this book to be a refresh change of pace and tone . go ahead and &lt;unknown&gt; &lt;unknown&gt; wo n't be disappoint . </lemmas><pos>NP VBD DT JJ NN TO VB DT JJ NN CC DT NN IN DT NN VBP VB ( RB IN DT NN RBS RB IN DT NN ) SENT NN CC NN VBP DT NN NN CC DT NN RB RB VBZ SENT NP VBP DT NN IN NP POS NN CC IN DT NN , CC VBD DT NN TO VB DT VBG NN IN NN CC NN SENT VB RB CC NN NN MD RB VB VBN SENT </pos></review>
