<?xml version="1.0" encoding="ISO-8859-1" standalone="no"?>
<!DOCTYPE review SYSTEM "derev.dtd">
<review ID="6393" title="TheSecretAdversary" writer="AgathaChristie" author="ClaytonBJohnson" date="July 3, 2012" stars="5" suspectbook="0" unknownpurchase="0" nickname="0" cluster="0" allcluesclass="1" threecluesclass="1" sumclues="0" realclass="1" fold="4"><object>I can't believe...</object><body>I can't believe I didn't review this when I read it. So many of the books I've read don't show reviews by me that I am starting to wonder if this is because the exact edition I have was removed and with it my review.  I absolutely love this book and recommend it highly, especially if you love this genre. I wish I had reviewed it when I read it so that I could give it a more thorough and enthusiastic review. Give it a shot because I don't think you'll be disappointed.</body><tokens>i ca n't believe i did n't review this when i read it . so many of the books i 've read do n't show reviews by me that i am starting to wonder if this is because the exact edition i have was removed and with it my review . i absolutely love this book and recommend it highly , especially if you love this genre . i wish i had reviewed it when i read it so that i could give it a more thorough and enthusiastic review . give it a shot because i do n't think you 'll be disappointed .</tokens><lemmas>i ca n't believe i do n't review this when i read it . so many of the book i have read do n't show review by me IN i be start to wonder if this be because the exact edition i have be remove and with it my review . i absolutely love this book and recommend it highly , especially if you love this genre . i wish i have review it when i read it so IN i could give it a more thorough and enthusiastic review . give it a shot because i do n't think you will be disappoint . </lemmas><pos>NP MD RB VB NP VBD RB VB DT WRB NP VBD PP SENT RB JJ IN DT NNS NNS VBP VBN VBP RB VB NNS IN PP  NNS VBP VBG TO VB IN DT VBZ IN DT JJ NN NNS VBP VBD VBN CC IN PP PP$ NN SENT NP RB VBP DT NN CC VB PP RB , RB IN PP VBP DT NN SENT NP NN NP VBD VBN PP WRB NP VBD PP RB  NP MD VB PP DT RBR JJ CC JJ NN SENT VB PP DT NN IN NP VBP RB VB PP MD VB VBN SENT </pos></review>
