<?xml version="1.0" encoding="ISO-8859-1" standalone="no"?>
<!DOCTYPE review SYSTEM "derev.dtd">
<review ID="6407" title="TheSecretAdversary" writer="AgathaChristie" author="VFox" date="January 2, 2012" stars="5" suspectbook="0" unknownpurchase="0" nickname="0" cluster="0" allcluesclass="1" threecluesclass="1" sumclues="0" realclass="1" fold="5"><object>Fun story, well adapted for Kindle</object><body>I have read a lot of Agatha Christie's mysteries, but this was a new one to me.  The story is entertaining, as always. I found this easy to read on the Kindle Touch.  The up or down swipe easily took me to a different chapter.  I didn't test the table of contents, but I rarely use those when I read a novel.  The spacing was great.  Well done!</body><tokens>i have read a lot of agatha christie 's mysteries , but this was a new one to me . the story is entertaining , as always . i found this easy to read on the kindle touch . the up or down swipe easily took me to a different chapter . i did n't test the table of contents , but i rarely use those when i read a novel . the spacing was great . well done !</tokens><lemmas>i have read a lot of &lt;unknown&gt; Christie 's mystery , but this be a new one to me . the story be entertaining , as always . i find this easy to read on the kindle touch . the up or down swipe easily take me to a different chapter . i do n't test the table of content , but i rarely use those when i read a novel . the spacing be great . well do ! </lemmas><pos>NNS VBP VBN DT NN IN NN NN POS NNS , CC DT VBD DT JJ CD TO PP SENT DT NN VBZ JJ , RB RB SENT NP VBD DT JJ TO VB IN DT VBP NN SENT DT RB CC RB NN RB VBD PP TO DT JJ NN SENT NP VBD RB VB DT NN IN NNS , CC NP RB VBP DT WRB NP VBD DT NN SENT DT NN VBD JJ SENT RB VBN SENT </pos></review>
