<?xml version="1.0" encoding="ISO-8859-1" standalone="no"?>
<!DOCTYPE review SYSTEM "derev.dtd">
<review ID="6369" title="TheSecretAdversary" writer="AgathaChristie" author="CParkerAuthor" date="July 13, 2010" stars="4" suspectbook="0" unknownpurchase="0" nickname="0" cluster="0" allcluesclass="1" threecluesclass="1" sumclues="0" realclass="1" fold="3"><object>Great read for Christie fans!</object><body>I love Agatha Christie, and I had never read any of the Tommy and Tuppence series, so I decided that if I was going to try one, it ought to be the first (it also didn't hurt that it was free).  I thoroughly enjoyed the book, although I felt that the &quot;brown book&quot; reading at the end was superfluous, and decided to read the remaining 4 books in the series. Imagine my dismay to find that only one more book (the second in the series) is currently available for Kindle.  Ah, well, I'll wait...</body><tokens>i love agatha christie , and i had never read any of the tommy and tuppence series , so i decided that if i was going to try one , it ought to be the first ( it also did n't hurt that it was free ) . i thoroughly enjoyed the book , although i felt that the &quot; brown book &quot; reading at the end was superfluous , and decided to read the remaining 4 books in the series . imagine my dismay to find that only one more book ( the second in the series ) is currently available for kindle . ah , well , i 'll wait ...</tokens><lemmas>i love &lt;unknown&gt; Christie , and i have never read any of the tommy and tuppence series , so i decide IN if i be go to try one , it ought to be the first ( it also do n't hurt IN it be free ) . i thoroughly enjoy the book , although i feel IN the &quot; brown book &quot; reading at the end be superfluous , and decide to read the remain 4 book in the series . imagine my dismay to find IN only one more book ( the second in the series ) be currently available for kindle . &lt;unknown&gt; , well , i will wait ... </lemmas><pos>NP NN NN NN , CC NP VBD RB VBN DT IN DT NN CC NN NN , IN NP VBD  IN NP VBD VBG TO VB PP , PP MD TO VB DT JJ ( PP RB VBD RB VB  PP VBD JJ ) SENT NP RB VBD DT NN , IN NP VBD  DT `` JJ NN '' NN IN DT NN VBD JJ , CC VBD TO VB DT VBG CD NNS IN DT NN SENT VB PP$ NN TO VB  RB CD JJR NN ( DT NN IN DT NN ) VBZ RB JJ IN VB SENT NN , RB , NP MD VB : </pos></review>
