<?xml version="1.0" encoding="ISO-8859-1" standalone="no"?>
<!DOCTYPE review SYSTEM "derev.dtd">
<review ID="6600" title="Walden" writer="HenryDavidThoreau" author="JeremyGilien" date="April 23, 2010" stars="4" suspectbook="0" unknownpurchase="0" nickname="0" cluster="0" allcluesclass="1" threecluesclass="1" sumclues="0" realclass="1" fold="9"><object>Back To Nature</object><body>A book I had always meant to get around to reading, but somehow never managed to make a priority.  Glad I had the bright idea to order the audio version!   This is a wonderful disc to accompany a hike in the country, a walk in the woods, or anywhere one is alone in nature.  With his embracing of the simple, unencumbered style of life, and rejection of all material non-essentials, it is easy to see how Thoreau became godfather to the hippie and counter-culture movements of the 1960's.   The reader's near monotone delivery does not exactly make Thoreau's inspired musings spring vividly to life, but his controlled placidity is not unsuited to the serene nature of the narrative either.  It was extremely handy to have all of the unabridged, over eleven hours on one disc; I found myself frequently rewinding to allow a second or third shot at unravelling the complex, but elegant and profound prose passages.   Listening to this audio CD was an excellent way to finally get to know this venerable work; an inspiring classic that most readers are aware of but fewer have actually read.</body><tokens>a book i had always meant to get around to reading , but somehow never managed to make a priority . glad i had the bright idea to order the audio version ! this is a wonderful disc to accompany a hike in the country , a walk in the woods , or anywhere one is alone in nature . with his embracing of the simple , unencumbered style of life , and rejection of all material non-essentials , it is easy to see how thoreau became godfather to the hippie and counter-culture movements of the 1960 's . the reader 's near monotone delivery does not exactly make thoreau 's inspired musings spring vividly to life , but his controlled placidity is not unsuited to the serene nature of the narrative either . it was extremely handy to have all of the unabridged , over eleven hours on one disc ; i found myself frequently rewinding to allow a second or third shot at unravelling the complex , but elegant and profound prose passages . listening to this audio cd was an excellent way to finally get to know this venerable work ; an inspiring classic that most readers are aware of but fewer have actually read .</tokens><lemmas>a book i have always mean to get around to reading , but somehow never manage to make a priority . glad i have the bright idea to order the audio version ! this be a wonderful disc to accompany a hike in the country , a walk in the wood , or anywhere one be alone in nature . with his embrace of the simple , unencumbered style of life , and rejection of all material &lt;unknown&gt; , it be easy to see how Thoreau become godfather to the hippie and counter-culture movement of the @card@ 's . the reader 's near monotone delivery do not exactly make Thoreau 's inspired musing spring vividly to life , but his controlled placidity be not unsuite to the serene nature of the narrative either . it be extremely handy to have all of the unabridged , over eleven hour on one disc ; i find myself frequently rewind to allow a second or third shot at unravel the complex , but elegant and profound prose passage . listen to this audio &lt;unknown&gt; be an excellent way to finally get to know this venerable work ; an inspiring classic IN most reader be aware of but few have actually read . </lemmas><pos>DT NN NP VBD RB VBN TO VB RP TO NN , CC RB RB VBN TO VB DT NN SENT JJ NP VBD DT JJ NN TO VB DT JJ NN SENT DT VBZ DT JJ NN TO VB DT NN IN DT NN , DT NN IN DT NNS , CC RB PP VBZ RB IN NN SENT IN PP$ VBG IN DT JJ , JJ NN IN NN , CC NN IN DT NN NNS , PP VBZ JJ TO VB WRB NP VBD NN TO DT NN CC NN NNS IN DT CD POS SENT DT NN POS JJ NN NN VBZ RB RB VB NP POS JJ NNS NN RB TO NN , CC PP$ JJ NN VBZ RB VBN TO DT JJ NN IN DT NN RB SENT PP VBD RB JJ TO VB DT IN DT JJ , IN NN NNS IN CD NN : NP VBD PP RB VBG TO VB DT JJ CC JJ NN IN VBG DT NN , CC JJ CC JJ NN NNS SENT VBG TO DT JJ NN VBD DT JJ NN TO RB VB TO VB DT JJ NN : DT JJ NN  JJS NNS VBP JJ IN CC JJR VBP RB VBN SENT </pos></review>
