<?xml version="1.0" encoding="ISO-8859-1" standalone="no"?>
<!DOCTYPE review SYSTEM "derev.dtd">
<review ID="6365" title="TheSecretAdversary" writer="AgathaChristie" author="LeezaDiGrizLeeza" date="August 20, 2011" stars="5" suspectbook="0" unknownpurchase="0" nickname="0" cluster="0" allcluesclass="1" threecluesclass="1" sumclues="0" realclass="1" fold="2"><object>Great Agatha book!</object><body>She got me again! I had my suspicions though. A very good read, and I have read all the Poirots and Marples.</body><tokens>she got me again ! i had my suspicions though . a very good read , and i have read all the poirots and marples .</tokens><lemmas>she get me again ! i have my suspicion though . a very good read , and i have read all the &lt;unknown&gt; and &lt;unknown&gt; . </lemmas><pos>PP VBD PP RB SENT NP VBD PP$ NNS RB SENT DT RB JJ NN , CC NP VBP VBN PDT DT NNS CC NNS SENT </pos></review>
