<?xml version="1.0" encoding="ISO-8859-1" standalone="no"?>
<!DOCTYPE review SYSTEM "derev.dtd">
<review ID="6126" title="TheMalteseFalcon" writer="DashiellHammett" author="MDStern" date="December 31, 2006" stars="3" suspectbook="0" unknownpurchase="0" nickname="0" cluster="0" allcluesclass="1" threecluesclass="1" sumclues="0" realclass="1" fold="0"><object>Nicely Written, But The Movie Shines</object><body>There have been very few examples of movies made from books in which the plot, characters, and mood was far better presented in the movie than in the book. Unfortunately, &quot;The Maltese Falcon&quot; ranks in that distinction - at least for me. Perhaps my big mistake was to choose a Hammett novel that was made into a movie - and a movie that has become the definitive film noir. However, the depth of the characters presented in the novel just wasn't there. Even Sam Spade seemed a rather hollow shell, except for the insistance of being morally ambiguous and describing exactly how he rolls a cigarette. Oh, and he's blond. The other characters pass through a mere images, and most of them rather bizarre. I felt that I knew the characters more from the movie than from the book, which was a very strange feeling. Now, the novel is well written, if a bit dated. I think in it's day it was probably downright shocking! It does have a campy feel to it, but in a sort of pleasant, almost guilty way. It is well paced and keeps the reader's interest. And if one does not know the general outcome, I guarantee it will keep one guessing! The book is worth reading for the mystery alone! However, if one has seen the 1940s version of the movie classic with Bogie and Peter Lorre and Mary Aster and Sydney Greenstreet? This might come as a bit of a letdown. Hammett is a good author and I do look forward to reading other of his works that Hollywood did not take notice of to see if I can feel differently. But, for this one, I really do think the movie is far better. Which makes me wonder: is the movie a classic because of the book? Or has the book become a classic because of the movie?</body><tokens>there have been very few examples of movies made from books in which the plot , characters , and mood was far better presented in the movie than in the book . unfortunately , &quot; the maltese falcon &quot; ranks in that distinction - at least for me . perhaps my big mistake was to choose a hammett novel that was made into a movie - and a movie that has become the definitive film noir . however , the depth of the characters presented in the novel just was n't there . even sam spade seemed a rather hollow shell , except for the insistance of being morally ambiguous and describing exactly how he rolls a cigarette . oh , and he 's blond . the other characters pass through a mere images , and most of them rather bizarre . i felt that i knew the characters more from the movie than from the book , which was a very strange feeling . now , the novel is well written , if a bit dated . i think in it 's day it was probably downright shocking ! it does have a campy feel to it , but in a sort of pleasant , almost guilty way . it is well paced and keeps the reader 's interest . and if one does not know the general outcome , i guarantee it will keep one guessing ! the book is worth reading for the mystery alone ! however , if one has seen the 1940s version of the movie classic with bogie and peter lorre and mary aster and sydney greenstreet ? this might come as a bit of a letdown . hammett is a good author and i do look forward to reading other of his works that hollywood did not take notice of to see if i can feel differently . but , for this one , i really do think the movie is far better . which makes me wonder : is the movie a classic because of the book ? or has the book become a classic because of the movie ?</tokens><lemmas>there have be very few example of movie make from book in which the plot , character , and mood be far well present in the movie than in the book . unfortunately , &quot; the Maltese falcon &quot; rank in that distinction - at least for me . perhaps my big mistake be to choose a &lt;unknown&gt; novel that be make into a movie - and a movie that have become the definitive film noir . however , the depth of the character present in the novel just be n't there . even &lt;unknown&gt; spade seem a rather hollow shell , except for the &lt;unknown&gt; of be morally ambiguous and describe exactly how he roll a cigarette . oh , and he be blond . the other character pass through a mere image , and most of them rather bizarre . i feel IN i know the character more from the movie than from the book , which be a very strange feeling . now , the novel be well write , if a bit date . i think in it be day it be probably downright shocking ! it do have a campy feel to it , but in a sort of pleasant , almost guilty way . it be well pace and keep the reader 's interest . and if one do not know the general outcome , i guarantee it will keep one guess ! the book be worth reading for the mystery alone ! however , if one have see the 1940s version of the movie classic with bogie and peter &lt;unknown&gt; and &lt;unknown&gt; aster and &lt;unknown&gt; &lt;unknown&gt; ? this might come as a bit of a letdown . Hammett be a good author and i do look forward to read other of his work IN &lt;unknown&gt; do not take notice of to see if i can feel differently . but , for this one , i really do think the movie be far good . which make me wonder : be the movie a classic because of the book ? or have the book become a classic because of the movie ? </lemmas><pos>EX VBP VBN RB JJ NNS IN NNS VBN IN NNS IN WDT DT NN , NNS , CC NN VBD RB RBR VBN IN DT NN IN IN DT NN SENT RB , '' DT JJ NN '' NNS IN DT NN : IN JJS IN PP SENT RB PP$ JJ NN VBD TO VB DT NN NN WDT VBD VBN IN DT NN : CC DT NN WDT VBZ VBN DT JJ NN NN SENT RB , DT NN IN DT NNS VBN IN DT NN RB VBD RB RB SENT RB NN NN VBD DT RB JJ NN , IN IN DT NN IN VBG RB JJ CC VBG RB WRB PP VBZ DT NN SENT UH , CC PP VBZ JJ SENT DT JJ NNS VBP IN DT JJ NNS , CC JJS IN PP RB JJ SENT NP VBD  NP VBD DT NNS RBR IN DT NN IN IN DT NN , WDT VBD DT RB JJ NN SENT RB , DT NN VBZ RB VBN , IN DT NN VBN SENT NNS VBP IN PP VBZ NN PP VBD RB RB JJ SENT PP VBZ VBP DT NN VBP TO PP , CC IN DT NN IN JJ , RB JJ NN SENT PP VBZ RB VBN CC VBZ DT NN POS NN SENT CC IN PP VBZ RB VB DT JJ NN , NNS VBP PP MD VB PP VBG SENT DT NN VBZ JJ NN IN DT NN RB SENT RB , IN PP VBZ VBN DT NNS NN IN DT NN JJ IN NN CC VB JJ CC JJ NN CC NN NN SENT DT MD VB IN DT NN IN DT NN SENT NP VBZ DT JJ NN CC NP VBP VB RB TO VBG JJ IN PP$ NNS  NN VBD RB VB NN IN TO VB IN NP MD VB RB SENT CC , IN DT CD , NP RB VBP VB DT NN VBZ RB JJR SENT WDT VBZ PP VBP : VBZ DT NN DT NN IN IN DT NN SENT CC VBZ DT NN VB DT NN IN IN DT NN SENT </pos></review>
