<?xml version="1.0" encoding="ISO-8859-1" standalone="no"?>
<!DOCTYPE review SYSTEM "derev.dtd">
<review ID="6647" title="Walden" writer="HenryDavidThoreau" author="DonaldMeekerDonB" date="December 7, 2010" stars="4" suspectbook="0" unknownpurchase="0" nickname="0" cluster="0" allcluesclass="1" threecluesclass="1" sumclues="0" realclass="1" fold="4"><object>Historically important writing</object><body>Great ideas in a mixed format, some great observations presented in poetic verse and some rant with confused presentation.  Overall a great treatise on getting back to the basics and in touch with nature to get in touch with onself.</body><tokens>great ideas in a mixed format , some great observations presented in poetic verse and some rant with confused presentation . overall a great treatise on getting back to the basics and in touch with nature to get in touch with onself .</tokens><lemmas>great idea in a mixed format , some great observation present in poetic verse and some rant with confused presentation . overall a great treatise on get back to the basic and in touch with nature to get in touch with &lt;unknown&gt; . </lemmas><pos>JJ NNS IN DT JJ NN , DT JJ NNS VBN IN JJ NN CC DT NN IN JJ NN SENT RB DT JJ NN IN VBG RB TO DT NNS CC IN NN IN NN TO VB IN NN IN NN SENT </pos></review>
