<?xml version="1.0" encoding="ISO-8859-1" standalone="no"?>
<!DOCTYPE review SYSTEM "derev.dtd">
<review ID="6610" title="Walden" writer="HenryDavidThoreau" author="GeorgeFoxworthgeofox" date="May 31, 2008" stars="4" suspectbook="0" unknownpurchase="0" nickname="0" cluster="0" allcluesclass="1" threecluesclass="1" sumclues="0" realclass="1" fold="0"><object>A classic</object><body>How does one review a classic?  In this day of eco-spirituality, Thoreau is a must-read.  This edition is easy to read, but not the best quality paper. I don't expect it to have a long shelf life. Thoreau is one of the saints of American ecology.  His writing takes one to a different time and place, and yet one in which the rape of the landscape was already taking place.  I suggest following Walden with Annie Dillard's marvelous Pingrim and Tinker's Creek. Emerson's essay on Thoreau is a happy bonus.</body><tokens>how does one review a classic ? in this day of eco-spirituality , thoreau is a must-read . this edition is easy to read , but not the best quality paper . i do n't expect it to have a long shelf life . thoreau is one of the saints of american ecology . his writing takes one to a different time and place , and yet one in which the rape of the landscape was already taking place . i suggest following walden with annie dillard 's marvelous pingrim and tinker 's creek . emerson 's essay on thoreau is a happy bonus .</tokens><lemmas>how do one review a classic ? in this day of &lt;unknown&gt; , Thoreau be a must-read . this edition be easy to read , but not the good quality paper . i do n't expect it to have a long shelf life . Thoreau be one of the saint of American ecology . his writing take one to a different time and place , and yet one in which the rape of the landscape be already take place . i suggest follow &lt;unknown&gt; with Annie Dillard 's marvelous &lt;unknown&gt; and tinker 's creek . Emerson 's essay on &lt;unknown&gt; be a happy bonus . </lemmas><pos>WRB VBZ CD NN DT NN SENT IN DT NN IN NN , NP VBZ DT NN SENT DT NN VBZ JJ TO VB , CC RB DT JJS NN NN SENT NNS VBP RB VB PP TO VB DT JJ NN NN SENT NP VBZ CD IN DT NNS IN JJ NN SENT PP$ NN VBZ PP TO DT JJ NN CC NN , CC RB CD IN WDT DT NN IN DT NN VBD RB VBG NN SENT NNS VBP VBG NN IN NP NP POS JJ NN CC NN POS NN SENT NP POS NN IN NN VBZ DT JJ NN SENT </pos></review>
