<?xml version="1.0" encoding="ISO-8859-1" standalone="no"?>
<!DOCTYPE review SYSTEM "derev.dtd">
<review ID="6702" title="Walden" writer="HenryDavidThoreau" author="CraigCRobertsTrueMusic" date="October 11, 1999" stars="1" suspectbook="0" unknownpurchase="0" nickname="0" cluster="0" allcluesclass="1" threecluesclass="1" sumclues="0" realclass="1" fold="7"><object>A presumptuous decapitation of a classic work.</object><body>I guess I had it coming to me - andquot;readingandquot; Walden by a book-on-tape.  MacLeish's sympathetic reading of this classic was a vast disappointment.  The tape, only one hour in length, filets the work:  casting aside the savory bones and leaving only a slight hint of the  original flavor.  Buy the book!  Skip the tape.</body><tokens>i guess i had it coming to me - andquot ; readingandquot ; walden by a book-on-tape . macleish 's sympathetic reading of this classic was a vast disappointment . the tape , only one hour in length , filets the work : casting aside the savory bones and leaving only a slight hint of the original flavor . buy the book ! skip the tape .</tokens><lemmas>i guess i have it come to me - &lt;unknown&gt; ; &lt;unknown&gt; ; &lt;unknown&gt; by a &lt;unknown&gt; . &lt;unknown&gt; 's sympathetic reading of this classic be a vast disappointment . the tape , only one hour in length , filet the work : cast aside the savory bone and leave only a slight hint of the original flavor . buy the book ! skip the tape . </lemmas><pos>NP NN NP VBD PP VBG TO PP : NN : NN : NN IN DT NN SENT NP POS JJ NN IN DT NN VBD DT JJ NN SENT DT NN , RB CD NN IN NN , NNS DT NN : VBG RP DT JJ NNS CC VBG RB DT JJ NN IN DT JJ NN SENT VB DT NN SENT VB DT NN SENT </pos></review>
