<?xml version="1.0" encoding="ISO-8859-1" standalone="no"?>
<!DOCTYPE review SYSTEM "derev.dtd">
<review ID="6621" title="Walden" writer="HenryDavidThoreau" author="RonSquireSteffeyronsquiresteffey" date="July 14, 2009" stars="5" suspectbook="0" unknownpurchase="0" nickname="0" cluster="0" allcluesclass="1" threecluesclass="1" sumclues="0" realclass="1" fold="1"><object>Walden</object><body>Was researching, indepth, the subject of why Walden was such an important influence on earlier American writing, and bought a few books to add to my personal research.  This one came away as a winner!</body><tokens>was researching , indepth , the subject of why walden was such an important influence on earlier american writing , and bought a few books to add to my personal research . this one came away as a winner !</tokens><lemmas>be research , indepth , the subject of why &lt;unknown&gt; be such an important influence on earlier American writing , and buy a few book to add to my personal research . this one come away as a winner ! </lemmas><pos>VBD VBG , NN , DT NN IN WRB NN VBD PDT DT JJ NN IN RBR JJ NN , CC VBD DT JJ NNS TO VB TO PP$ JJ NN SENT DT CD VBD RB IN DT NN SENT </pos></review>
