<?xml version="1.0" encoding="ISO-8859-1" standalone="no"?>
<!DOCTYPE review SYSTEM "derev.dtd">
<review ID="6639" title="Walden" writer="HenryDavidThoreau" author="LWieczorek" date="May 4, 2009" stars="5" suspectbook="0" unknownpurchase="0" nickname="0" cluster="0" allcluesclass="1" threecluesclass="1" sumclues="0" realclass="1" fold="3"><object>I'm out in the woods, I'm down on my mind.</object><body>if I could give this 10 stars I would. can't even say enough about it, so I will leave it at that. One of the great philosophers.</body><tokens>if i could give this 10 stars i would . ca n't even say enough about it , so i will leave it at that . one of the great philosophers .</tokens><lemmas>if i could give this @card@ star i would . ca n't even say enough about it , so i will leave it at that . one of the great philosopher . </lemmas><pos>IN NP MD VB DT CD NNS NNS MD SENT MD RB RB VBP RB IN PP , RB NP MD VB PP IN DT SENT CD IN DT JJ NNS SENT </pos></review>
