<?xml version="1.0" encoding="ISO-8859-1" standalone="no"?>
<!DOCTYPE review SYSTEM "derev.dtd">
<review ID="6666" title="Walden" writer="HenryDavidThoreau" author="STEVENDEFALCODeFalco" date="April 14, 2011" stars="5" suspectbook="0" unknownpurchase="0" nickname="0" cluster="0" allcluesclass="1" threecluesclass="1" sumclues="0" realclass="1" fold="5"><object>A fine piece of literature.</object><body>A poignant peek into one man's view of what is and should be the true importance of every man's existence. Thoreau in the 1800s already felt, in my opinion, strangled by too much, unnecessary stimuli. Once out in the woods, on his own, with just the basic necessities, he was able to reconnect with his true self. I can only imagine what he would think of today's world. Definitely worth reading.</body><tokens>a poignant peek into one man 's view of what is and should be the true importance of every man 's existence . thoreau in the 1800s already felt , in my opinion , strangled by too much , unnecessary stimuli . once out in the woods , on his own , with just the basic necessities , he was able to reconnect with his true self . i can only imagine what he would think of today 's world . definitely worth reading .</tokens><lemmas>a poignant peek into one man 's view of what be and should be the true importance of every man 's existence . &lt;unknown&gt; in the &lt;unknown&gt; already feel , in my opinion , strangle by too much , unnecessary stimulus . once out in the wood , on his own , with just the basic necessity , he be able to reconnect with his true self . i can only imagine what he would think of today 's world . definitely worth reading . </lemmas><pos>DT JJ NN IN CD NN POS NN IN WP VBZ CC MD VB DT JJ NN IN DT NN POS NN SENT NN IN DT NP RB VBD , IN PP$ NN , VBN IN RB JJ , JJ NNS SENT RB RB IN DT NNS , IN PP$ JJ , IN RB DT JJ NNS , PP VBD JJ TO VB IN PP$ JJ NN SENT NP MD RB VB WP PP MD VB IN NN POS NN SENT RB JJ NN SENT </pos></review>
