<?xml version="1.0" encoding="ISO-8859-1" standalone="no"?>
<!DOCTYPE review SYSTEM "derev.dtd">
<review ID="6714" title="Walden" writer="HenryDavidThoreau" author="AlexiaCHozella" date="January 7, 2008" stars="5" suspectbook="0" unknownpurchase="0" nickname="0" cluster="0" allcluesclass="1" threecluesclass="1" sumclues="0" realclass="1" fold="8"><object>Loved it!</object><body>The service was prompt, the book was brand new, and cheaper than the list price!!!</body><tokens>the service was prompt , the book was brand new , and cheaper than the list price !!!</tokens><lemmas>the service be prompt , the book be brand new , and cheap than the list price &lt;unknown&gt; </lemmas><pos>DT NN VBD JJ , DT NN VBD NN JJ , CC JJR IN DT NN NN NN </pos></review>
