<?xml version="1.0" encoding="ISO-8859-1" standalone="no"?>
<!DOCTYPE review SYSTEM "derev.dtd">
<review ID="6669" title="Walden" writer="HenryDavidThoreau" author="EdHelmick" date="March 3, 2009" stars="5" suspectbook="0" unknownpurchase="0" nickname="0" cluster="0" allcluesclass="1" threecluesclass="1" sumclues="0" realclass="1" fold="6"><object>Walden</object><body>If you really want to understand the times then, I would go with the annotated version.</body><tokens>if you really want to understand the times then , i would go with the annotated version .</tokens><lemmas>if you really want to understand the time then , i would go with the annotate version . </lemmas><pos>IN PP RB VBP TO VB DT NNS RB , NP MD VB IN DT VBN NN SENT </pos></review>
