<?xml version="1.0" encoding="ISO-8859-1" standalone="no"?>
<!DOCTYPE review SYSTEM "derev.dtd">
<review ID="6631" title="Walden" writer="HenryDavidThoreau" author="PatrickJSoutham" date="September 8, 2011" stars="4" suspectbook="0" unknownpurchase="0" nickname="0" cluster="0" allcluesclass="1" threecluesclass="1" sumclues="0" realclass="1" fold="2"><object>a classic text</object><body>This is an enjoyable account of a man who wanted to live a time of solitude, so he built a cabin and lived by himself, thinking and writing down his thoughts.  This is a good account of 19th century life, close to nature.  This is probably one of those books every well-educated American should read. This was my first kindle purchase.  I have been meaning to read &quot;Walden&quot; for years now, and never got around to reading it until I obtained my kindle.  First of all, I love the kindle for the variety of classic literature that is available.  I don't live close to a public library, so having books delivered to my kindle is great!</body><tokens>this is an enjoyable account of a man who wanted to live a time of solitude , so he built a cabin and lived by himself , thinking and writing down his thoughts . this is a good account of 19th century life , close to nature . this is probably one of those books every well-educated american should read . this was my first kindle purchase . i have been meaning to read &quot; walden &quot; for years now , and never got around to reading it until i obtained my kindle . first of all , i love the kindle for the variety of classic literature that is available . i do n't live close to a public library , so having books delivered to my kindle is great !</tokens><lemmas>this be an enjoyable account of a man who want to live a time of solitude , so he build a cabin and live by himself , think and write down his thought . this be a good account of 19th century life , close to nature . this be probably one of those book every well-educated American should read . this be my first kindle purchase . i have be mean to read &quot; &lt;unknown&gt; &quot; for year now , and never get around to read it until i obtain my kindle . first of all , i love the kindle for the variety of classic literature that be available . i do n't live close to a public library , so have book deliver to my kindle be great ! </lemmas><pos>DT VBZ DT JJ NN IN DT NN WP VBD TO VB DT NN IN NN , RB PP VBD DT NN CC VBD IN PP , VBG CC VBG RP PP$ NNS SENT DT VBZ DT JJ NN IN JJ NN NN , JJ TO NN SENT DT VBZ RB CD IN DT NNS DT JJ NN MD VB SENT DT VBD PP$ RB VB NN SENT NNS VBP VBN VBG TO VB `` NN '' IN NNS RB , CC RB VBD RP TO VBG PP IN NP VBD PP$ VB SENT JJ IN DT , NNS VBP DT VBP IN DT NN IN JJ NN WDT VBZ JJ SENT NNS VBP RB VB RB TO DT JJ NN , IN VBG NNS VBN TO PP$ VB VBZ JJ SENT </pos></review>
