<?xml version="1.0" encoding="ISO-8859-1" standalone="no"?>
<!DOCTYPE review SYSTEM "derev.dtd">
<review ID="0004" title="ADangerousFortune" writer="KenFollett" author="cliffordakitonmyers" date="May 20, 2006" stars="3" suspectbook="0" unknownpurchase="1" nickname="0" cluster="0" allcluesclass="1" threecluesclass="1" sumclues="1" realclass="2" fold="4"><object>This is a solid entertaining read</object><body>I have read a few of Folletts books now. Dangerous Fortune is not the worst Follett that I have read, but neither does it come close to supplanting &quot;Pillars in the Earth&quot; from what I would consider the best of his work. The story here is about a banking family, the Pilasters, and a lifetime of events that stem from a drowning when all of the protagonists are children in school. The  reason I am only giving this book three stars is that the entire arc of the story follows a predictable and weary plot line. Follett introduces his evil side of the family lorded over by the contemptable Augusta Pilaster and never gives the reader a single instance in which to understand their motives. Follett builds up Augusta, her son, and others as idiots and shallow and you know that they will bring ruin on the family somewhere down the line. On the other hand, Hugh Pilaster and his side of the family are set up as puritan saints. The whole book is very black and white, good and bad. Other than the lack of other than a superficial development in the clash between sides of the family, Follett does not flesh out his characters very well. If you were to read a Russo book like Nobodies Fool and then were to pick up Dangerous Fortune the characters would relate to each other like the garden of Eden against the Mojave Desert. I have been slaming this book pretty hard. I think that it deserves it too. Follett was sort of phoning this one in. I would not ever recomend it to anyone, though I would with his book 'Pillars...' All of that aside it was not a total disaster and managed to keep me entertained for quite a while. So you wont be unsatisfied with 'Fortune' if you are a Follett fan.</body><tokens>i have read a few of folletts books now . dangerous fortune is not the worst follett that i have read , but neither does it come close to supplanting &quot; pillars in the earth &quot; from what i would consider the best of his work . the story here is about a banking family , the pilasters , and a lifetime of events that stem from a drowning when all of the protagonists are children in school . the reason i am only giving this book three stars is that the entire arc of the story follows a predictable and weary plot line . follett introduces his evil side of the family lorded over by the contemptable augusta pilaster and never gives the reader a single instance in which to understand their motives . follett builds up augusta , her son , and others as idiots and shallow and you know that they will bring ruin on the family somewhere down the line . on the other hand , hugh pilaster and his side of the family are set up as puritan saints . the whole book is very black and white , good and bad . other than the lack of other than a superficial development in the clash between sides of the family , follett does not flesh out his characters very well . if you were to read a russo book like nobodies fool and then were to pick up dangerous fortune the characters would relate to each other like the garden of eden against the mojave desert . i have been slaming this book pretty hard . i think that it deserves it too . follett was sort of phoning this one in . i would not ever recomend it to anyone , though i would with his book &quot; pillars ... &quot; all of that aside it was not a total disaster and managed to keep me entertained for quite a while . so you wont be unsatisfied with &quot; fortune &quot; if you are a follett fan .</tokens><lemmas>i have read a few of &lt;unknown&gt; book now . dangerous fortune be not the bad &lt;unknown&gt; IN i have read , but neither do it come close to supplant &quot; pillar in the earth &quot; from what i would consider the good of his work . the story here be about a banking family , the pilaster , and a lifetime of event that stem from a drown when all of the protagonist be child in school . the reason i be only give this book three star be IN the entire arc of the story follow a predictable and weary plot line . Follett introduce his evil side of the family lord over by the &lt;unknown&gt; &lt;unknown&gt; pilaster and never give the reader a single instance in which to understand their motive . Follett build up &lt;unknown&gt; , her son , and other as idiot and shallow and you know IN they will bring ruin on the family somewhere down the line . on the other hand , &lt;unknown&gt; pilaster and his side of the family be set up as puritan saint . the whole book be very black and white , good and bad . other than the lack of other than a superficial development in the clash between side of the family , Follett do not flesh out his character very well . if you be to read a &lt;unknown&gt; book like nobody fool and then be to pick up dangerous fortune the character would relate to each other like the garden of Eden against the &lt;unknown&gt; desert . i have be &lt;unknown&gt; this book pretty hard . i think IN it deserve it too . Follett be sort of phone this one in . i would not ever &lt;unknown&gt; it to anyone , though i would with his book &quot; pillar ... &quot; all of IN aside it be not a total disaster and manage to keep me entertain for quite a while . so you wont be unsatisfied with &quot; fortune &quot; if you be a &lt;unknown&gt; fan . </lemmas><pos>NNS VBP VBN DT JJ IN NNS NNS RB SENT JJ NN VBZ RB DT JJS NN  NNS VBP VBN , CC RB VBZ PP VB RB TO VBG `` NNS IN DT NN '' IN WP NP MD VB DT JJS IN PP$ NN SENT DT NN RB VBZ RB DT NN NN , DT NNS , CC DT NN IN NNS WDT VBP IN DT VBG WRB DT IN DT NNS VBP NNS IN NN SENT DT NN NNS VBP RB VBG DT NN CD NNS VBZ  DT JJ NN IN DT NN VBZ DT JJ CC JJ NN NN SENT NP VBZ PP$ JJ NN IN DT NN VBD RP IN DT JJ NN NN CC RB VBZ DT NN DT JJ NN IN WDT TO VB PP$ NNS SENT NP VBZ RP NN , PP$ NN , CC NNS IN NNS CC JJ CC PP VBP  PP MD VB NN IN DT NN RB RB DT NN SENT IN DT JJ NN , NN NN CC PP$ NN IN DT NN VBP VBN RP IN JJ NNS SENT DT JJ NN VBZ RB JJ CC JJ , JJ CC JJ SENT JJ IN DT NN IN JJ IN DT JJ NN IN DT NN IN NNS IN DT NN , NP VBZ RB VB RP PP$ NNS RB RB SENT IN PP VBD TO VB DT NN NN IN NNS NN CC RB VBD TO VB RP JJ NN DT NNS MD VB TO DT JJ IN DT NN IN NP IN DT NN NN SENT NNS VBP VBN VBG DT NN RB RB SENT NNS VBP  PP VBZ PP RB SENT NP VBD NN IN VBG DT CD RB SENT NP MD RB RB VB PP TO NN , IN NP MD IN PP$ NN `` VBZ : `` RB IN  RB PP VBD RB DT JJ NN CC VBD TO VB PP VBN IN PDT DT NN SENT IN PP NN VB JJ IN `` NN '' IN PP VBP DT NN NN SENT </pos></review>
