<?xml version="1.0" encoding="ISO-8859-1" standalone="no"?>
<!DOCTYPE review SYSTEM "derev.dtd">
<review ID="0008" title="ADangerousFortune" writer="KenFollett" author="BeverleyStrong" date="December 10, 2002" stars="4" suspectbook="0" unknownpurchase="1" nickname="0" cluster="0" allcluesclass="1" threecluesclass="1" sumclues="1" realclass="2" fold="8"><object>A Great Read</object><body>This was a terrific read and one of those &quot;couldn't put down&quot; books.The Pilasters are a great London banking family whose wealth seems to be limitless.Hugh Pilaster,son of one of the junior branches of the family, witnesses the drowning of one of his schoolmates-an event which leads to the domination of the main Pilaster heir by an unscrupulous school friend, son of an infamous South American dictator.This book is a fascinating glimpse into the life of merchant bankers in Victorian England and that of their wives and families and shows how just one small event of years past can bring down an entire banking dynasty. Another interesting facet of life at that time is the difference between the outward display of decency and morality and the total decadence of life in the brothels and drug dens which were frequented by the so-called gentlemen of that era.</body><tokens>this was a terrific read and one of those &quot; could n't put down &quot; books . the pilasters are a great london banking family whose wealth seems to be limitless . hugh pilaster , son of one of the junior branches of the family , witnesses the drowning of one of his schoolmates-an event which leads to the domination of the main pilaster heir by an unscrupulous school friend , son of an infamous south american dictator . this book is a fascinating glimpse into the life of merchant bankers in victorian england and that of their wives and families and shows how just one small event of years past can bring down an entire banking dynasty . another interesting facet of life at that time is the difference between the outward display of decency and morality and the total decadence of life in the brothels and drug dens which were frequented by the so-called gentlemen of that era .</tokens><lemmas>this be a terrific read and one of those &quot; could n't put down &quot; book . the pilaster be a great &lt;unknown&gt; banking family whose wealth seem to be limitless . &lt;unknown&gt; pilaster , son of one of the junior branch of the family , witness the drown of one of his &lt;unknown&gt; event which lead to the domination of the main pilaster heir by an unscrupulous school friend , son of an infamous south American dictator . this book be a fascinating glimpse into the life of merchant banker in Victorian &lt;unknown&gt; and IN of their wife and family and show how just one small event of year past can bring down an entire banking dynasty . another interesting facet of life at that time be the difference between the outward display of decency and morality and the total decadence of life in the brothel and drug den which be frequent by the so-called gentleman of that era . </lemmas><pos>DT VBD DT JJ NN CC CD IN DT '' MD RB VB RP `` NNS SENT DT NNS VBP DT JJ NN NN NN WP$ NN VBZ TO VB JJ SENT NN NN , NN IN CD IN DT JJ NNS IN DT NN , VBZ DT VBG IN CD IN PP$ NN NN WDT VBZ TO DT NN IN DT JJ NN NN IN DT JJ NN NN , NN IN DT JJ JJ NN NN SENT DT NN VBZ DT JJ NN IN DT NN IN NN NNS IN JJ NN CC  IN PP$ NNS CC NNS CC VBZ WRB RB CD JJ NN IN NNS JJ MD VB RP DT JJ NN NN SENT DT JJ NN IN NN IN DT NN VBZ DT NN IN DT JJ NN IN NN CC NN CC DT JJ NN IN NN IN DT NNS CC NN NNS WDT VBD VBN IN DT JJ NNS IN DT NN SENT </pos></review>
