<?xml version="1.0" encoding="ISO-8859-1" standalone="no"?>
<!DOCTYPE review SYSTEM "derev.dtd">
<review ID="0005" title="ADangerousFortune" writer="KenFollett" author="MatthewSchiariti" date="October 29, 2003" stars="5" suspectbook="0" unknownpurchase="1" nickname="0" cluster="0" allcluesclass="1" threecluesclass="1" sumclues="1" realclass="2" fold="5"><object>Another great read by a master storyteller</object><body>This is the third Follett book I've read in a row.  It all started with Pillars of the Earth, the best book I've ever read.  I read A placed Called Freedom right after that and enjoyed that alot as well. And I just got finished with A Dangerous Fortune.  I can't possibly say enough good things about Ken Follett.  Once again, it's the characters that drive the book.  He takes you on a journey with these characters through many years of their lives and you get to see how they encounter, react and truimph over adversity.  I don't want to give away any spoilers, but this is another 'must read' in my opinion.  His characters are varied and colorful and the relationships, from friendship to love, villainy and hatred are so genuine I couldn't help but wish that these people lived at that point in history.  A wonderful read that I will no doubt enjoy again in the future.</body><tokens>this is the third follett book i 've read in a row . it all started with pillars of the earth , the best book i 've ever read . i read a placed called freedom right after that and enjoyed that alot as well . and i just got finished with a dangerous fortune . i ca n't possibly say enough good things about ken follett . once again , it 's the characters that drive the book . he takes you on a journey with these characters through many years of their lives and you get to see how they encounter , react and truimph over adversity . i do n't want to give away any spoilers , but this is another &quot; must read &quot; in my opinion . his characters are varied and colorful and the relationships , from friendship to love , villainy and hatred are so genuine i could n't help but wish that these people lived at that point in history . a wonderful read that i will no doubt enjoy again in the future .</tokens><lemmas>this be the third &lt;unknown&gt; book i have read in a row . it all start with pillar of the earth , the good book i have ever read . i read a place call freedom right after that and enjoy that &lt;unknown&gt; as well . and i just get finish with a dangerous fortune . i ca n't possibly say enough good thing about ken &lt;unknown&gt; . once again , it be the character that drive the book . he take you on a journey with these character through many year of their life and you get to see how they encounter , react and &lt;unknown&gt; over adversity . i do n't want to give away any spoiler , but this be another &quot; must read &quot; in my opinion . his character be varied and colorful and the relationship , from friendship to love , villainy and hatred be so genuine i could n't help but wish IN these people live at that point in history . a wonderful read IN i will no doubt enjoy again in the future . </lemmas><pos>DT VBZ DT JJ NN NN NNS VBP VBN IN DT NN SENT PP RB VBD IN NNS IN DT NN , DT JJS NN NNS VBP RB VBN SENT NP VBD DT VBN VBN NN NN IN WDT CC VBD DT NN IN RB SENT CC NP RB VBD VBN IN DT JJ NN SENT NP MD RB RB VBP JJ JJ NNS IN NN NN SENT RB RB , PP VBZ DT NNS WDT VBP DT NN SENT PP VBZ PP IN DT NN IN DT NNS IN JJ NNS IN PP$ NNS CC PP VBP TO VB WRB PP VBP , VBP CC NN IN NN SENT NNS VBP RB VB TO VB RP DT NNS , CC DT VBZ DT `` MD VB '' IN PP$ NN SENT PP$ NNS VBP JJ CC JJ CC DT NNS , IN NN TO VB , NN CC NN VBP RB JJ NP MD RB VB CC VBP  DT NNS VBN IN DT NN IN NN SENT DT JJ NN  NP MD RB VB VB RB IN DT NN SENT </pos></review>
