<?xml version="1.0" encoding="ISO-8859-1" standalone="no"?>
<!DOCTYPE review SYSTEM "derev.dtd">
<review ID="0006" title="ADangerousFortune" writer="KenFollett" author="ChadWGreen" date="April 7, 2005" stars="5" suspectbook="0" unknownpurchase="1" nickname="0" cluster="0" allcluesclass="1" threecluesclass="1" sumclues="1" realclass="2" fold="6"><object>Didn't think I'd like this kind of book, but WOW!</object><body>Let me preface my review with the following statement.  This is not normally my kind of book.  Much more at home with a detective murder mystery or enchanting fantasy book, it was by pure luck I decided to read this book. Without a doubt, this is the best book I've read in years.  The author does an excellent job of letting you understand what it was like in the 1800's, without slowing down the plot or tuning into a documentary. The characters were extremely well fleshed out.  The &quot;villians&quot; were indeed bad, but you're left with an understanding and appreciation for them. Unlike some books where you just know everything will end up okay, this book isn't afraid to make good characters face the fire.  I won't give away of the ending except to say it was satisfying and realistic. Overall, I can't recommend this book enough, especially if it's not the normal genre of book you would read.</body><tokens>let me preface my review with the following statement . this is not normally my kind of book . much more at home with a detective murder mystery or enchanting fantasy book , it was by pure luck i decided to read this book . without a doubt , this is the best book i 've read in years . the author does an excellent job of letting you understand what it was like in the 1800 's , without slowing down the plot or tuning into a documentary . the characters were extremely well fleshed out . the &quot; villians &quot; were indeed bad , but you &quot; re left with an understanding and appreciation for them . unlike some books where you just know everything will end up okay , this book is n't afraid to make good characters face the fire . i wo n't give away of the ending except to say it was satisfying and realistic . overall , i ca n't recommend this book enough , especially if it 's not the normal genre of book you would read .</tokens><lemmas>let me preface my review with the follow statement . this be not normally my kind of book . much more at home with a detective murder mystery or enchanting fantasy book , it be by pure luck i decide to read this book . without a doubt , this be the good book i have read in year . the author do an excellent job of let you understand what it be like in the @card@ be , without slow down the plot or tune into a documentary . the character be extremely well flesh out . the &quot; &lt;unknown&gt; &quot; be indeed bad , but you &quot; re leave with an understanding and appreciation for them . unlike some book where you just know everything will end up okay , this book be n't afraid to make good character face the fire . i wo n't give away of the end except to say it be satisfying and realistic . overall , i ca n't recommend this book enough , especially if it be not the normal genre of book you would read . </lemmas><pos>VB PP VB PP$ NN IN DT VBG NN SENT DT VBZ RB RB PP$ NN IN NN SENT RB RBR IN NN IN DT NN NN NN CC JJ NN NN , PP VBD IN JJ NN NP VBD TO VB DT NN SENT IN DT NN , DT VBZ DT JJS NN NNS VBP VBN IN NNS SENT DT NN VBZ DT JJ NN IN VBG PP VBP WP PP VBD JJ IN DT CD VBZ , IN VBG RP DT NN CC VBG IN DT NN SENT DT NNS VBD RB RB VBN RP SENT DT `` NNS '' VBD RB JJ , CC PP `` NN VBN IN DT NN CC NN IN PP SENT IN DT NNS WRB PP RB VBP NN MD VB RB JJ , DT NN VBZ RB JJ TO VB JJ NNS VBP DT NN SENT NP MD RB VB RB IN DT VBG IN TO VB PP VBD JJ CC JJ SENT RB , NP MD RB VB DT NN RB , RB IN PP VBZ RB DT JJ NN IN NN PP MD VB SENT </pos></review>
