<?xml version="1.0" encoding="ISO-8859-1" standalone="no"?>
<!DOCTYPE review SYSTEM "derev.dtd">
<review ID="0003" title="ADangerousFortune" writer="KenFollett" author="JBerry" date="December 21, 1999" stars="4" suspectbook="0" unknownpurchase="1" nickname="0" cluster="0" allcluesclass="1" threecluesclass="1" sumclues="1" realclass="2" fold="3"><object>Murder and money in Victorian England</object><body>Ken Follett writes two kinds of novels: good spy thrillers or good historical novels. This is the latter, a book where the reader is dipped into the subterfuge and manipulation of a major banking company in  Victorian England, owned by the Pilaster family who have been haunted by an  event which happened at a boarding school years ago. The plot has more  twists than a corkscrew as the family's need for money and recognition  plunge them into devious playing of Victorian values, ambitious plans and  even murder. Hugh Pilaster, the hero of the story, has a kind of  Hugh-Grantish confusion about him, even as he fights to keep the love of  his life and his position in society, which is at times both endearing and  annoying, and we find out more about Victorian brothels than we really want  to, but other than that, a brilliant read.</body><tokens>ken follett writes two kinds of novels : good spy thrillers or good historical novels . this is the latter , a book where the reader is dipped into the subterfuge and manipulation of a major banking company in victorian england , owned by the pilaster family who have been haunted by an event which happened at a boarding school years ago . the plot has more twists than a corkscrew as the family 's need for money and recognition plunge them into devious playing of victorian values , ambitious plans and even murder . hugh pilaster , the hero of the story , has a kind of hugh-grantish confusion about him , even as he fights to keep the love of his life and his position in society , which is at times both endearing and annoying , and we find out more about victorian brothels than we really want to , but other than that , a brilliant read .</tokens><lemmas>ken &lt;unknown&gt; write two kind of novel : good spy thriller or good historical novel . this be the latter , a book where the reader be dip into the subterfuge and manipulation of a major banking company in Victorian &lt;unknown&gt; , own by the pilaster family who have be haunt by an event which happen at a board school year ago . the plot have more twist than a corkscrew as the family 's need for money and recognition plunge them into devious playing of Victorian value , ambitious plan and even murder . &lt;unknown&gt; pilaster , the hero of the story , have a kind of &lt;unknown&gt; confusion about him , even as he fight to keep the love of his life and his position in society , which be at time both endear and annoy , and we find out more about Victorian brothel than we really want to , but other than that , a brilliant read . </lemmas><pos>NN NN VBZ CD NNS IN NNS : JJ NN NNS CC JJ JJ NNS SENT DT VBZ DT NN , DT NN WRB DT NN VBZ VBN IN DT NN CC NN IN DT JJ NN NN IN JJ NN , VBN IN DT NN NN WP VBP VBN VBN IN DT NN WDT VBD IN DT VBG NN NNS RB SENT DT NN VBZ JJR NNS IN DT NN IN DT NN POS NN IN NN CC NN VBP PP IN JJ NN IN JJ NNS , JJ NNS CC RB NN SENT NN NN , DT NN IN DT NN , VBZ DT NN IN JJ NN IN PP , RB IN PP VBZ TO VB DT NN IN PP$ NN CC PP$ NN IN NN , WDT VBZ IN NNS CC VBG CC VBG , CC PP VBP RP RBR IN JJ NNS IN PP RB VBP TO , CC JJ IN DT , DT JJ NN SENT </pos></review>
