<?xml version="1.0" encoding="ISO-8859-1" standalone="no"?>
<!DOCTYPE review SYSTEM "derev.dtd">
<review ID="0002" title="ADangerousFortune" writer="KenFollett" author="AntiochAndyantiochandy" date="October 23, 2001" stars="4" suspectbook="0" unknownpurchase="0" nickname="1" cluster="0" allcluesclass="1" threecluesclass="1" sumclues="1" realclass="2" fold="2"><object>Very Entertaining</object><body>In my opinion, Ken Follett is one of the better writers working currently, and A DANGEROUS FORTUNE is one of his best books to date. I liked his EYE OF THE NEEDLE and PILLARS OF THE EARTH very much, too, and while I don't think FORTUNE is quite that good, it is still one of the most entertaining books I've read recently. The story is set in England in the latter half of the 19th century, and revolves around the wealthy Pilaster family. The Pilasters are bankers and control the large and powerful Pilaster Bank. As schoolboys, both Edward Pilaster and his cousin Hugh, son of the family black sheep, are involved in the death by drowning of a fellow student. That event is the beginning of 25 years of intrigue, corruption and murder as the fortunes of the Pilasters and those close to them play out. Follett weaves an intricate and fast-paced, if not always surprising, plot around his characters that carries the reader from the mansions of London's rich and powerful, through seedy bordellos, to vile gambling dens. This is contemporary pulp fiction at its best. The characters have depth and believability and Follett seems to do a good job of evoking the look and feel of the period. The pages roll by quickly and the book is hard to put down. But, if it's so good, why didn't I give it five stars? Generally, I reserve five-star status for books of what I regard to be classic status. Caesar, Tolkien, Sherlock Holmes, Harry Potter (yeah, I do think Harry Potter will be around for a long time). Maybe Harry Bosch, although I may have gotten carried away, there. This is, after all, pulp fiction and it just doesn't have the depth of the above. It is very entertaining, though, and I think most readers will enjoy it very much. Consider it a strong four plus and give it a look.</body><tokens>in my opinion , ken follett is one of the better writers working currently , and a dangerous fortune is one of his best books to date . i liked his eye of the needle and pillars of the earth very much , too , and while i do n't think fortune is quite that good , it is still one of the most entertaining books i 've read recently . the story is set in england in the latter half of the 19th century , and revolves around the wealthy pilaster family . the pilasters are bankers and control the large and powerful pilaster bank . as schoolboys , both edward pilaster and his cousin hugh , son of the family black sheep , are involved in the death by drowning of a fellow student . that event is the beginning of 25 years of intrigue , corruption and murder as the fortunes of the pilasters and those close to them play out . follett weaves an intricate and fast-paced , if not always surprising , plot around his characters that carries the reader from the mansions of london 's rich and powerful , through seedy bordellos , to vile gambling dens . this is contemporary pulp fiction at its best . the characters have depth and believability and follett seems to do a good job of evoking the look and feel of the period . the pages roll by quickly and the book is hard to put down . but , if it 's so good , why did n't i give it five stars ? generally , i reserve five-star status for books of what i regard to be classic status . caesar , tolkien , sherlock holmes , harry potter ( yeah , i do think harry potter will be around for a long time ) . maybe harry bosch , although i may have gotten carried away , there . this is , after all , pulp fiction and it just does n't have the depth of the above . it is very entertaining , though , and i think most readers will enjoy it very much . consider it a strong four plus and give it a look .</tokens><lemmas>in my opinion , ken &lt;unknown&gt; be one of the good writer work currently , and a dangerous fortune be one of his good book to date . i like his eye of the needle and pillar of the earth very much , too , and while i do n't think fortune be quite that good , it be still one of the most entertaining book i have read recently . the story be set in &lt;unknown&gt; in the latter half of the 19th century , and revolve around the wealthy pilaster family . the pilaster be banker and control the large and powerful pilaster bank . as schoolboy , both &lt;unknown&gt; pilaster and his cousin &lt;unknown&gt; , son of the family black sheep , be involve in the death by drown of a fellow student . that event be the beginning of @card@ year of intrigue , corruption and murder as the fortune of the pilaster and those close to them play out . Follett weave an intricate and fast-paced , if not always surprising , plot around his character that carry the reader from the mansion of London 's rich and powerful , through seedy bordello , to vile gambling den . this be contemporary pulp fiction at its good . the character have depth and believability and &lt;unknown&gt; seem to do a good job of evoke the look and feel of the period . the page roll by quickly and the book be hard to put down . but , if it be so good , why do n't i give it five star ? generally , i reserve five-star status for book of what i regard to be classic status . Caesar , &lt;unknown&gt; , Sherlock Holmes , harry potter ( yeah , i do think harry potter will be around for a long time ) . maybe harry &lt;unknown&gt; , although i may have get carry away , there . this be , after all , pulp fiction and it just do n't have the depth of the above . it be very entertaining , though , and i think most reader will enjoy it very much . consider it a strong four plus and give it a look . </lemmas><pos>IN PP$ NN , NN NN VBZ CD IN DT JJR NNS VBG RB , CC DT JJ NN VBZ CD IN PP$ JJS NNS TO NN SENT NP VBD PP$ NN IN DT NN CC NNS IN DT NN RB RB , RB , CC IN NP VBP RB VB NN VBZ RB DT JJ , PP VBZ RB CD IN DT RBS JJ NNS NNS VBP VBN RB SENT DT NN VBZ VBN IN NN IN DT JJ NN IN DT JJ NN , CC VBZ IN DT JJ NN NN SENT DT NNS VBP NNS CC VB DT JJ CC JJ NN NN SENT IN NNS , DT JJ NN CC PP$ NN NN , NN IN DT NN JJ NN , VBP VBN IN DT NN IN VBG IN DT JJ NN SENT DT NN VBZ DT NN IN CD NNS IN NN , NN CC NN IN DT NNS IN DT NNS CC DT NN TO PP VBP RP SENT NP VBZ DT JJ CC JJ , IN RB RB JJ , NN IN PP$ NNS WDT VBZ DT NN IN DT NNS IN NP POS JJ CC JJ , IN JJ NNS , TO JJ NN NNS SENT DT VBZ JJ NN NN IN PP$ JJS SENT DT NNS VBP NN CC NN CC NN VBZ TO VB DT JJ NN IN VBG DT NN CC VB IN DT NN SENT DT NNS VBP IN RB CC DT NN VBZ JJ TO VB RP SENT CC , IN PP VBZ RB JJ , WRB VBD RB NNS VBP PP CD NNS SENT RB , NP NN JJ NN IN NNS IN WP NNS VBP TO VB JJ NN SENT NP , NP , NP NP , VBP NN ( RB , NNS VBP VB VB NN MD VB RB IN DT JJ NN ) SENT RB VB NN , IN NP MD VB VBN VBN RP , RB SENT DT VBZ , IN DT , NN NN CC PP RB VBZ RB VB DT NN IN DT JJ SENT PP VBZ RB JJ , RB , CC NP VBP JJS NNS MD VB PP RB RB SENT VB PP DT JJ CD NN CC VB PP DT NN SENT </pos></review>
