<?xml version="1.0" encoding="ISO-8859-1" standalone="no"?>
<!DOCTYPE review SYSTEM "derev.dtd">
<review ID="0007" title="ADangerousFortune" writer="KenFollett" author="WayneASmith" date="January 16, 1999" stars="5" suspectbook="0" unknownpurchase="1" nickname="0" cluster="0" allcluesclass="1" threecluesclass="1" sumclues="1" realclass="2" fold="7"><object>It'll keep you up late</object><body>One of the most engrossing novels I have read.  The andquot;feelandquot; of the 19th Century, forbidden romance, money and character are weaved together in a book I couldn't wait to get to each night.  Don't start it if  you have to get up early the next morning!</body><tokens>one of the most engrossing novels i have read . the andquot ; feelandquot ; of the 19th century , forbidden romance , money and character are weaved together in a book i could n't wait to get to each night . do n't start it if you have to get up early the next morning !</tokens><lemmas>one of the most engross novel i have read . the &lt;unknown&gt; ; &lt;unknown&gt; ; of the 19th century , forbidden romance , money and character be weave together in a book i could n't wait to get to each night . do n't start it if you have to get up early the next morning ! </lemmas><pos>CD IN DT RBS VBG NNS NNS VBP VBN SENT DT NN : NN : IN DT JJ NN , JJ NN , NN CC NN VBP VBN RB IN DT NN NP MD RB VB TO VB TO DT NN SENT VBP RB VB PP IN PP VBP TO VB RP RB DT JJ NN SENT </pos></review>
