<?xml version="1.0" encoding="ISO-8859-1" standalone="no"?>
<!DOCTYPE review SYSTEM "derev.dtd">
<review ID="0011" title="ADangerousFortune" writer="KenFollett" author="JosueVelazquez" date="February 7, 2005" stars="5" suspectbook="0" unknownpurchase="1" nickname="0" cluster="0" allcluesclass="1" threecluesclass="1" sumclues="1" realclass="2" fold="1"><object>Follett hits the bull's-eye on an age-old issue</object><body>Money has always corrupted those who give mind to it.  It's appalling how paper, nickel, copper and other materials have manipulated actions, decisions and, lamentably, families.  Money is a god. Ken Follett has spun a web of corruption, conspiracy, murder and lies.  A Dangerous Fortune is the tale of the Pilasters - a family so immersed in their fortune that paternal love has no accommodations.  The trust of sons and daughters, husbands and wives, uncles and best friends is betrayed - shoved to second place.  Everything is placed on a thin line for one purpose only: money. The characters are fleshed out to their fullest capacity.  The dialogue is belivable.  When Hugh Pilaster, in his prime as a banker, gathers the immediate family to announce a catastrophical situation, one can't help but feel in the middle of the scene.  The spotlight is shining bright, and it's pointing directly at you. The story leaves your mind searching for answers, answers that not even 500+ pages could answer.  Life is full of questions and A Dangerous Fortune will leave you questioning your impulses and inclinations, your greed and generosity, your loyalty and your love.</body><tokens>money has always corrupted those who give mind to it . it 's appalling how paper , nickel , copper and other materials have manipulated actions , decisions and , lamentably , families . money is a god . ken follett has spun a web of corruption , conspiracy , murder and lies . a dangerous fortune is the tale of the pilasters - a family so immersed in their fortune that paternal love has no accommodations . the trust of sons and daughters , husbands and wives , uncles and best friends is betrayed - shoved to second place . everything is placed on a thin line for one purpose only : money . the characters are fleshed out to their fullest capacity . the dialogue is belivable . when hugh pilaster , in his prime as a banker , gathers the immediate family to announce a catastrophical situation , one ca n't help but feel in the middle of the scene . the spotlight is shining bright , and it 's pointing directly at you . the story leaves your mind searching for answers , answers that not even 500+ pages could answer . life is full of questions and a dangerous fortune will leave you questioning your impulses and inclinations , your greed and generosity , your loyalty and your love .</tokens><lemmas>money have always corrupt those who give mind to it . it be appalling how paper , nickel , copper and other material have manipulate action , decision and , lamentably , family . money be a god . ken &lt;unknown&gt; have spin a web of corruption , conspiracy , murder and lie . a dangerous fortune be the tale of the pilaster - a family so immerse in their fortune IN paternal love have no accommodation . the trust of son and daughter , husband and wife , uncle and good friend be betray - shove to second place . everything be place on a thin line for one purpose only : money . the character be flesh out to their full capacity . the dialogue be &lt;unknown&gt; . when &lt;unknown&gt; pilaster , in his prime as a banker , gather the immediate family to announce a &lt;unknown&gt; situation , one ca n't help but feel in the middle of the scene . the spotlight be shine bright , and it be point directly at you . the story leave your mind search for answer , answer IN not even &lt;unknown&gt; page could answer . life be full of question and a dangerous fortune will leave you question your impulse and inclination , your greed and generosity , your loyalty and your love . </lemmas><pos>NN VBZ RB VBN DT WP VBP NN TO PP SENT PP VBZ JJ WRB NN , NN , NN CC JJ NNS VBP VBN NNS , NNS CC , RB , NNS SENT NN VBZ DT NN SENT NN NN VBZ VBN DT NN IN NN , NN , NN CC VBZ SENT DT JJ NN VBZ DT NN IN DT NNS : DT NN RB VBN IN PP$ NN  JJ NN VBZ DT NNS SENT DT NN IN NNS CC NNS , NNS CC NNS , NNS CC JJS NNS VBZ VBN : VBD TO JJ NN SENT NN VBZ VBN IN DT JJ NN IN CD NN RB : NN SENT DT NNS VBP VBN RP TO PP$ JJS NN SENT DT NN VBZ JJ SENT WRB NN NN , IN PP$ JJ IN DT NN , VBZ DT JJ NN TO VB DT JJ NN , PP MD RB VB CC VB IN DT NN IN DT NN SENT DT NN VBZ VBG JJ , CC PP VBZ VBG RB IN PP SENT DT NN VBZ PP$ NN VBG IN NNS , VBZ  RB RB JJ NNS MD VB SENT NN VBZ JJ IN NNS CC DT JJ NN MD VB PP VBG PP$ NNS CC NNS , PP$ NN CC NN , PP$ NN CC PP$ NN SENT </pos></review>
