<?xml version="1.0" encoding="ISO-8859-1" standalone="no"?>
<!DOCTYPE review SYSTEM "derev.dtd">
<review ID="0012" title="ADangerousFortune" writer="KenFollett" author="PenIDreviewer" date="May 12, 2004" stars="5" suspectbook="0" unknownpurchase="1" nickname="1" cluster="1" allcluesclass="0" threecluesclass="0" sumclues="3" realclass="2" fold="2"><object>Absolutely Incredible</object><body>This was my second book by the author, after andquot;Night Over Water,andquot; and I was not disappointed.  The two books are not similar at all, except in their quality of writing and very engaging plot.  Characters are well developed and a reader can relate.  andquot;A Dangerous Fortuneandquot; has to do with English upper-class society, intrigues, banking system, inheritance issues, love, lust, deception, and more deception.  A fantastic read.  Highly recommend.</body><tokens>this was my second book by the author , after andquot ; night over water , andquot ; and i was not disappointed . the two books are not similar at all , except in their quality of writing and very engaging plot . characters are well developed and a reader can relate . andquot ; a dangerous fortuneandquot ; has to do with english upper-class society , intrigues , banking system , inheritance issues , love , lust , deception , and more deception . a fantastic read . highly recommend .</tokens><lemmas>this be my second book by the author , after &lt;unknown&gt; ; night over water , &lt;unknown&gt; ; and i be not disappoint . the two book be not similar at all , except in their quality of write and very engaging plot . character be well develop and a reader can relate . &lt;unknown&gt; ; a dangerous &lt;unknown&gt; ; have to do with English upper-class society , intrigue , banking system , inheritance issue , love , lust , deception , and more deception . a fantastic read . highly recommend . </lemmas><pos>DT VBD PP$ JJ NN IN DT NN , IN NN : NN IN NN , NN : CC NP VBD RB VBN SENT DT CD NNS VBP RB JJ IN DT , IN IN PP$ NN IN VBG CC RB JJ NN SENT NNS VBP RB VBN CC DT NN MD VB SENT NN : DT JJ NN : VBZ TO VB IN JJ JJ NN , NNS , NN NN , NN NNS , NN , NN , NN , CC JJR NN SENT DT JJ NN SENT RB VB SENT </pos></review>
