<?xml version="1.0" encoding="ISO-8859-1" standalone="no"?>
<!DOCTYPE review SYSTEM "derev.dtd">
<review ID="0017" title="ADangerousFortune" writer="KenFollett" author="STodorovavertigoaddict" date="July 13, 2005" stars="5" suspectbook="0" unknownpurchase="1" nickname="0" cluster="0" allcluesclass="1" threecluesclass="1" sumclues="1" realclass="2" fold="7"><object>It is dangerously interesting!</object><body>I just finished reading Ken Follett's &quot;A Dangerous Fortune&quot; and I wish I was not! The book was so interesting it was hard to put down. The characters were drawn so realistically and the action was so intense that I could not stop turning page after page... The book is extremely entertaining. I liked it even more than &quot;The Pillars of the Earth&quot; which was my favorite book so far. I highly recommend &quot;A Dangerous Fortune&quot; to anyone who is looking for a page turning suspense that makes the reader think of every possible way  the highly intense actions could turn out at the end.</body><tokens>i just finished reading ken follett 's &quot; a dangerous fortune &quot; and i wish i was not ! the book was so interesting it was hard to put down . the characters were drawn so realistically and the action was so intense that i could not stop turning page after page ... the book is extremely entertaining . i liked it even more than &quot; the pillars of the earth &quot; which was my favorite book so far . i highly recommend &quot; a dangerous fortune &quot; to anyone who is looking for a page turning suspense that makes the reader think of every possible way the highly intense actions could turn out at the end .</tokens><lemmas>i just finish read ken &lt;unknown&gt; be &quot; a dangerous fortune &quot; and i wish i be not ! the book be so interesting it be hard to put down . the character be draw so realistically and the action be so intense IN i could not stop turn page after page ... the book be extremely entertaining . i like it even more than &quot; the pillar of the earth &quot; which be my favorite book so far . i highly recommend &quot; a dangerous fortune &quot; to anyone who be look for a page turn suspense that make the reader think of every possible way the highly intense action could turn out at the end . </lemmas><pos>NP RB VBD VBG NN NN VBZ `` DT JJ NN '' CC NP VBP NP VBD RB SENT DT NN VBD RB JJ PP VBD JJ TO VB RP SENT DT NNS VBD VBN RB RB CC DT NN VBD RB JJ  NP MD RB VB VBG NN IN NN : DT NN VBZ RB JJ SENT NP VBD PP RB RBR IN `` DT NNS IN DT NN '' WDT VBD PP$ JJ NN RB RB SENT NP RB VBP `` DT JJ NN '' TO NN WP VBZ VBG IN DT NN VBG NN WDT VBZ DT NN VBP IN DT JJ NN DT RB JJ NNS MD VB RP IN DT NN SENT </pos></review>
