<?xml version="1.0" encoding="ISO-8859-1" standalone="no"?>
<!DOCTYPE review SYSTEM "derev.dtd">
<review ID="0019" title="ADangerousFortune" writer="KenFollett" author="RobertNSchroeter" date="July 12, 2002" stars="5" suspectbook="0" unknownpurchase="1" nickname="0" cluster="0" allcluesclass="1" threecluesclass="1" sumclues="1" realclass="2" fold="9"><object>My Favorite book... for a week.</object><body>I read this book three weeks ago. I have since just finished reading &quot;The pillars of the earth&quot;. I might someday be able to look back on the past few weeks as the best weeks of my life as far as reading goes. The book was by far the best book, and story i had ever read, and i was convinced that it would be the best i would ever read. But then i picked up &quot;The Pillars of the Earth&quot;... I almost wish i read a crappy book after &quot;ADF&quot; because i didn't have enough time to really enjoy the &quot;thought&quot; of the book in my head before &quot;Pillars&quot; came along and stole the show... I truly would compare the experience of reading these books in that order to the following: Watching a U2 Concert, followed the next day by a Frank Sinatra Concert (BOTH LIVE OF COURSE). The story is totaly believable. The time period is interesting, the financial part of the story, (specially relating to the times) takes you for a ride. The people in it, good and bad, are totaly dynamic, and it doesn't matter who it is, theres a character for everybody! Everybody i know has a different &quot;favorite character&quot; from this book.  I'm gonna stop right there, because i can't really describe how good it was.</body><tokens>i read this book three weeks ago . i have since just finished reading &quot; the pillars of the earth &quot; . i might someday be able to look back on the past few weeks as the best weeks of my life as far as reading goes . the book was by far the best book , and story i had ever read , and i was convinced that it would be the best i would ever read . but then i picked up &quot; the pillars of the earth &quot; ... i almost wish i read a crappy book after &quot; adf &quot; because i did n't have enough time to really enjoy the &quot; thought &quot; of the book in my head before &quot; pillars &quot; came along and stole the show ... i truly would compare the experience of reading these books in that order to the following : watching a u2 concert , followed the next day by a frank sinatra concert ( both live of course ) . the story is totaly believable . the time period is interesting , the financial part of the story , ( specially relating to the times ) takes you for a ride . the people in it , good and bad , are totaly dynamic , and it does n't matter who it is , theres a character for everybody ! everybody i know has a different &quot; favorite character &quot; from this book . i 'm gonna stop right there , because i ca n't really describe how good it was .</tokens><lemmas>i read this book three week ago . i have since just finish read &quot; the pillar of the earth &quot; . i might someday be able to look back on the past few week as the good week of my life as far as reading go . the book be by far the good book , and story i have ever read , and i be convince IN it would be the good i would ever read . but then i pick up &quot; the pillar of the earth &quot; ... i almost wish i read a &lt;unknown&gt; book after &quot; &lt;unknown&gt; &quot; because i do n't have enough time to really enjoy the &quot; thought &quot; of the book in my head before &quot; pillar &quot; come along and steal the show ... i truly would compare the experience of read these book in that order to the following : watch a &lt;unknown&gt; concert , follow the next day by a frank &lt;unknown&gt; concert ( both live of course ) . the story be &lt;unknown&gt; believable . the time period be interesting , the financial part of the story , ( specially relate to the time ) take you for a ride . the people in it , good and bad , be &lt;unknown&gt; dynamic , and it do n't matter who it be , &lt;unknown&gt; a character for everybody ! everybody i know have a different &quot; favorite character &quot; from this book . i be gonna stop right there , because i ca n't really describe how good it be . </lemmas><pos>NP VBD DT NN CD NNS RB SENT NNS VBP RB RB VBD VBG `` DT NNS IN DT NN '' SENT NP MD RB VB JJ TO VB RB IN DT JJ JJ NNS IN DT JJS NNS IN PP$ NN RB RB IN NN VBZ SENT DT NN VBD IN RB DT JJS NN , CC NN NNS VBD RB VBN , CC NP VBD VBN  PP MD VB DT JJS NNS MD RB VB SENT CC RB NP VBD RP `` DT NNS IN DT NN '' : NP RB VBP NP VBD DT JJ NN IN `` NN '' IN NP VBD RB VB JJ NN TO RB VB DT `` NN '' IN DT NN IN PP$ NN IN `` NNS `` VBD RP CC VBD DT NN : NP RB MD VB DT NN IN VBG DT NNS IN DT NN TO DT NN : VBG DT JJ NN , VBD DT JJ NN IN DT JJ NN NN ( CC VB IN NN ) SENT DT NN VBZ RB JJ SENT DT NN NN VBZ JJ , DT JJ NN IN DT NN , ( RB VBG TO DT NNS ) VBZ PP IN DT NN SENT DT NNS IN PP , JJ CC JJ , VBP RB JJ , CC PP VBZ RB VB WP PP VBZ , RB DT NN IN NN SENT NN NP VBP VBZ DT JJ `` JJ NN '' IN DT NN SENT NNS VBP VBG VB RB RB , IN NP MD RB RB VB WRB JJ PP VBD SENT </pos></review>
