<?xml version="1.0" encoding="ISO-8859-1" standalone="no"?>
<!DOCTYPE review SYSTEM "derev.dtd">
<review ID="0018" title="ADangerousFortune" writer="KenFollett" author="TAMolinaTAM" date="March 3, 2004" stars="5" suspectbook="0" unknownpurchase="0" nickname="0" cluster="0" allcluesclass="1" threecluesclass="1" sumclues="0" realclass="2" fold="8"><object>Another awesome book!</object><body>By Ken Follett!Somehow this one slipped through the cracks! 1993 was a pretty hectic year for me, hence the delay in reading A.D.F.Anyway, this is one helluva read! The 500+ pages fly by quickly, and the characters are developed really well, I can't emphasize how great the novel is! I just finished reading it last night and I can't get it out of my mind! Pick up a copy and see for yourself!</body><tokens>by ken follett ! somehow this one slipped through the cracks ! 1993 was a pretty hectic year for me , hence the delay in reading a . d . f . anyway , this is one helluva read ! the 500+ pages fly by quickly , and the characters are developed really well , i ca n't emphasize how great the novel is ! i just finished reading it last night and i ca n't get it out of my mind ! pick up a copy and see for yourself !</tokens><lemmas>by ken &lt;unknown&gt; ! somehow this one slip through the crack ! @card@ be a pretty hectic year for me , hence the delay in read a . d . f . anyway , this be one helluva read ! the &lt;unknown&gt; page fly by quickly , and the character be develop really well , i ca n't emphasize how great the novel be ! i just finish read it last night and i ca n't get it out of my mind ! pick up a copy and see for yourself ! </lemmas><pos>IN NN NN SENT RB DT CD VBD IN DT NNS SENT CD VBD DT RB JJ NN IN PP , RB DT NN IN VBG DT SENT LS SENT LS SENT RB , DT VBZ CD JJ NN SENT DT JJ NNS VBP IN RB , CC DT NNS VBP VBN RB RB , NP MD RB VB WRB JJ DT NN VBZ SENT NP RB VBD VBG PP JJ NN CC NP MD RB VB PP RP IN PP$ NN SENT VB RP DT NN CC VB IN PP SENT </pos></review>
