<?xml version="1.0" encoding="ISO-8859-1" standalone="no"?>
<!DOCTYPE review SYSTEM "derev.dtd">
<review ID="0013" title="ADangerousFortune" writer="KenFollett" author="BillGarrison" date="February 18, 2003" stars="4" suspectbook="0" unknownpurchase="1" nickname="1" cluster="0" allcluesclass="1" threecluesclass="0" sumclues="2" realclass="2" fold="3"><object>A captivating, historical novel</object><body>This book captivated me from the beginning and I loved every minute of it.  The only negative I had about this book was the ending.  I guess I expected some sort of surprise but was disappointed when the book ended logically.  But now I realize what Follet did with this novel.  Maybe if he wrote the same story now he would add a twist because those are popular now.  But he didn't and I still loved this book. Dangerous Fortune tells the story of the Pilaster Bank and its fall.  Most of the characters seem to be stereotypes, forced into a role by their position in society.  But I soon realized that was how real life was in 19th century London.  Your roll in life was largely determined by your ancestors, your profession, or your title.   All characters acted like they were expected to, the loyal wives, the respected businessmen, the sons who were the heirs, but Follet shows us how they got around being respectful by gambling, visiting brothels, and lying and stealing.  This book is full of intrigue and lust and greed.  I liked that but I also enjoyed the educational aspect of what life was like for the upper class of England long ago.  I assume Follet knows what he is talking about. I recommend this book!</body><tokens>this book captivated me from the beginning and i loved every minute of it . the only negative i had about this book was the ending . i guess i expected some sort of surprise but was disappointed when the book ended logically . but now i realize what follet did with this novel . maybe if he wrote the same story now he would add a twist because those are popular now . but he did n't and i still loved this book . dangerous fortune tells the story of the pilaster bank and its fall . most of the characters seem to be stereotypes , forced into a role by their position in society . but i soon realized that was how real life was in 19th century london . your roll in life was largely determined by your ancestors , your profession , or your title . all characters acted like they were expected to , the loyal wives , the respected businessmen , the sons who were the heirs , but follet shows us how they got around being respectful by gambling , visiting brothels , and lying and stealing . this book is full of intrigue and lust and greed . i liked that but i also enjoyed the educational aspect of what life was like for the upper class of england long ago . i assume follet knows what he is talking about . i recommend this book !</tokens><lemmas>this book captivate me from the beginning and i love every minute of it . the only negative i have about this book be the ending . i guess i expect some sort of surprise but be disappoint when the book end logically . but now i realize what &lt;unknown&gt; do with this novel . maybe if he write the same story now he would add a twist because those be popular now . but he do n't and i still love this book . dangerous fortune tell the story of the pilaster bank and its fall . most of the character seem to be stereotype , force into a role by their position in society . but i soon realize that be how real life be in 19th century &lt;unknown&gt; . your roll in life be largely determine by your ancestor , your profession , or your title . all character act like they be expect to , the loyal wife , the respected businessman , the son who be the heir , but &lt;unknown&gt; show us how they get around be respectful by gambling , visit brothel , and lie and steal . this book be full of intrigue and lust and greed . i like IN but i also enjoy the educational aspect of what life be like for the upper class of &lt;unknown&gt; long ago . i assume &lt;unknown&gt; know what he be talk about . i recommend this book ! </lemmas><pos>DT NN VBD PP IN DT NN CC NP VBD DT NN IN PP SENT DT RB JJ NP VBD RB DT NN VBD DT NN SENT NP NN NP VBD DT NN IN NN CC VBD VBN WRB DT NN VBD RB SENT CC RB NNS VBP WP NN VBD IN DT NN SENT RB IN PP VBD DT JJ NN RB PP MD VB DT NN IN DT VBP JJ RB SENT CC PP VBD RB CC NP RB VBD DT NN SENT JJ NN VBZ DT NN IN DT NN NN CC PP$ NN SENT JJS IN DT NNS VBP TO VB NNS , VBN IN DT NN IN PP$ NN IN NN SENT CC NP RB VBD DT VBD WRB JJ NN VBD IN JJ NN NN SENT PP$ NN IN NN VBD RB VBN IN PP$ NNS , PP$ NN , CC PP$ NN SENT DT NNS VBD IN PP VBD VBN TO , DT JJ NNS , DT JJ NNS , DT NNS WP VBD DT NNS , CC NN VBZ PP WRB PP VBD RP VBG JJ IN NN , VBG NNS , CC VBG CC VBG SENT DT NN VBZ JJ IN NN CC NN CC NN SENT NP VBD  CC NP RB VBD DT JJ NN IN WP NN VBD JJ IN DT JJ NN IN NN RB RB SENT NNS VBP NN VBZ WP PP VBZ VBG RB SENT NNS VBP DT NN SENT </pos></review>
