<?xml version="1.0" encoding="ISO-8859-1" standalone="no"?>
<!DOCTYPE review SYSTEM "derev.dtd">
<review ID="0015" title="ADangerousFortune" writer="KenFollett" author="anonymous" date="May 11, 2004" stars="4" suspectbook="0" unknownpurchase="1" nickname="1" cluster="1" allcluesclass="0" threecluesclass="0" sumclues="3" realclass="2" fold="5"><object>absorbing read</object><body>I could not put this book down once I started it. The charecterization of the villianous charecters is brilliant, you actuly marvel at thier cunning!! Despite the numerous characters, the writer manages to keep your interest in all of them. A departure from his usual WWII stories, in this case you had no idea what would happen towards the end as there was no actual historical event in the backdrop that we all know the ending to. The only complaint I had was that the ending was rather insipid; almost like the writer was trying to hurry up and finish the book. But I find that the case with several Ken Follet's novels. All the same a good read.</body><tokens>i could not put this book down once i started it . the charecterization of the villianous charecters is brilliant , you actuly marvel at thier cunning !! despite the numerous characters , the writer manages to keep your interest in all of them . a departure from his usual wwii stories , in this case you had no idea what would happen towards the end as there was no actual historical event in the backdrop that we all know the ending to . the only complaint i had was that the ending was rather insipid ; almost like the writer was trying to hurry up and finish the book . but i find that the case with several ken follet 's novels . all the same a good read .</tokens><lemmas>i could not put this book down once i start it . the &lt;unknown&gt; of the &lt;unknown&gt; &lt;unknown&gt; be brilliant , you &lt;unknown&gt; marvel at &lt;unknown&gt; cunning &lt;unknown&gt; despite the numerous character , the writer manage to keep your interest in all of them . a departure from his usual &lt;unknown&gt; storey , in this case you have no idea what would happen towards the end as there be no actual historical event in the backdrop IN we all know the end to . the only complaint i have be IN the end be rather insipid ; almost like the writer be try to hurry up and finish the book . but i find IN the case with several ken &lt;unknown&gt; 's novel . all the same a good read . </lemmas><pos>NP MD RB VB DT NN RB IN NP VBD PP SENT DT NN IN DT JJ NNS VBZ JJ , PP RB VB IN NN JJ NN IN DT JJ NNS , DT NN VBZ TO VB PP$ NN IN DT IN PP SENT DT NN IN PP$ JJ NN NNS , IN DT NN PP VBD DT NN WP MD VB IN DT NN IN EX VBD DT JJ JJ NN IN DT NN  PP RB VBP DT VBG TO SENT DT JJ NN NP VBD VBD  DT VBG VBD RB JJ : RB IN DT NN VBD VBG TO VB RP CC VB DT NN SENT CC NP VBP  DT NN IN JJ NN NN POS NNS SENT PDT DT JJ DT JJ NN SENT </pos></review>
