<?xml version="1.0" encoding="ISO-8859-1" standalone="no"?>
<!DOCTYPE review SYSTEM "derev.dtd">
<review ID="0010" title="ADangerousFortune" writer="KenFollett" author="StampOApprovalStampy" date="November 9, 2010" stars="3" suspectbook="0" unknownpurchase="1" nickname="1" cluster="1" allcluesclass="0" threecluesclass="0" sumclues="3" realclass="2" fold="0"><object>Where are the proofreaders?</object><body>I read this on my Kindle and was dismayed and annoyed with all the typos.  Not only were there misspellings, there were also punctuation errors and there was one place where a whole sentence was dropped.  Obviously, humans are no longer proofreading and computers are not accurate enough for me.  With that said, the novel held my attention, and I liked the historical references.  But the characters were flat, with their characteristics/flaws/background told over and over to the point of ad nauseum.  The general way the book was going to develop was obvious, but how it was going to get there was the journey that kept me turning the pages.</body><tokens>i read this on my kindle and was dismayed and annoyed with all the typos . not only were there misspellings , there were also punctuation errors and there was one place where a whole sentence was dropped . obviously , humans are no longer proofreading and computers are not accurate enough for me . with that said , the novel held my attention , and i liked the historical references . but the characters were flat , with their characteristics / flaws / background told over and over to the point of ad nauseum . the general way the book was going to develop was obvious , but how it was going to get there was the journey that kept me turning the pages .</tokens><lemmas>i read this on my kindle and be dismay and annoy with all the typo . not only be there misspelling , there be also punctuation error and there be one place where a whole sentence be drop . obviously , human be no longer proofread and computer be not accurate enough for me . with that say , the novel hold my attention , and i like the historical reference . but the character be flat , with their characteristic / flaw / background tell over and over to the point of ad &lt;unknown&gt; . the general way the book be go to develop be obvious , but how it be go to get there be the journey that keep me turn the page . </lemmas><pos>NP VBD DT IN PP$ VB CC VBD VBN CC VBN IN PDT DT NNS SENT RB RB VBD RB NNS , EX VBD RB NN NNS CC EX VBD CD NN WRB DT JJ NN VBD VBN SENT RB , NNS VBP RB RBR VBG CC NNS VBP RB JJ RB IN PP SENT IN DT VBD , DT NN VBD PP$ NN , CC NP VBD DT JJ NNS SENT CC DT NNS VBD JJ , IN PP$ NNS SYM NNS SYM NN VBD RP CC RP TO DT NN IN NN NN SENT DT JJ NN DT NN VBD VBG TO VB VBD JJ , CC WRB PP VBD VBG TO VB EX VBD DT NN WDT VBD PP VBG DT NNS SENT </pos></review>
