<?xml version="1.0" encoding="ISO-8859-1" standalone="no"?>
<!DOCTYPE review SYSTEM "derev.dtd">
<review ID="0014" title="ADangerousFortune" writer="KenFollett" author="SharonovLovestoread" date="January 20, 2011" stars="3" suspectbook="0" unknownpurchase="1" nickname="1" cluster="0" allcluesclass="1" threecluesclass="0" sumclues="2" realclass="2" fold="4"><object>Follett has a Formula!</object><body>I've read three of Follett's non-mystery novels, and all have similar formula's.  In each, there is an almost unbelievably selfish, powerful, scheming mother who will stop at nothing to advance herself, her family, and especially her son.  In &quot;Pillars of the Earth&quot; it was Regan.  In &quot;World Without End&quot; it was Petranilla.  In &quot;Dangerous Fortune&quot; it's Augusta.  Each of these three is really the same woman.  Each of the books also has a villain who is so completely evil and does such relentlessly evil deeds that he is almost a joke:  William in Pillars, Ralph in WWE and Mickey in Dangerous Fortune.  And, to make the formula complete, each book has a talented and put-upon hero who is not only kept from his rightful recognition throughout most of the book, he is also kept from his lady-love for not years but decades, and ends up marrying someone else during the agonizing separation (who is disposed of by the author in some fashion as to render the hero blameless). That said, each of books is a damned good read for the simple reason that Follett knows how to tell a story.  He knows how to keep you turning the page to see what happens next.  His characters may be only two dimensional, but they have really fascinating adventures, and it's fun to hate the villain and know that in the end the good guy will triumph.</body><tokens>i 've read three of follett 's non-mystery novels , and all have similar formula 's . in each , there is an almost unbelievably selfish , powerful , scheming mother who will stop at nothing to advance herself , her family , and especially her son . in &quot; pillars of the earth &quot; it was regan . in &quot; world without end &quot; it was petranilla . in &quot; dangerous fortune &quot; it 's augusta . each of these three is really the same woman . each of the books also has a villain who is so completely evil and does such relentlessly evil deeds that he is almost a joke : william in pillars , ralph in wwe and mickey in dangerous fortune . and , to make the formula complete , each book has a talented and put-upon hero who is not only kept from his rightful recognition throughout most of the book , he is also kept from his lady-love for not years but decades , and ends up marrying someone else during the agonizing separation ( who is disposed of by the author in some fashion as to render the hero blameless ) . that said , each of books is a damned good read for the simple reason that follett knows how to tell a story . he knows how to keep you turning the page to see what happens next . his characters may be only two dimensional , but they have really fascinating adventures , and it 's fun to hate the villain and know that in the end the good guy will triumph .</tokens><lemmas>i have read three of Follett 's &lt;unknown&gt; novel , and all have similar formula 's . in each , there be an almost unbelievably selfish , powerful , scheming mother who will stop at nothing to advance herself , her family , and especially her son . in &quot; pillar of the earth &quot; it be &lt;unknown&gt; . in &quot; world without end &quot; it be &lt;unknown&gt; . in &quot; dangerous fortune &quot; it be &lt;unknown&gt; . each of these three be really the same woman . each of the book also have a villain who be so completely evil and do such relentlessly evil deed IN he be almost a joke : William in pillar , &lt;unknown&gt; in &lt;unknown&gt; and mickey in dangerous fortune . and , to make the formula complete , each book have a talented and &lt;unknown&gt; hero who be not only keep from his rightful recognition throughout most of the book , he be also keep from his &lt;unknown&gt; for not year but decade , and end up marry someone else during the agonize separation ( who be dispose of by the author in some fashion as to render the hero blameless ) . IN say , each of book be a damned good read for the simple reason IN Follett know how to tell a story . he know how to keep you turn the page to see what happen next . his character may be only two dimensional , but they have really fascinating adventure , and it be fun to hate the villain and know IN in the end the good guy will triumph . </lemmas><pos>NNS VBP VBN CD IN NP POS JJ NNS , CC RB VB JJ NN POS SENT IN DT , EX VBZ DT RB RB JJ , JJ , JJ NN WP MD VB IN NN TO VB PP , PP$ NN , CC RB PP$ NN SENT IN `` NNS IN DT NN `` PP VBD JJ SENT IN `` NN IN NN `` PP VBD NN SENT IN `` JJ NN `` PP VBZ NN SENT DT IN DT CD VBZ RB DT JJ NN SENT DT IN DT NNS RB VBZ DT NN WP VBZ RB RB JJ CC VBZ JJ RB JJ NNS  PP VBZ RB DT NN : NP IN NNS , NN IN NP CC NN IN JJ NN SENT CC , TO VB DT NN JJ , DT NN VBZ DT JJ CC JJ NN WP VBZ RB RB VBN IN PP$ JJ NN IN JJS IN DT NN , PP VBZ RB VBN IN PP$ NN IN RB NNS CC NNS , CC VBZ IN VBG NN RB IN DT VBG NN ( WP VBZ VBN IN IN DT NN IN DT NN RB TO VB DT NN JJ ) SENT  VBD , DT IN NNS VBZ DT RB JJ NN IN DT JJ NN  NP VBZ WRB TO VB DT NN SENT PP VBZ WRB TO VB PP VBG DT NN TO VB WP VBZ JJ SENT PP$ NNS MD VB RB CD JJ , CC PP VBP RB JJ NNS , CC PP VBZ NN TO VB DT NN CC VBP  IN DT NN DT JJ NN MD VB SENT </pos></review>
