<?xml version="1.0" encoding="ISO-8859-1" standalone="no"?>
<!DOCTYPE review SYSTEM "derev.dtd">
<review ID="0016" title="ADangerousFortune" writer="KenFollett" author="anonymous" date="December 5, 1996" stars="5" suspectbook="0" unknownpurchase="1" nickname="1" cluster="0" allcluesclass="1" threecluesclass="0" sumclues="2" realclass="2" fold="6"><object>The best book that I have ever read. A marvelous story!</object><body>A absolutely fantastic book, the best that Ken Follett has ever written. The story, characters and settings entwined miraculousty to form an excellent book. One of mystery, love, intrigue, murder and trechary</body><tokens>a absolutely fantastic book , the best that ken follett has ever written . the story , characters and settings entwined miraculousty to form an excellent book . one of mystery , love , intrigue , murder and trechary</tokens><lemmas>a absolutely fantastic book , the good IN ken &lt;unknown&gt; have ever write . the story , character and setting entwine &lt;unknown&gt; to form an excellent book . one of mystery , love , intrigue , murder and &lt;unknown&gt; </lemmas><pos>DT RB JJ NN , DT JJS  NN NN VBZ RB VBN SENT DT NN , NNS CC NNS VBD NN TO VB DT JJ NN SENT CD IN NN , NN , NN , NN CC NP </pos></review>
