<?xml version="1.0" encoding="ISO-8859-1" standalone="no"?>
<!DOCTYPE review SYSTEM "derev.dtd">
<review ID="0020" title="ADangerousFortune" writer="KenFollett" author="FredCamfield" date="May 28, 1999" stars="5" suspectbook="0" unknownpurchase="1" nickname="0" cluster="0" allcluesclass="1" threecluesclass="1" sumclues="1" realclass="2" fold="0"><object>Another good novel by Ken Follett</object><body>Like Ken Follett's other novels, he has researched a particular part of society at a particular point in history.  This novel is set primarily in the British banking industry in the late 19th century. It is a well  developed story about greed and the struggle for social position without  regard to the cost.  One woman's lust for power and position gradually  destroys her family.  The story has a good sized share of hedonism, social  decay of the upper class, anti-semitism when it suits someones purpose, and  all the features of back-stabbing social climbing.</body><tokens>like ken follett 's other novels , he has researched a particular part of society at a particular point in history . this novel is set primarily in the british banking industry in the late 19th century . it is a well developed story about greed and the struggle for social position without regard to the cost . one woman 's lust for power and position gradually destroys her family . the story has a good sized share of hedonism , social decay of the upper class , anti-semitism when it suits someones purpose , and all the features of back-stabbing social climbing .</tokens><lemmas>like ken &lt;unknown&gt; 's other novel , he have research a particular part of society at a particular point in history . this novel be set primarily in the British banking industry in the late 19th century . it be a well develop story about greed and the struggle for social position without regard to the cost . one woman 's lust for power and position gradually destroy her family . the story have a good sized share of hedonism , social decay of the upper class , anti-semitism when it suit &lt;unknown&gt; purpose , and all the feature of &lt;unknown&gt; social climbing . </lemmas><pos>IN NN NN POS JJ NNS , PP VBZ VBN DT JJ NN IN NN IN DT JJ NN IN NN SENT DT NN VBZ VBN RB IN DT JJ NN NN IN DT JJ JJ NN SENT PP VBZ DT RB VBN NN IN NN CC DT NN IN JJ NN IN NN TO DT NN SENT CD NN POS NN IN NN CC NN RB VBZ PP$ NN SENT DT NN VBZ DT JJ JJ NN IN NN , JJ NN IN DT JJ NN , NN WRB PP VBZ NNS NN , CC PDT DT NNS IN VBG JJ NN SENT </pos></review>
