<?xml version="1.0" encoding="ISO-8859-1" standalone="no"?>
<!DOCTYPE review SYSTEM "derev.dtd">
<review ID="0028" title="ADangerousFortune" writer="KenFollett" author="anonymous" date="November 1, 1999" stars="4" suspectbook="0" unknownpurchase="1" nickname="1" cluster="0" allcluesclass="1" threecluesclass="0" sumclues="2" realclass="2" fold="7"><object>Good entertainment</object><body>This is the kind of book that we all know and love.  A book that you can sit down too and have it pertain to nothing that goes on in your real life.  It's characters are personable.  You will root for the hero, and truly  despise his opponents.  I definatly suggest sitting down in an easy chair  with this book for an afternoon or two.</body><tokens>this is the kind of book that we all know and love . a book that you can sit down too and have it pertain to nothing that goes on in your real life . it 's characters are personable . you will root for the hero , and truly despise his opponents . i definatly suggest sitting down in an easy chair with this book for an afternoon or two .</tokens><lemmas>this be the kind of book IN we all know and love . a book IN you can sit down too and have it pertain to nothing that go on in your real life . it be character be personable . you will root for the hero , and truly despise his opponent . i &lt;unknown&gt; suggest sit down in an easy chair with this book for an afternoon or two . </lemmas><pos>DT VBZ DT NN IN NN  PP RB VBP CC VBP SENT DT NN  PP MD VB RB RB CC VB PP VB TO NN WDT VBZ IN IN PP$ JJ NN SENT PP VBZ NNS VBP JJ SENT PP MD VB IN DT NN , CC RB VB PP$ NNS SENT NP RB VBP VBG RP IN DT JJ NN IN DT NN IN DT NN CC CD SENT </pos></review>
