<?xml version="1.0" encoding="ISO-8859-1" standalone="no"?>
<!DOCTYPE review SYSTEM "derev.dtd">
<review ID="0022" title="ADangerousFortune" writer="KenFollett" author="NickiHeskinEditorEarlyChildhoodandBre" date="July 31, 2008" stars="4" suspectbook="0" unknownpurchase="1" nickname="1" cluster="0" allcluesclass="1" threecluesclass="0" sumclues="2" realclass="2" fold="2"><object>Surprisingly Good</object><body>I wasn't really expecting much of this book, but was pleasantly surprised.  I have read two other Follett books, The Pillars of the Earth and Night Over Water.  Pillars is great, aside from the dismal sex scenes, and Night Over Water is completely forgettable. This one is a nice page-turner.  On top of the surprisingly interesting setting of 19th Century merchant banking, the characters are pretty well-developed.  It takes a little while to get immersed, but once you are in there, it's easy to follow and enjoyable.  I found myself really rooting for the protagonists, and without being a spoiler, it's nice that while everything doesn't turn out just peachy, basically everyone gets &quot;what they deserve.&quot;  There are some surprising twists -- some a little melodramatic, but not too over the top. Overall, I'd recommend this.  Not good for reading at night in bed.... I stayed up WAY to late to finish it!</body><tokens>i was n't really expecting much of this book , but was pleasantly surprised . i have read two other follett books , the pillars of the earth and night over water . pillars is great , aside from the dismal sex scenes , and night over water is completely forgettable . this one is a nice page-turner . on top of the surprisingly interesting setting of 19th century merchant banking , the characters are pretty well-developed . it takes a little while to get immersed , but once you are in there , it 's easy to follow and enjoyable . i found myself really rooting for the protagonists , and without being a spoiler , it 's nice that while everything does n't turn out just peachy , basically everyone gets &quot; what they deserve . &quot; there are some surprising twists -- some a little melodramatic , but not too over the top . overall , i &quot; d recommend this . not good for reading at night in bed .... i stayed up way to late to finish it !</tokens><lemmas>i be n't really expect much of this book , but be pleasantly surprise . i have read two other &lt;unknown&gt; book , the pillar of the earth and night over water . pillar be great , aside from the dismal sex scene , and night over water be completely forgettable . this one be a nice &lt;unknown&gt; . on top of the surprisingly interesting setting of 19th century merchant banking , the character be pretty well-develop . it take a little while to get immerse , but once you be in there , it be easy to follow and enjoyable . i find myself really root for the protagonist , and without be a spoiler , it be nice IN while everything do n't turn out just peachy , basically everyone get &quot; what they deserve . &quot; there be some surprising twist -- some a little melodramatic , but not too over the top . overall , i &quot; d recommend this . not good for read at night in bed ... i stay up way to late to finish it ! </lemmas><pos>NP VBD RB RB VBG RB IN DT NN , CC VBD RB VBN SENT NNS VBP VBN CD JJ NN NNS , DT NNS IN DT NN CC NN IN NN SENT NNS VBZ JJ , RB IN DT JJ NN NNS , CC NN IN NN VBZ RB JJ SENT DT CD VBZ DT JJ NN SENT IN NN IN DT RB JJ NN IN JJ NN NN NN , DT NNS VBP RB VBN SENT PP VBZ DT JJ NN TO VB VBN , CC RB PP VBP IN RB , PP VBZ JJ TO VB CC JJ SENT NP VBD PP RB VBG IN DT NNS , CC IN VBG DT NN , PP VBZ JJ  IN NN VBZ RB VB RP RB JJ , RB NN VBZ `` WP PP VBP SENT `` EX VBP DT JJ NNS : RB DT RB JJ , CC RB RB IN DT NN SENT RB , FW '' SYM VB DT SENT RB JJ IN VBG IN NN IN NN : NP VBD RP NN TO JJ TO VB PP SENT </pos></review>
