<?xml version="1.0" encoding="ISO-8859-1" standalone="no"?>
<!DOCTYPE review SYSTEM "derev.dtd">
<review ID="0021" title="ADangerousFortune" writer="KenFollett" author="EstuardoAlpirez" date="August 14, 2012" stars="2" suspectbook="0" unknownpurchase="0" nickname="0" cluster="1" allcluesclass="1" threecluesclass="1" sumclues="1" realclass="2" fold="1"><object>This is your book .. If you like soup opera</object><body>This is my seccond Ken Follet book, the firstone was &quot;World whithout end&quot;.  I have found the two books very similar, almost identical, what it changes is the era.  But the evil characters are very very evils and the good ones are almost saints.  So in both books the bad guys take  it all from the good ones, but at the end, the good ones win and the bad ones get punished.  But if you like a good soup opera, this could be your book, the plots are typically of this kind of TV shows.</body><tokens>this is my seccond ken follet book , the firstone was &quot; world whithout end &quot; . i have found the two books very similar , almost identical , what it changes is the era . but the evil characters are very very evils and the good ones are almost saints . so in both books the bad guys take it all from the good ones , but at the end , the good ones win and the bad ones get punished . but if you like a good soup opera , this could be your book , the plots are typically of this kind of tv shows .</tokens><lemmas>this be my &lt;unknown&gt; ken &lt;unknown&gt; book , the &lt;unknown&gt; be &quot; world &lt;unknown&gt; end &quot; . i have find the two book very similar , almost identical , what it change be the era . but the evil character be very very evil and the good one be almost saint . so in both book the bad guy take it all from the good one , but at the end , the good one win and the bad one get punish . but if you like a good soup opera , this could be your book , the plot be typically of this kind of tv show . </lemmas><pos>DT VBZ PP$ JJ NN NN NN , DT NN VBD `` NN NN NN '' SENT NNS VBP VBN DT CD NNS RB JJ , RB JJ , WP PP VBZ VBZ DT NN SENT CC DT JJ NNS VBP RB JJ NNS CC DT JJ NNS VBP RB NNS SENT RB IN DT NNS DT JJ NNS VBP PP DT IN DT JJ NNS , CC IN DT NN , DT JJ NNS VBP CC DT JJ NNS VBP VBN SENT CC IN PP VBP DT JJ NN NN , DT MD VB PP$ NN , DT NNS VBP RB IN DT NN IN NN NNS SENT </pos></review>
