<?xml version="1.0" encoding="ISO-8859-1" standalone="no"?>
<!DOCTYPE review SYSTEM "derev.dtd">
<review ID="0026" title="ADangerousFortune" writer="KenFollett" author="LesleyWest" date="January 8, 2001" stars="5" suspectbook="0" unknownpurchase="1" nickname="0" cluster="0" allcluesclass="1" threecluesclass="1" sumclues="1" realclass="2" fold="6"><object>One of Follett's best</object><body>This is an intriguing book, in an historical setting which is richly detailed and explained.  It starts with a murder, which remians unsolved for many years, and goes on to follow the lives of the characters on that fateful day. And it is the characters which carry the story, though of course we all want to know who did it, and we do find out by the end.  But the story along the way is gripping and entertaining, with some real baddies, and a satisfying ending.</body><tokens>this is an intriguing book , in an historical setting which is richly detailed and explained . it starts with a murder , which remians unsolved for many years , and goes on to follow the lives of the characters on that fateful day . and it is the characters which carry the story , though of course we all want to know who did it , and we do find out by the end . but the story along the way is gripping and entertaining , with some real baddies , and a satisfying ending .</tokens><lemmas>this be an intriguing book , in an historical setting which be richly detail and explain . it start with a murder , which &lt;unknown&gt; unsolved for many year , and go on to follow the life of the character on that fateful day . and it be the character which carry the story , though of course we all want to know who do it , and we do find out by the end . but the story along the way be gripping and entertaining , with some real baddie , and a satisfying ending . </lemmas><pos>DT VBZ DT JJ NN , IN DT JJ NN WDT VBZ RB VBN CC VBN SENT PP VBZ IN DT NN , WDT VBZ JJ IN JJ NNS , CC VBZ RP TO VB DT NNS IN DT NNS IN DT JJ NN SENT CC PP VBZ DT NNS WDT VBP DT NN , RB IN NN PP RB VBP TO VB WP VBD PP , CC PP VBP VB RP IN DT NN SENT CC DT NN IN DT NN VBZ JJ CC JJ , IN DT JJ NNS , CC DT JJ NN SENT </pos></review>
