<?xml version="1.0" encoding="ISO-8859-1" standalone="no"?>
<!DOCTYPE review SYSTEM "derev.dtd">
<review ID="0023" title="ADangerousFortune" writer="KenFollett" author="BenjaminDeveyAuthorscreenwritersongwri" date="August 15, 2007" stars="5" suspectbook="0" unknownpurchase="1" nickname="0" cluster="0" allcluesclass="1" threecluesclass="1" sumclues="1" realclass="2" fold="3"><object>What Follett Does Well</object><body>An incident buried in the past underlies the dynamics of a family's banking fortunes. One of my all-time favorite books was Follett's Pillars of the Earth, and what he did in Pillars, he also did with A Dangerous Fortune: define an era of history through the personal struggles of believable characters. Follett introduces a cast of privileged family, outcasts, renegades and mavericks whose lives intertwine with 19th Century England's financial futures. Honor, loves, shame, and villainy make page-turning intrigue to the very end.</body><tokens>an incident buried in the past underlies the dynamics of a family 's banking fortunes . one of my all-time favorite books was follett 's pillars of the earth , and what he did in pillars , he also did with a dangerous fortune : define an era of history through the personal struggles of believable characters . follett introduces a cast of privileged family , outcasts , renegades and mavericks whose lives intertwine with 19th century england 's financial futures . honor , loves , shame , and villainy make page-turning intrigue to the very end .</tokens><lemmas>an incident bury in the past underlie the dynamics of a family 's banking fortune . one of my all-time favorite book be Follett 's pillar of the earth , and what he do in pillar , he also do with a dangerous fortune : define an era of history through the personal struggle of believable character . Follett introduce a cast of privileged family , outcast , renegade and maverick whose life intertwine with 19th century &lt;unknown&gt; 's financial future . honor , love , shame , and villainy make &lt;unknown&gt; intrigue to the very end . </lemmas><pos>DT NN VBN IN DT NN VBZ DT NNS IN DT NN POS NN NNS SENT CD IN PP$ JJ JJ NNS VBD NP POS NNS IN DT NN , CC WP PP VBD IN NNS , PP RB VBD IN DT JJ NN : VB DT NN IN NN IN DT JJ NNS IN JJ NNS SENT NP VBZ DT NN IN JJ NN , NNS , NNS CC NNS WP$ NNS VBP IN JJ NN NN POS JJ NNS SENT NN , VBZ , NN , CC NN VBP JJ NN TO DT JJ NN SENT </pos></review>
