<?xml version="1.0" encoding="ISO-8859-1" standalone="no"?>
<!DOCTYPE review SYSTEM "derev.dtd">
<review ID="0030" title="ADangerousFortune" writer="KenFollett" author="SidneyJTownsleynovice" date="September 8, 2012" stars="2" suspectbook="0" unknownpurchase="0" nickname="0" cluster="1" allcluesclass="1" threecluesclass="1" sumclues="1" realclass="2" fold="9"><object>Not Very Dangerous</object><body>This book did not meet my expectations, after the Pillars of the Earth and its following.  These characters are all so shallow and the story predictable.  I'm surprised I read it to the end.  It was an early book, so I guess he saved the best to come.</body><tokens>this book did not meet my expectations , after the pillars of the earth and its following . these characters are all so shallow and the story predictable . i 'm surprised i read it to the end . it was an early book , so i guess he saved the best to come .</tokens><lemmas>this book do not meet my expectation , after the pillar of the earth and its following . these character be all so shallow and the story predictable . i be surprise i read it to the end . it be an early book , so i guess he save the good to come . </lemmas><pos>DT NN VBD RB VB PP$ NNS , IN DT NNS IN DT NN CC PP$ NN SENT DT NNS VBP RB RB JJ CC DT NN JJ SENT NNS VBP VBN NP VBD PP TO DT NN SENT PP VBD DT JJ NN , IN NP VBP PP VBD DT JJS TO VB SENT </pos></review>
