<?xml version="1.0" encoding="ISO-8859-1" standalone="no"?>
<!DOCTYPE review SYSTEM "derev.dtd">
<review ID="0025" title="ADangerousFortune" writer="KenFollett" author="PeterJQuinonespeterq" date="January 16, 2003" stars="4" suspectbook="0" unknownpurchase="1" nickname="0" cluster="0" allcluesclass="1" threecluesclass="1" sumclues="1" realclass="2" fold="5"><object>Surprising, Compelling Time Travel.</object><body>I've always liked Ken Follett's stuff, but this book surprised the heck out of me.  First, I didn't expect the saga of Victorian intrigue, and I didn't expect a book about bankers to be so human and compelling.  Each character is expertly brought to life. Even the most hateful characters remain human and at times sympathetic.  The era is very effectively brought to life without using the easy short cut of known history.</body><tokens>i 've always liked ken follett 's stuff , but this book surprised the heck out of me . first , i did n't expect the saga of victorian intrigue , and i did n't expect a book about bankers to be so human and compelling . each character is expertly brought to life . even the most hateful characters remain human and at times sympathetic . the era is very effectively brought to life without using the easy short cut of known history .</tokens><lemmas>i have always like ken &lt;unknown&gt; 's stuff , but this book surprise the heck out of me . first , i do n't expect the saga of Victorian intrigue , and i do n't expect a book about banker to be so human and compelling . each character be expertly bring to life . even the most hateful character remain human and at time sympathetic . the era be very effectively bring to life without use the easy short cut of know history . </lemmas><pos>NNS VBP RB VBN NN NN POS NN , CC DT NN VBD DT NN RP IN PP SENT RB , NP VBD RB VB DT NN IN JJ NN , CC NP VBD RB VB DT NN IN NNS TO VB RB JJ CC JJ SENT DT NN VBZ RB VBN TO NN SENT RB DT RBS JJ NNS VBP JJ CC IN NNS JJ SENT DT NN VBZ RB RB VBN TO NN IN VBG DT JJ JJ NN IN VBN NN SENT </pos></review>
