<?xml version="1.0" encoding="ISO-8859-1" standalone="no"?>
<!DOCTYPE review SYSTEM "derev.dtd">
<review ID="0024" title="ADangerousFortune" writer="KenFollett" author="RobertAndrews" date="February 12, 2007" stars="5" suspectbook="0" unknownpurchase="1" nickname="0" cluster="0" allcluesclass="1" threecluesclass="1" sumclues="1" realclass="2" fold="4"><object>I keep coming back to this one</object><body>I keep coming back to this book because of the connection between homophobia and crime which Follett develops in the relationships among Micky Mirnada, Augusta Pilaster (the family matriarch) and Edward Pilaster. I have always felt that Follett presents realistic characters, and this book is no exception. Follett is also a master at portraying the era whenever he writes historical fiction, and Dangerous Fortune does not disappoint in this regard. Dangerous Fortune is also a work I would call Economic Fiction and Follett does an excellent job of portraying the finacial and banking industries of Victorian England.</body><tokens>i keep coming back to this book because of the connection between homophobia and crime which follett develops in the relationships among micky mirnada , augusta pilaster ( the family matriarch ) and edward pilaster . i have always felt that follett presents realistic characters , and this book is no exception . follett is also a master at portraying the era whenever he writes historical fiction , and dangerous fortune does not disappoint in this regard . dangerous fortune is also a work i would call economic fiction and follett does an excellent job of portraying the finacial and banking industries of victorian england .</tokens><lemmas>i keep come back to this book because of the connection between homophobia and crime which Follett develop in the relationship among micky &lt;unknown&gt; , &lt;unknown&gt; pilaster ( the family matriarch ) and &lt;unknown&gt; pilaster . i have always feel IN Follett present realistic character , and this book be no exception . Follett be also a master at portray the era whenever he write historical fiction , and dangerous fortune do not disappoint in this regard . dangerous fortune be also a work i would call economic fiction and &lt;unknown&gt; do an excellent job of portray the &lt;unknown&gt; and banking industry of Victorian &lt;unknown&gt; . </lemmas><pos>NNS VBP VBG RB TO DT NN IN IN DT NN IN NN CC NN WDT NP VBZ IN DT NNS IN NN NN , NN NN ( DT NN NN ) CC JJ NN SENT NNS VBP RB VBN  NP VBZ JJ NNS , CC DT NN VBZ DT NN SENT NP VBZ RB DT NN IN VBG DT NN WRB PP VBZ JJ NN , CC JJ NN VBZ RB VB IN DT NN SENT JJ NN VBZ RB DT NN NP MD VB JJ NN CC NN VBZ DT JJ NN IN VBG DT NN CC NN NNS IN JJ NN SENT </pos></review>
