<?xml version="1.0" encoding="ISO-8859-1" standalone="no"?>
<!DOCTYPE review SYSTEM "derev.dtd">
<review ID="0036" title="ADangerousFortune" writer="KenFollett" author="jerseymcajerseymca" date="October 2, 2001" stars="5" suspectbook="0" unknownpurchase="1" nickname="1" cluster="0" allcluesclass="1" threecluesclass="0" sumclues="2" realclass="2" fold="5"><object>Suprisingly good</object><body>I had heard that Ken Follet wrote good spy novels, so I picked up this book. It's not a spy novel - it involves intrigue among a wealthy banker family in late 19th century London - but it's suprisingly good. I was expecting a piece of trashy pulp fiction, and instead got a book that was compelling to read. Sure, there's lots of intrigues among the rich and not so rich, within a family and not, but Follet brings more to it. The characters have depth, and the characters develop over time. I found myself thinking about the story and the characters after I read it, and I wish there was more to read. On top of that, it is solid, good pulp fiction, so it's a fun, easy read.</body><tokens>i had heard that ken follet wrote good spy novels , so i picked up this book . it 's not a spy novel - it involves intrigue among a wealthy banker family in late 19th century london - but it 's suprisingly good . i was expecting a piece of trashy pulp fiction , and instead got a book that was compelling to read . sure , there 's lots of intrigues among the rich and not so rich , within a family and not , but follet brings more to it . the characters have depth , and the characters develop over time . i found myself thinking about the story and the characters after i read it , and i wish there was more to read . on top of that , it is solid , good pulp fiction , so it 's a fun , easy read .</tokens><lemmas>i have hear IN ken &lt;unknown&gt; write good spy novel , so i pick up this book . it be not a spy novel - it involve intrigue among a wealthy banker family in late 19th century &lt;unknown&gt; - but it be suprisingly good . i be expect a piece of trashy pulp fiction , and instead get a book that be compelling to read . sure , there be lot of intrigue among the rich and not so rich , within a family and not , but &lt;unknown&gt; bring more to it . the character have depth , and the character develop over time . i find myself think about the story and the character after i read it , and i wish there be more to read . on top of that , it be solid , good pulp fiction , so it be a fun , easy read . </lemmas><pos>NP VBD VBN  NN NN VBD JJ NN NNS , IN NP VBD RP DT NN SENT PP VBZ RB DT NN NN : PP VBZ NN IN DT JJ NN NN IN JJ JJ NN NN : CC PP VBZ RB JJ SENT NP VBD VBG DT NN IN JJ NN NN , CC RB VBD DT NN WDT VBD JJ TO VB SENT RB , EX VBZ NNS IN NNS IN DT JJ CC RB RB JJ , IN DT NN CC RB , CC NN VBZ RBR TO PP SENT DT NNS VBP NN , CC DT NNS VBP IN NN SENT NP VBD PP VBG IN DT NN CC DT NNS IN NP VBD PP , CC NP VBP EX VBD JJR TO VB SENT IN NN IN DT , PP VBZ JJ , JJ NN NN , RB PP VBZ DT NN , JJ NN SENT </pos></review>
