<?xml version="1.0" encoding="ISO-8859-1" standalone="no"?>
<!DOCTYPE review SYSTEM "derev.dtd">
<review ID="0031" title="ADangerousFortune" writer="KenFollett" author="Bob" date="October 23, 2010" stars="5" suspectbook="0" unknownpurchase="0" nickname="1" cluster="1" allcluesclass="1" threecluesclass="0" sumclues="2" realclass="2" fold="0"><object>A Dangerous Fortune</object><body>Great read, could not put it down, started a little slow but really picked up.</body><tokens>great read , could not put it down , started a little slow but really picked up .</tokens><lemmas>great read , could not put it down , start a little slow but really pick up . </lemmas><pos>JJ NN , MD RB VB PP RP , VBD DT JJ JJ CC RB VBD RP SENT </pos></review>
