<?xml version="1.0" encoding="ISO-8859-1" standalone="no"?>
<!DOCTYPE review SYSTEM "derev.dtd">
<review ID="0039" title="ADangerousFortune" writer="KenFollett" author="anonymous" date="September 7, 1998" stars="5" suspectbook="0" unknownpurchase="1" nickname="1" cluster="0" allcluesclass="1" threecluesclass="0" sumclues="2" realclass="2" fold="8"><object>You can't stop the pages from turning . simply UNPUTDOWNABLE</object><body>This is Ken Follett's best book  by far. The pace is breathlessly  fast.  The characters are so  live you can almost hear them  speak.  I never read  a book  twice however, I would reread  this one any time.  Ken Follett  knows how to write a water-tight  plot.</body><tokens>this is ken follett 's best book by far . the pace is breathlessly fast . the characters are so live you can almost hear them speak . i never read a book twice however , i would reread this one any time . ken follett knows how to write a water-tight plot .</tokens><lemmas>this be ken Follett 's good book by far . the pace be breathlessly fast . the character be so live you can almost hear them speak . i never read a book twice however , i would reread this one any time . ken &lt;unknown&gt; know how to write a &lt;unknown&gt; plot . </lemmas><pos>DT VBZ VB NP POS JJS NN IN RB SENT DT NN VBZ RB RB SENT DT NNS VBP RB JJ PP MD RB VB PP VB SENT NP RB VBD DT NN RB RB , NP MD VB DT CD DT NN SENT NN NN VBZ WRB TO VB DT JJ NN SENT </pos></review>
