<?xml version="1.0" encoding="ISO-8859-1" standalone="no"?>
<!DOCTYPE review SYSTEM "derev.dtd">
<review ID="0038" title="ADangerousFortune" writer="KenFollett" author="ChristopherBJonnes" date="November 6, 2000" stars="4" suspectbook="0" unknownpurchase="1" nickname="0" cluster="0" allcluesclass="1" threecluesclass="1" sumclues="1" realclass="2" fold="7"><object>A Safe Bet.</object><body>This is not Ken Follett's best work, but that still makes it twice as good as most fiction. Follett introduces us to the world of English finance in the late 1800s. The rich period detail and somewhat dry subject matter tend to make this a plodding tale a times, but well worth the effort. The story opens with the mysterious drowning death of a student at a boy's school. Was it murder? This questions hangs for decades as Follett wends his way through the Victorian upper crust and its seedy underbelly, and ultimately--as you know it must--the answer has tremendous and exciting implications for the dueling families we've come to know. Follett's ability to present a large cast of fully-fleshed and complex characters, who follow motivations that take hundreds of pages to define, is unparalleled. Never in his books do you have to say to yourself, andquot;Oh yeah, right.andquot; The scope of the novel is impressive. I call it sophisticated fiction. --Christopher Bonn Jonnes, author of Wake Up Dead.</body><tokens>this is not ken follett 's best work , but that still makes it twice as good as most fiction . follett introduces us to the world of english finance in the late 1800s . the rich period detail and somewhat dry subject matter tend to make this a plodding tale a times , but well worth the effort . the story opens with the mysterious drowning death of a student at a boy 's school . was it murder ? this questions hangs for decades as follett wends his way through the victorian upper crust and its seedy underbelly , and ultimately--as you know it must--the answer has tremendous and exciting implications for the dueling families we 've come to know . follett 's ability to present a large cast of fully-fleshed and complex characters , who follow motivations that take hundreds of pages to define , is unparalleled . never in his books do you have to say to yourself , andquot ; oh yeah , right . andquot ; the scope of the novel is impressive . i call it sophisticated fiction . --christopher bonn jonnes , author of wake up dead .</tokens><lemmas>this be not ken &lt;unknown&gt; 's good work , but that still make it twice as good as most fiction . Follett introduce us to the world of English finance in the late &lt;unknown&gt; . the rich period detail and somewhat dry subject matter tend to make this a plod tale a time , but well worth the effort . the story open with the mysterious drown death of a student at a boy 's school . be it murder ? this question hang for decade as Follett wend his way through the Victorian upper crust and its seedy underbelly , and &lt;unknown&gt; you know it &lt;unknown&gt; answer have tremendous and exciting implication for the duel family we have come to know . Follett 's ability to present a large cast of &lt;unknown&gt; and complex character , who follow motivation that take hundred of page to define , be unparalleled . never in his book do you have to say to yourself , &lt;unknown&gt; ; oh yeah , right . &lt;unknown&gt; ; the scope of the novel be impressive . i call it sophisticated fiction . &lt;unknown&gt; Bonn &lt;unknown&gt; , author of wake up dead . </lemmas><pos>DT VBZ RB NN NN POS JJS NN , CC WDT RB VBZ PP RB RB JJ IN JJS NN SENT NP VBZ PP TO DT NN IN JJ NN IN DT JJ NN SENT DT JJ NN NN CC RB JJ JJ NN VBP TO VB DT DT VBG NN DT NNS , CC RB JJ DT NN SENT DT NN VBZ IN DT JJ VBG NN IN DT NN IN DT NN POS NN SENT VBD PP NN SENT DT NNS VBZ IN NNS IN NP VBZ PP$ NN IN DT JJ JJ NN CC PP$ JJ NN , CC NNS PP VBP PP JJ NN VBZ JJ CC JJ NNS IN DT VBG NNS PP VBP VBN TO VB SENT NP POS NN TO VB DT JJ NN IN JJ CC JJ NNS , WP VBP NNS WDT VBP NNS IN NNS TO VB , VBZ JJ SENT RB IN PP$ NNS VBP PP VBP TO VB TO PP , NN : UH RB , RB SENT NN : DT NN IN DT NN VBZ JJ SENT NNS VBP PP JJ NN SENT NP NP NP , NN IN NN RB JJ SENT </pos></review>
