<?xml version="1.0" encoding="ISO-8859-1" standalone="no"?>
<!DOCTYPE review SYSTEM "derev.dtd">
<review ID="0032" title="ADangerousFortune" writer="KenFollett" author="DarkAudiomatt" date="May 19, 2009" stars="5" suspectbook="0" unknownpurchase="1" nickname="1" cluster="0" allcluesclass="1" threecluesclass="0" sumclues="2" realclass="2" fold="1"><object>Ken Follett is incredible..</object><body>This is the second Ken Follett book that I have read (the other being Lie Down With Lions).  And let me say, I'm impressed!  I thought this book would be boring for the first 100-200 pages, since the setting is 19th century England, (historical fiction I believe would be the genre?) but I was pleasantly surprised to find that this was an amazing story and has shot Ken Follett up into my top 10 authors. The dynamics of the Pilaster family-- the vicious cunning of Augusta and Micky, the ignorance and vulnerability of Edward, and the heroic stamina and perseverance of Hugh despite so many obstacles-- make this novel fantastic.  You will like it more and more as you progress, and towards the last 200 pages you absolutely cannot put it down.  This is one of the best novels I've read in the past 2 years and it makes me want to read many more by Ken Follett.  A 5-star read for anyone who enjoys fiction of any kind.  You will not regret it.</body><tokens>this is the second ken follett book that i have read ( the other being lie down with lions ) . and let me say , i 'm impressed ! i thought this book would be boring for the first 100-200 pages , since the setting is 19th century england , ( historical fiction i believe would be the genre ? ) but i was pleasantly surprised to find that this was an amazing story and has shot ken follett up into my top 10 authors . the dynamics of the pilaster family-- the vicious cunning of augusta and micky , the ignorance and vulnerability of edward , and the heroic stamina and perseverance of hugh despite so many obstacles-- make this novel fantastic . you will like it more and more as you progress , and towards the last 200 pages you absolutely cannot put it down . this is one of the best novels i 've read in the past 2 years and it makes me want to read many more by ken follett . a 5-star read for anyone who enjoys fiction of any kind . you will not regret it .</tokens><lemmas>this be the second ken &lt;unknown&gt; book IN i have read ( the other be lie down with lion ) . and let me say , i be impress ! i think this book would be boring for the first @card@ page , since the setting be 19th century &lt;unknown&gt; , ( historical fiction i believe would be the genre ? ) but i be pleasantly surprise to find IN this be an amazing story and have shoot ken &lt;unknown&gt; up into my top @card@ author . the dynamics of the pilaster &lt;unknown&gt; the vicious cunning of &lt;unknown&gt; and micky , the ignorance and vulnerability of &lt;unknown&gt; , and the heroic stamina and perseverance of &lt;unknown&gt; despite so many &lt;unknown&gt; make this novel fantastic . you will like it more and more as you progress , and towards the last @card@ page you absolutely can put it down . this be one of the good novel i have read in the past 2 year and it make me want to read many more by ken &lt;unknown&gt; . a &lt;unknown&gt; read for anyone who enjoy fiction of any kind . you will not regret it . </lemmas><pos>DT VBZ DT JJ NN NN NN  NNS VBP VBN ( DT JJ VBG VB RP IN NNS ) SENT CC VB PP VBP , NNS VBP VBN SENT NP VBD DT NN MD VB JJ IN DT JJ CD NNS , IN DT NN VBZ JJ NN NN , ( JJ NN NNS VBP MD VB DT NN SENT ) CC NP VBD RB VBN TO VB  DT VBD DT JJ NN CC VBZ VBN NN NN RB IN PP$ JJ CD NNS SENT DT NNS IN DT NN NN DT JJ NN IN NN CC NN , DT NN CC NN IN NN , CC DT JJ NN CC NN IN NN IN RB JJ NN VB DT NN NN SENT PP MD VB PP JJR CC JJR IN PP VBP , CC IN DT JJ CD NNS PP RB MD VB PP RP SENT DT VBZ CD IN DT JJS NNS NNS VBP VBN IN DT JJ CD NNS CC PP VBZ PP VBP TO VB JJ JJR IN NN NN SENT DT JJ NN IN NN WP VBZ NN IN DT NN SENT PP MD RB VB PP SENT </pos></review>
