<?xml version="1.0" encoding="ISO-8859-1" standalone="no"?>
<!DOCTYPE review SYSTEM "derev.dtd">
<review ID="0035" title="ADangerousFortune" writer="KenFollett" author="MichaelANewman" date="May 22, 2002" stars="5" suspectbook="0" unknownpurchase="1" nickname="1" cluster="0" allcluesclass="1" threecluesclass="0" sumclues="2" realclass="2" fold="4"><object>Follett at His Best!</object><body>The action never stops in this book.  Anyone who loved Robert Grave's andquot;I Claudiusandquot; will love this book.  Both tales involve a mother (Livy in I Claudius) hungry for power for their sons.  They stop at nothing to ruin those that stand in their way.  In both novels we have the person who played by the rules to only get knocked down to the depths but ultimately triumph in the end. This book gives a great feel for London in the late 1800's.  Follett's descriptions are so detailed that we can virtually smell the London fog.  The character development is also amazing.  A great read overall!</body><tokens>the action never stops in this book . anyone who loved robert grave 's andquot ; i claudiusandquot ; will love this book . both tales involve a mother ( livy in i claudius ) hungry for power for their sons . they stop at nothing to ruin those that stand in their way . in both novels we have the person who played by the rules to only get knocked down to the depths but ultimately triumph in the end . this book gives a great feel for london in the late 1800 's . follett 's descriptions are so detailed that we can virtually smell the london fog . the character development is also amazing . a great read overall !</tokens><lemmas>the action never stop in this book . anyone who love &lt;unknown&gt; grave 's &lt;unknown&gt; ; i &lt;unknown&gt; ; will love this book . both tale involve a mother ( &lt;unknown&gt; in i &lt;unknown&gt; ) hungry for power for their son . they stop at nothing to ruin those that stand in their way . in both novel we have the person who play by the rule to only get knock down to the depth but ultimately triumph in the end . this book give a great feel for &lt;unknown&gt; in the late @card@ 's . Follett 's description be so detailed IN we can virtually smell the &lt;unknown&gt; fog . the character development be also amazing . a great read overall ! </lemmas><pos>DT NN RB VBZ IN DT NN SENT NN WP VBD NN NN POS NN : NP NN : MD VB DT NN SENT DT NNS VBP DT NN ( NN IN NP NN ) JJ IN NN IN PP$ NNS SENT PP VBP IN NN TO VB DT WDT VBP IN PP$ NN SENT IN DT NNS PP VBP DT NN WP VBD IN DT NNS TO RB VB VBN RP TO DT NNS CC RB NN IN DT NN SENT DT NN VBZ DT JJ NN IN NN IN DT JJ CD POS SENT NP POS NNS VBP RB JJ  PP MD RB VB DT NN NN SENT DT NN NN VBZ RB JJ SENT DT JJ NN NN SENT </pos></review>
