<?xml version="1.0" encoding="ISO-8859-1" standalone="no"?>
<!DOCTYPE review SYSTEM "derev.dtd">
<review ID="0037" title="ADangerousFortune" writer="KenFollett" author="Sandy" date="March 9, 2001" stars="5" suspectbook="0" unknownpurchase="1" nickname="1" cluster="0" allcluesclass="1" threecluesclass="0" sumclues="2" realclass="2" fold="6"><object>Great Fun</object><body>Even for Ken Follett fans, A Dangerous Fortune is a treat.  Combining the best of his historical epics and adventure thrillers, it holds one's interests throughout.  This book and its characters is one that stays with you long after the last page is read.  I have already and continue to recommend this book for those who enjoy an intellectual thriller.</body><tokens>even for ken follett fans , a dangerous fortune is a treat . combining the best of his historical epics and adventure thrillers , it holds one 's interests throughout . this book and its characters is one that stays with you long after the last page is read . i have already and continue to recommend this book for those who enjoy an intellectual thriller .</tokens><lemmas>even for ken &lt;unknown&gt; fan , a dangerous fortune be a treat . combine the good of his historical epic and adventure thriller , it hold one 's interest throughout . this book and its character be one IN stays with you long after the last page be read . i have already and continue to recommend this book for those who enjoy an intellectual thriller . </lemmas><pos>RB IN NN NN NNS , DT JJ NN VBZ DT NN SENT VBG DT JJS IN PP$ JJ NNS CC NN NNS , PP VBZ CD POS NNS IN SENT DT NN CC PP$ NNS VBZ CD  NNS IN PP RB IN DT JJ NN VBZ VBN SENT NNS VBP RB CC VB TO VB DT NN IN DT WP VBP DT JJ NN SENT </pos></review>
