<?xml version="1.0" encoding="ISO-8859-1" standalone="no"?>
<!DOCTYPE review SYSTEM "derev.dtd">
<review ID="0033" title="ADangerousFortune" writer="KenFollett" author="KarinaMathewsKARINADOESNTUSUALLYREAD" date="August 19, 2008" stars="5" suspectbook="0" unknownpurchase="1" nickname="0" cluster="0" allcluesclass="1" threecluesclass="1" sumclues="1" realclass="2" fold="2"><object>KEN FOLLET DOES IT AGAIN</object><body>I STARTED WITH PILLARS, THEN WORLD WITHOUT END AND THIS WAS MY THIRD KEN FOLLETT BOOK AND I MUST SAY, I WAS THRILLED AGAIN!!! I LOVE HOW INVOLVED I BECOME IN HIS CHARACTERS LIVES, AND WITHOUT FAIL SEX EVERYWHERE!</body><tokens>i started with pillars , then world without end and this was my third ken follett book and i must say , i was thrilled again !!! i love how involved i become in his characters lives , and without fail sex everywhere !</tokens><lemmas>i start with pillar , then world without end and this be my third ken &lt;unknown&gt; book and i must say , i be thrill again &lt;unknown&gt; i love how involved i become in his character life , and without fail sex everywhere ! </lemmas><pos>NP VBD IN NNS , RB NN IN NN CC DT VBD PP$ JJ NN NN NN CC NP MD VB , NP VBD VBN RB JJ NNS VBP WRB JJ NNS VBN IN PP$ NNS NNS , CC IN NN NN RB SENT </pos></review>
