<?xml version="1.0" encoding="ISO-8859-1" standalone="no"?>
<!DOCTYPE review SYSTEM "derev.dtd">
<review ID="0040" title="ADangerousFortune" writer="KenFollett" author="anonymous" date="August 23, 1998" stars="5" suspectbook="0" unknownpurchase="1" nickname="1" cluster="0" allcluesclass="1" threecluesclass="0" sumclues="2" realclass="2" fold="9"><object>This is absolutely one of the best books I have ever read.</object><body>Follett's characters come to life in this exceptional book. I read this  book in 3 days, this is quite out of the ordinary, I am a VERY slow reader.  I just couldn't put it down! I recommend this to anyone, especially avid  Follett fans. I have also read andquot;THe Man from St. Petersburgandquot;,  andquot;The Eye of the Needleandquot;, andquot;Night Over Waterandquot;, and  andquot;The Modigliani Scandalandquot;. I can safely say that this is the best  of previously mentioned books, all excellant.</body><tokens>follett 's characters come to life in this exceptional book . i read this book in 3 days , this is quite out of the ordinary , i am a very slow reader . i just could n't put it down ! i recommend this to anyone , especially avid follett fans . i have also read andquot ; the man from st . petersburgandquot ; , andquot ; the eye of the needleandquot ; , andquot ; night over waterandquot ; , and andquot ; the modigliani scandalandquot ; . i can safely say that this is the best of previously mentioned books , all excellant .</tokens><lemmas>Follett 's character come to life in this exceptional book . i read this book in 3 day , this be quite out of the ordinary , i be a very slow reader . i just could n't put it down ! i recommend this to anyone , especially avid &lt;unknown&gt; fan . i have also read &lt;unknown&gt; ; the man from &lt;unknown&gt; . &lt;unknown&gt; ; , &lt;unknown&gt; ; the eye of the &lt;unknown&gt; ; , &lt;unknown&gt; ; night over &lt;unknown&gt; ; , and &lt;unknown&gt; ; the &lt;unknown&gt; &lt;unknown&gt; ; . i can safely say IN this be the good of previously mention book , all &lt;unknown&gt; . </lemmas><pos>NP POS NNS VBP TO NN IN DT JJ NN SENT NP VBD DT NN IN CD NNS , DT VBZ RB RB IN DT JJ , NNS VBP DT RB JJ NN SENT NP RB MD RB VB PP RP SENT NNS VBP DT TO NN , RB JJ NN NNS SENT NNS VBP RB VBN NN : DT NN IN NNS SENT NN : , NN : DT NN IN DT NN : , NN : NN IN NN : , CC NN : DT NN NN : SENT NP MD RB VB  DT VBZ DT JJS IN RB VBN NNS , DT NN SENT </pos></review>
