<?xml version="1.0" encoding="ISO-8859-1" standalone="no"?>
<!DOCTYPE review SYSTEM "derev.dtd">
<review ID="0034" title="ADangerousFortune" writer="KenFollett" author="DrakeDrake" date="August 23, 2002" stars="5" suspectbook="0" unknownpurchase="1" nickname="1" cluster="0" allcluesclass="1" threecluesclass="0" sumclues="2" realclass="2" fold="3"><object>One of Follett's best.</object><body>I just love the historical fiction of Ken Follett. And I would really like for him to write more based in this period. I've only read two books from Ken (triple, dangerous fortune) and he has quickly become one of most favorite authors.</body><tokens>i just love the historical fiction of ken follett . and i would really like for him to write more based in this period . i 've only read two books from ken ( triple , dangerous fortune ) and he has quickly become one of most favorite authors .</tokens><lemmas>i just love the historical fiction of ken &lt;unknown&gt; . and i would really like for him to write more base in this period . i have only read two book from ken ( triple , dangerous fortune ) and he have quickly become one of most favorite author . </lemmas><pos>NP RB VBP DT JJ NN IN NN NN SENT CC NP MD RB VB IN PP TO VB RBR VBN IN DT NN SENT NNS VBP RB VBN CD NNS IN NN ( JJ , JJ NN ) CC PP VBZ RB VBN PP IN JJS JJ NNS SENT </pos></review>
