<?xml version="1.0" encoding="ISO-8859-1" standalone="no"?>
<!DOCTYPE review SYSTEM "derev.dtd">
<review ID="0049" title="ADangerousFortune" writer="KenFollett" author="hctrah" date="January 10, 2011" stars="5" suspectbook="0" unknownpurchase="0" nickname="1" cluster="1" allcluesclass="1" threecluesclass="0" sumclues="2" realclass="2" fold="8"><object>Entertaining..Could not put it down!</object><body>I love Ken Follett so it would be hard for me to say anything negative about a book he writes. I found this book especially entertaining. The characters were alive on the page.  It has intrique, mystery, drama and romance and if I must say so a somewhat hollywood ending.  I had just finished the Fall of Giants (the first installment of his new Century novel) and was deperate for that story to continue so I found Dangerous Fortunes. I was more than surprised that it filled the void.  This is a good book and I love it for it's storytelling.  Enjoy with a hot cup of tea and roaring fire.  I did.</body><tokens>i love ken follett so it would be hard for me to say anything negative about a book he writes . i found this book especially entertaining . the characters were alive on the page . it has intrique , mystery , drama and romance and if i must say so a somewhat hollywood ending . i had just finished the fall of giants ( the first installment of his new century novel ) and was deperate for that story to continue so i found dangerous fortunes . i was more than surprised that it filled the void . this is a good book and i love it for it 's storytelling . enjoy with a hot cup of tea and roaring fire . i did .</tokens><lemmas>i love ken &lt;unknown&gt; so it would be hard for me to say anything negative about a book he write . i find this book especially entertaining . the character be alive on the page . it have &lt;unknown&gt; , mystery , drama and romance and if i must say so a somewhat &lt;unknown&gt; ending . i have just finish the fall of giant ( the first installment of his new century novel ) and be &lt;unknown&gt; for that story to continue so i find dangerous fortune . i be more than surprise IN it fill the void . this be a good book and i love it for it be storytelling . enjoy with a hot cup of tea and roaring fire . i do . </lemmas><pos>NP NN NN NN IN PP MD VB JJ IN PP TO VB NN JJ IN DT NN PP VBZ SENT NP VBD DT NN RB JJ SENT DT NNS VBD JJ IN DT NN SENT PP VBZ NN , NN , NN CC NN CC IN NP MD VB RB DT RB JJ NN SENT NP VBD RB VBN DT NN IN NNS ( DT JJ NN IN PP$ JJ NN NN ) CC VBD VBN IN DT NN TO VB IN NP VBD JJ NNS SENT NP VBD RBR IN VBD  PP VBD DT NN SENT DT VBZ DT JJ NN CC NP VBP PP IN PP VBZ JJ SENT VB IN DT JJ NN IN NN CC NN NN SENT NP VBD SENT </pos></review>
