<?xml version="1.0" encoding="ISO-8859-1" standalone="no"?>
<!DOCTYPE review SYSTEM "derev.dtd">
<review ID="0044" title="ADangerousFortune" writer="KenFollett" author="CaptainKarl" date="May 19, 2012" stars="5" suspectbook="0" unknownpurchase="0" nickname="1" cluster="1" allcluesclass="1" threecluesclass="0" sumclues="2" realclass="2" fold="3"><object>A Dangerous Fortune</object><body>Typical Ken Follet- great story and excellent writing!  Follett's writing skills really take you back to the time period of the story.</body><tokens>typical ken follet- great story and excellent writing ! follett 's writing skills really take you back to the time period of the story .</tokens><lemmas>typical ken &lt;unknown&gt; great story and excellent writing ! Follett 's write skill really take you back to the time period of the story . </lemmas><pos>JJ NN NN JJ NN CC JJ NN SENT NP POS VBG NNS RB VBP PP RB TO DT NN NN IN DT NN SENT </pos></review>
