<?xml version="1.0" encoding="ISO-8859-1" standalone="no"?>
<!DOCTYPE review SYSTEM "derev.dtd">
<review ID="0047" title="ADangerousFortune" writer="KenFollett" author="waterwoman" date="May 3, 2011" stars="3" suspectbook="0" unknownpurchase="0" nickname="1" cluster="0" allcluesclass="1" threecluesclass="1" sumclues="1" realclass="2" fold="6"><object>Entertaining and fast-paced</object><body>This was an entertaining read.  It moved quickly, the characters were likable (when they were supposed to be) and it was basically a good story.  Not extremely memorable although not bad...right smack dab in the middle.  To me it was not worthy of a full-price buy but I'd loan it to folks or recommend purchasing at a second-hand shop.</body><tokens>this was an entertaining read . it moved quickly , the characters were likable ( when they were supposed to be ) and it was basically a good story . not extremely memorable although not bad ... right smack dab in the middle . to me it was not worthy of a full-price buy but i &quot; d loan it to folks or recommend purchasing at a second-hand shop .</tokens><lemmas>this be an entertaining read . it move quickly , the character be likable ( when they be suppose to be ) and it be basically a good story . not extremely memorable although not bad ... right smack dab in the middle . to me it be not worthy of a &lt;unknown&gt; buy but i &quot; d loan it to folk or recommend purchasing at a second-hand shop . </lemmas><pos>DT VBD DT JJ NN SENT PP VBD RB , DT NNS VBD JJ ( WRB PP VBD VBN TO VB ) CC PP VBD RB DT JJ NN SENT RB RB JJ IN RB JJ : RB RB VB IN DT NN SENT TO PP PP VBD RB JJ IN DT NN NN CC FW '' SYM VB PP TO NNS CC VB NN IN DT JJ NN SENT </pos></review>
