<?xml version="1.0" encoding="ISO-8859-1" standalone="no"?>
<!DOCTYPE review SYSTEM "derev.dtd">
<review ID="0045" title="ADangerousFortune" writer="KenFollett" author="CaroleL" date="May 13, 2012" stars="5" suspectbook="0" unknownpurchase="0" nickname="1" cluster="0" allcluesclass="1" threecluesclass="1" sumclues="1" realclass="2" fold="4"><object>A Dangerous Fortunei</object><body>I love all of Ken Follett 's books. They are always great with a lot os historical facts and a wonderful theme. His characters are always so real.</body><tokens>i love all of ken follett 's books . they are always great with a lot os historical facts and a wonderful theme . his characters are always so real .</tokens><lemmas>i love all of ken &lt;unknown&gt; 's book . they be always great with a lot os historical fact and a wonderful theme . his character be always so real . </lemmas><pos>NNS VBP RB IN NN NN POS NNS SENT PP VBP RB JJ IN DT NN NN JJ NNS CC DT JJ NN SENT PP$ NNS VBP RB RB JJ SENT </pos></review>
