<?xml version="1.0" encoding="ISO-8859-1" standalone="no"?>
<!DOCTYPE review SYSTEM "derev.dtd">
<review ID="0046" title="ADangerousFortune" writer="KenFollett" author="TominatorTominator" date="April 17, 2012" stars="3" suspectbook="0" unknownpurchase="0" nickname="1" cluster="1" allcluesclass="1" threecluesclass="0" sumclues="2" realclass="2" fold="5"><object>Is all of the sex really that important to the story?</object><body>I like Ken Follett however the sex was most graphic and unnecessary to the carry the story along. I also remember reading this book or one very simular where the brother of the drowning victim actually went to Australia to talk to the man there and then came back with the story of the Cordova character as the killer. There were just too many same occurances for it not to be the same book with 2 different directions taken.</body><tokens>i like ken follett however the sex was most graphic and unnecessary to the carry the story along . i also remember reading this book or one very simular where the brother of the drowning victim actually went to australia to talk to the man there and then came back with the story of the cordova character as the killer . there were just too many same occurances for it not to be the same book with 2 different directions taken .</tokens><lemmas>i like ken &lt;unknown&gt; however the sex be most graphic and unnecessary to the carry the story along . i also remember read this book or one very simular where the brother of the drown victim actually go to &lt;unknown&gt; to talk to the man there and then come back with the story of the &lt;unknown&gt; character as the killer . there be just too many same &lt;unknown&gt; for it not to be the same book with 2 different direction take . </lemmas><pos>NP IN NN NN RB DT NN VBD RBS JJ CC JJ TO DT VBP DT NN RB SENT NP RB VBP VBG DT NN CC CD RB JJ WRB DT NN IN DT VBG NN RB VBD TO NNS TO VB TO DT NN RB CC RB VBD RB IN DT NN IN DT NN NN IN DT NN SENT EX VBD RB RB JJ JJ NNS IN PP RB TO VB DT JJ NN IN CD JJ NNS VBN SENT </pos></review>
