<?xml version="1.0" encoding="ISO-8859-1" standalone="no"?>
<!DOCTYPE review SYSTEM "derev.dtd">
<review ID="0042" title="ADangerousFortune" writer="KenFollett" author="Sue" date="June 1, 2012" stars="4" suspectbook="0" unknownpurchase="0" nickname="1" cluster="0" allcluesclass="1" threecluesclass="1" sumclues="1" realclass="2" fold="1"><object>Another great Ken Follet book</object><body>After having read several of Ken Follet's previous works like Eye of the Needle, Triple, Pillars of the Earth, Lie Down with Lions (didn't really like this one), I bought A Dangerous Fortune after probably a decade since I last read his books. This one, though different in its style, follows the same theme across most of his books - unnecessary erotica, complex plot, thrilling page-turning sequence of events, and individuals with a slightly dark side. This book has a lot more human element rather than action sequences which made it different from his other books I have read. Overall a great book by Ken Follet, I would definitely recommend.</body><tokens>after having read several of ken follet 's previous works like eye of the needle , triple , pillars of the earth , lie down with lions ( did n't really like this one ) , i bought a dangerous fortune after probably a decade since i last read his books . this one , though different in its style , follows the same theme across most of his books - unnecessary erotica , complex plot , thrilling page-turning sequence of events , and individuals with a slightly dark side . this book has a lot more human element rather than action sequences which made it different from his other books i have read . overall a great book by ken follet , i would definitely recommend .</tokens><lemmas>after have read several of ken &lt;unknown&gt; 's previous work like eye of the needle , triple , pillar of the earth , lie down with lion ( do n't really like this one ) , i buy a dangerous fortune after probably a decade since i last read his book . this one , though different in its style , follow the same theme across most of his book - unnecessary erotica , complex plot , thrill &lt;unknown&gt; sequence of event , and individual with a slightly dark side . this book have a lot more human element rather than action sequence which make it different from his other book i have read . overall a great book by ken &lt;unknown&gt; , i would definitely recommend . </lemmas><pos>IN VBG VBN JJ IN NN NN POS JJ NNS IN NN IN DT NN , RB , NNS IN DT NN , VBP RB IN NNS ( VBD RB RB IN DT CD ) , NP VBD DT JJ NN IN RB DT NN IN NP RB VBD PP$ NNS SENT DT CD , RB JJ IN PP$ NN , VBZ DT JJ NN IN JJS IN PP$ NNS : JJ NN , JJ NN , VBG NN NN IN NNS , CC NNS IN DT RB JJ NN SENT DT NN VBZ DT NN RBR JJ NN RB IN NN NNS WDT VBD PP JJ IN PP$ JJ NNS NNS VBP VBN SENT RB DT JJ NN IN NN NN , NP MD RB VB SENT </pos></review>
