<?xml version="1.0" encoding="ISO-8859-1" standalone="no"?>
<!DOCTYPE review SYSTEM "derev.dtd">
<review ID="0048" title="ADangerousFortune" writer="KenFollett" author="CynthiaCNewmanHouston" date="February 1, 2011" stars="3" suspectbook="0" unknownpurchase="0" nickname="0" cluster="0" allcluesclass="1" threecluesclass="1" sumclues="0" realclass="2" fold="7"><object>Okay, but not gripping...</object><body>This is my fourth Follett read and it is entertaining, but not nearly as gripping as Pillars and World Without End.  Wouldn't say not worth your time, but don't expect to be sitting on the edge of your seat...</body><tokens>this is my fourth follett read and it is entertaining , but not nearly as gripping as pillars and world without end . would n't say not worth your time , but do n't expect to be sitting on the edge of your seat ...</tokens><lemmas>this be my fourth &lt;unknown&gt; read and it be entertaining , but not nearly as grip as pillar and world without end . would n't say not worth your time , but do n't expect to be sit on the edge of your seat ... </lemmas><pos>DT VBZ PP$ JJ NN VBN CC PP VBZ JJ , CC RB RB IN VBG IN NNS CC NN IN NN SENT MD RB VB RB JJ PP$ NN , CC VBP RB VB TO VB VBG IN DT NN IN PP$ NN : </pos></review>
