<?xml version="1.0" encoding="ISO-8859-1" standalone="no"?>
<!DOCTYPE review SYSTEM "derev.dtd">
<review ID="0041" title="ADangerousFortune" writer="KenFollett" author="mezmez" date="September 6, 2012" stars="2" suspectbook="0" unknownpurchase="0" nickname="1" cluster="1" allcluesclass="1" threecluesclass="0" sumclues="2" realclass="2" fold="0"><object>Less than a fortune, dangerous or otherwise</object><body>I looked forward to reading this because it was recommended by a member of my book club.  Although it was a &quot;page turner&quot; I found that it  was predictable, and the characters were like chess pieces manipulated by the author.  They lacked organic motivation for their behavior so to me they were unbelievable on any level.  This is the first Ken Follett book I have read, and I won't be going back for another.</body><tokens>i looked forward to reading this because it was recommended by a member of my book club . although it was a &quot; page turner &quot; i found that it was predictable , and the characters were like chess pieces manipulated by the author . they lacked organic motivation for their behavior so to me they were unbelievable on any level . this is the first ken follett book i have read , and i wo n't be going back for another .</tokens><lemmas>i look forward to read this because it be recommend by a member of my book club . although it be a &quot; page turner &quot; i find IN it be predictable , and the character be like chess piece manipulate by the author . they lack organic motivation for their behavior so to me they be unbelievable on any level . this be the first ken &lt;unknown&gt; book i have read , and i wo n't be go back for another . </lemmas><pos>NP VBD RB TO VBG DT IN PP VBD VBN IN DT NN IN PP$ NN NN SENT IN PP VBD DT `` NN NN `` NP VBD  PP VBD JJ , CC DT NNS VBD IN NN NNS VBN IN DT NN SENT PP VBD JJ NN IN PP$ NN RB TO PP PP VBD JJ IN DT NN SENT DT VBZ DT JJ NN NN NN NNS VBP VBN , CC NP MD RB VB VBG RB IN DT SENT </pos></review>
