<?xml version="1.0" encoding="ISO-8859-1" standalone="no"?>
<!DOCTYPE review SYSTEM "derev.dtd">
<review ID="0050" title="ADangerousFortune" writer="KenFollett" author="CMontejo" date="October 19, 2010" stars="4" suspectbook="0" unknownpurchase="1" nickname="0" cluster="0" allcluesclass="1" threecluesclass="1" sumclues="1" realclass="2" fold="9"><object>Solid</object><body>The plot isn't as good as it could be, but the character development is outstanding! I feel like I know Hugh and Augusta better than I know some friends!</body><tokens>the plot is n't as good as it could be , but the character development is outstanding ! i feel like i know hugh and augusta better than i know some friends !</tokens><lemmas>the plot be n't as good as it could be , but the character development be outstanding ! i feel like i know &lt;unknown&gt; and &lt;unknown&gt; good than i know some friend ! </lemmas><pos>DT NN VBZ RB RB JJ IN PP MD VB , CC DT NN NN VBZ JJ SENT NNS VBP IN NP VBP NN CC NN JJR IN NP VBP DT NNS SENT </pos></review>
