<?xml version="1.0" encoding="ISO-8859-1" standalone="no"?>
<!DOCTYPE review SYSTEM "derev.dtd">
<review ID="0043" title="ADangerousFortune" writer="KenFollett" author="seamus" date="May 21, 2012" stars="3" suspectbook="0" unknownpurchase="0" nickname="1" cluster="1" allcluesclass="1" threecluesclass="0" sumclues="2" realclass="2" fold="2"><object>A dangerous fortune</object><body>I really like Follett as an author but this one was a bit of a disappointment. Story starts off well but becomes predictable. Doesn't reach the heights of 'pillars of the earth' or 'world without end'. Some interesting characters and scenes though!</body><tokens>i really like follett as an author but this one was a bit of a disappointment . story starts off well but becomes predictable . does n't reach the heights of &quot; pillars of the earth &quot; or &quot; world without end &quot; . some interesting characters and scenes though !</tokens><lemmas>i really like &lt;unknown&gt; as an author but this one be a bit of a disappointment . story start off well but become predictable . do n't reach the height of &quot; pillar of the earth &quot; or &quot; world without end &quot; . some interesting character and scene though ! </lemmas><pos>NP RB IN NN IN DT NN CC DT CD VBD DT NN IN DT NN SENT NN VBZ RP RB CC VBZ JJ SENT VBZ RB VB DT NNS IN `` NNS IN DT NN '' CC `` NN IN NN '' SENT DT JJ NNS CC NNS RB SENT </pos></review>
