<?xml version="1.0" encoding="ISO-8859-1" standalone="no"?>
<!DOCTYPE review SYSTEM "derev.dtd">
<review ID="0052" title="ADangerousFortune" writer="KenFollett" author="MarkMTF" date="March 12, 2010" stars="5" suspectbook="0" unknownpurchase="1" nickname="0" cluster="0" allcluesclass="1" threecluesclass="1" sumclues="1" realclass="2" fold="1"><object>light, but very entertaining historical fiction</object><body>I have both read this novel and listened to the audio-book. I loved both. This is not a highbrow work of historical fiction. It's a page-turner that feels like a soap opera. It's an engaging one, though, that is consistently fun from start to end. It centers around a family of bankers in 19th century London, starting with the death of a school boy, and takes is through a generation of family and financial intrigue, and romance. You love the heroes and hate the villains. Very little gray, here. It felt like a bit of a guilty pleasure to me, but it was a ton of fun.</body><tokens>i have both read this novel and listened to the audio-book . i loved both . this is not a highbrow work of historical fiction . it 's a page-turner that feels like a soap opera . it 's an engaging one , though , that is consistently fun from start to end . it centers around a family of bankers in 19th century london , starting with the death of a school boy , and takes is through a generation of family and financial intrigue , and romance . you love the heroes and hate the villains . very little gray , here . it felt like a bit of a guilty pleasure to me , but it was a ton of fun .</tokens><lemmas>i have both read this novel and listen to the &lt;unknown&gt; . i love both . this be not a highbrow work of historical fiction . it be a &lt;unknown&gt; that feel like a soap opera . it be an engaging one , though , that be consistently fun from start to end . it center around a family of banker in 19th century &lt;unknown&gt; , start with the death of a school boy , and take be through a generation of family and financial intrigue , and romance . you love the hero and hate the villain . very little gray , here . it feel like a bit of a guilty pleasure to me , but it be a ton of fun . </lemmas><pos>NNS VBP CC VBN DT NN CC VBD TO DT NN SENT NP VBD DT SENT DT VBZ RB DT JJ NN IN JJ NN SENT PP VBZ DT NN WDT VBZ IN DT NN NN SENT PP VBZ DT JJ CD , RB , WDT VBZ RB NN IN NN TO VB SENT PP VBZ IN DT NN IN NNS IN JJ NN NN , VBG IN DT NN IN DT NN NN , CC VBZ VBZ IN DT NN IN NN CC JJ NN , CC NN SENT PP VBP DT NNS CC VBP DT NNS SENT RB RB JJ , RB SENT PP VBD IN DT NN IN DT JJ NN TO PP , CC PP VBD DT NN IN NN SENT </pos></review>
