<?xml version="1.0" encoding="ISO-8859-1" standalone="no"?>
<!DOCTYPE review SYSTEM "derev.dtd">
<review ID="0051" title="ADangerousFortune" writer="KenFollett" author="DParker" date="April 20, 2010" stars="4" suspectbook="0" unknownpurchase="1" nickname="0" cluster="0" allcluesclass="1" threecluesclass="1" sumclues="1" realclass="2" fold="0"><object>Wonderful Despite Shortcomings</object><body>Ken Follett is wonderful. When was the last time you read a novel that made you feel a gripping, tightening sensation near your heart? Who was the last author you read who made you feel anger and range? When was the last time you wanted to reach through the pages and strangle a character? For me, this generally only happens when I read Ken Follett, or Jeffrey Archer. Ken knows his craft and in just a few paragraphs is capable of sending the reader on an emotional rollercoaster ride. However, this is just a thought - not sure if characters are under an obligation to undergo a change during the novel, but most of the great novels have this very key similarity. For example, if you see a shooting on the corner, surely you will tell someone about it. And you'll probably never be the same again. BUT, if you felt the shooting was as mundane as watching an Out-of-Service bus go by, you would never mention the occurrence. When reading a 500+ page novel, trust me, whatever you're telling me that takes that many pages to get the point across, let's just say, it had better change the lives of the people I'm reading about. If not, why waste my time? This novel, for all its emotional ups and downs, is WONDERFUL in so many other ways. But it could have been great had the main characters left the pages of this book differently than when they entered it.</body><tokens>ken follett is wonderful . when was the last time you read a novel that made you feel a gripping , tightening sensation near your heart ? who was the last author you read who made you feel anger and range ? when was the last time you wanted to reach through the pages and strangle a character ? for me , this generally only happens when i read ken follett , or jeffrey archer . ken knows his craft and in just a few paragraphs is capable of sending the reader on an emotional rollercoaster ride . however , this is just a thought - not sure if characters are under an obligation to undergo a change during the novel , but most of the great novels have this very key similarity . for example , if you see a shooting on the corner , surely you will tell someone about it . and you 'll probably never be the same again . but , if you felt the shooting was as mundane as watching an out-of-service bus go by , you would never mention the occurrence . when reading a 500+ page novel , trust me , whatever you &quot; re telling me that takes that many pages to get the point across , let 's just say , it had better change the lives of the people i 'm reading about . if not , why waste my time ? this novel , for all its emotional ups and downs , is wonderful in so many other ways . but it could have been great had the main characters left the pages of this book differently than when they entered it .</tokens><lemmas>ken &lt;unknown&gt; be wonderful . when be the last time you read a novel that make you feel a gripping , tighten sensation near your heart ? who be the last author you read who make you feel anger and range ? when be the last time you want to reach through the page and strangle a character ? for me , this generally only happen when i read ken &lt;unknown&gt; , or &lt;unknown&gt; archer . ken know his craft and in just a few paragraph be capable of send the reader on an emotional rollercoaster ride . however , this be just a thought - not sure if character be under an obligation to undergo a change during the novel , but most of the great novel have this very key similarity . for example , if you see a shooting on the corner , surely you will tell someone about it . and you will probably never be the same again . but , if you feel the shooting be as mundane as watch an &lt;unknown&gt; bus go by , you would never mention the occurrence . when read a &lt;unknown&gt; page novel , trust me , whatever you &quot; re tell me that take IN many page to get the point across , let 's just say , it have well change the life of the people i be read about . if not , why waste my time ? this novel , for all its emotional up and down , be wonderful in so many other way . but it could have be great have the main character leave the page of this book differently than when they enter it . </lemmas><pos>NN NN VBZ JJ SENT WRB VBD DT JJ NN PP VBP DT NN WDT VBD PP VBP DT JJ , VBG NN IN PP$ NN SENT WP VBD DT JJ NN PP VBP WP VBD PP VBP NN CC NN SENT WRB VBD DT JJ NN PP VBD TO VB IN DT NNS CC VB DT NN SENT IN PP , DT RB RB VBZ WRB NP VBD NN NN , CC NN NN SENT NN VBZ PP$ NN CC IN RB DT JJ NNS VBZ JJ IN VBG DT NN IN DT JJ NN NN SENT RB , DT VBZ RB DT NN : RB JJ IN NNS VBP IN DT NN TO VB DT NN IN DT NN , CC JJS IN DT JJ NNS VBP DT RB JJ NN SENT IN NN , IN PP VBP DT NN IN DT NN , RB PP MD VB NN IN PP SENT CC PP MD RB RB VB DT JJ RB SENT CC , IN PP VBD DT NN VBD RB JJ IN VBG DT JJ NN VB IN , PP MD RB VB DT NN SENT WRB VBG DT JJ NN NN , VB PP , WDT PP `` IN VBG PP DT VBZ  JJ NNS TO VB DT NN IN , VBP POS RB VBP , PP VBD RBR VB DT NNS IN DT NNS NNS VBP VBG RB SENT IN RB , WRB VB PP$ NN SENT DT NN , IN PDT PP$ JJ NNS CC NNS , VBZ JJ IN RB JJ JJ NNS SENT CC PP MD VB VBN JJ VBD DT JJ NNS VBD DT NNS IN DT NN RB IN WRB PP VBD PP SENT </pos></review>
