<?xml version="1.0" encoding="ISO-8859-1" standalone="no"?>
<!DOCTYPE review SYSTEM "derev.dtd">
<review ID="0058" title="ADangerousFortune" writer="KenFollett" author="RevPatrickKujawafatherppetronetnet" date="May 18, 1999" stars="5" suspectbook="0" unknownpurchase="1" nickname="1" cluster="0" allcluesclass="1" threecluesclass="0" sumclues="2" realclass="2" fold="7"><object>Greed Personified</object><body>Like so many good books, this deals with the issues of moral luck and good against evil.  The andquot;dangerous fortuneandquot; is not really evil in itself, but the greed for the power that it represents is the primary  culprit.  This is a very readable book with interesting character  development, told in a way that forbids you to put it down until the end.</body><tokens>like so many good books , this deals with the issues of moral luck and good against evil . the andquot ; dangerous fortuneandquot ; is not really evil in itself , but the greed for the power that it represents is the primary culprit . this is a very readable book with interesting character development , told in a way that forbids you to put it down until the end .</tokens><lemmas>like so many good book , this deal with the issue of moral luck and good against evil . the &lt;unknown&gt; ; dangerous &lt;unknown&gt; ; be not really evil in itself , but the greed for the power IN it represent be the primary culprit . this be a very readable book with interesting character development , tell in a way that forbid you to put it down until the end . </lemmas><pos>IN RB JJ JJ NNS , DT NNS IN DT NNS IN JJ NN CC JJ IN NN SENT DT NN : JJ NN : VBZ RB RB JJ IN PP , CC DT NN IN DT NN  PP VBZ VBZ DT JJ NN SENT DT VBZ DT RB JJ NN IN JJ NN NN , VBN IN DT NN WDT VBZ PP TO VB PP RP IN DT NN SENT </pos></review>
