<?xml version="1.0" encoding="ISO-8859-1" standalone="no"?>
<!DOCTYPE review SYSTEM "derev.dtd">
<review ID="0055" title="ADangerousFortune" writer="KenFollett" author="JillMarieHagerman" date="April 15, 2006" stars="4" suspectbook="0" unknownpurchase="1" nickname="0" cluster="0" allcluesclass="1" threecluesclass="1" sumclues="1" realclass="2" fold="4"><object>Very enjoyable!</object><body>I have read a few of Follett's books and really enjoyed them. This book was equally enjoyable but didn't fit into the &quot;spy&quot; genre like the other ones (i.e.; JackDaws). It really shows that he is a versatile writer that he can change genres successfully. You can read a summary of the plot in other reviews. I'll simply tell you that it was a page turner and worth the read.</body><tokens>i have read a few of follett 's books and really enjoyed them . this book was equally enjoyable but did n't fit into the &quot; spy &quot; genre like the other ones ( i . e . ; jackdaws ) . it really shows that he is a versatile writer that he can change genres successfully . you can read a summary of the plot in other reviews . i 'll simply tell you that it was a page turner and worth the read .</tokens><lemmas>i have read a few of Follett 's book and really enjoy them . this book be equally enjoyable but do n't fit into the &quot; spy &quot; genre like the other one ( i . e . ; jackdaw ) . it really show IN he be a versatile writer IN he can change genre successfully . you can read a summary of the plot in other review . i will simply tell you IN it be a page turner and worth the read . </lemmas><pos>NNS VBP VBN DT JJ IN NP POS NNS CC RB VBD PP SENT DT NN VBD RB JJ CC VBD RB VB IN DT `` NN '' NN IN DT JJ NNS ( NP SENT LS SENT : NNS ) SENT PP RB VBZ  PP VBZ DT JJ NN  PP MD VB NNS RB SENT PP MD VB DT NN IN DT NN IN JJ NNS SENT NP MD RB VB PP  PP VBD DT NN NN CC JJ DT NN SENT </pos></review>
