<?xml version="1.0" encoding="ISO-8859-1" standalone="no"?>
<!DOCTYPE review SYSTEM "derev.dtd">
<review ID="0056" title="ADangerousFortune" writer="KenFollett" author="MrRHThompsonmiamimysteryreader" date="May 6, 2002" stars="4" suspectbook="0" unknownpurchase="1" nickname="0" cluster="0" allcluesclass="1" threecluesclass="1" sumclues="1" realclass="2" fold="5"><object>&quot;Dynasty&quot; in Elizabethan England!!!</object><body>That's how I'd describe this book.  It shows an inner look into a powerful english banking family.  Like any family, they have their secrets, and quite a few perversions too!   This is definitely not my hostorical era of choice, but the story pulls you in, and keeps you fascinated until the last page. A solid story that didn't disappoint.  Give it a shot!</body><tokens>that 's how i &quot; d describe this book . it shows an inner look into a powerful english banking family . like any family , they have their secrets , and quite a few perversions too ! this is definitely not my hostorical era of choice , but the story pulls you in , and keeps you fascinated until the last page . a solid story that did n't disappoint . give it a shot !</tokens><lemmas>that be how i &quot; d describe this book . it show an inner look into a powerful English banking family . like any family , they have their secret , and quite a few perversion too ! this be definitely not my &lt;unknown&gt; era of choice , but the story pull you in , and keep you fascinate until the last page . a solid story that do n't disappoint . give it a shot ! </lemmas><pos>DT VBZ WRB NP `` NN VB DT NN SENT PP VBZ DT JJ NN IN DT JJ JJ NN NN SENT IN DT NN , PP VBP PP$ NNS , CC RB DT JJ NNS RB SENT DT VBZ RB RB PP$ JJ NN IN NN , CC DT NN VBZ PP RP , CC VBZ PP VBN IN DT JJ NN SENT DT JJ NN WDT VBD RB VB SENT VB PP DT NN SENT </pos></review>
