<?xml version="1.0" encoding="ISO-8859-1" standalone="no"?>
<!DOCTYPE review SYSTEM "derev.dtd">
<review ID="0053" title="ADangerousFortune" writer="KenFollett" author="storytimestorytime" date="April 2, 2009" stars="4" suspectbook="0" unknownpurchase="0" nickname="1" cluster="0" allcluesclass="1" threecluesclass="1" sumclues="1" realclass="2" fold="2"><object>Dangerous Fortune</object><body>As an audiobook, I love the reader's voice.  A timely story, the fall of a London banking family. Intrigue, unrequited love, an old  crime unpunished, international involvement.  The ingredients of a Ken Follett novel.  One of his better stories.  A very interesting story.</body><tokens>as an audiobook , i love the reader 's voice . a timely story , the fall of a london banking family . intrigue , unrequited love , an old crime unpunished , international involvement . the ingredients of a ken follett novel . one of his better stories . a very interesting story .</tokens><lemmas>as an &lt;unknown&gt; , i love the reader 's voice . a timely story , the fall of a &lt;unknown&gt; banking family . intrigue , unrequited love , an old crime unpunished , international involvement . the ingredient of a ken &lt;unknown&gt; novel . one of his good storey . a very interesting story . </lemmas><pos>IN DT NN , NNS VBP DT NN POS NN SENT DT JJ NN , DT NN IN DT NN NN NN SENT NN , JJ NN , DT JJ NN JJ , JJ NN SENT DT NNS IN DT NN NN NN SENT CD IN PP$ JJR NNS SENT DT RB JJ NN SENT </pos></review>
