<?xml version="1.0" encoding="ISO-8859-1" standalone="no"?>
<!DOCTYPE review SYSTEM "derev.dtd">
<review ID="0057" title="ADangerousFortune" writer="KenFollett" author="Alex" date="July 30, 2001" stars="5" suspectbook="0" unknownpurchase="1" nickname="1" cluster="0" allcluesclass="1" threecluesclass="0" sumclues="2" realclass="2" fold="6"><object>Amazing piece of work!</object><body>I simply loved this book! It is absolutly true that you just can't put down this book. First I started reading it on the subway. Then it got so interesting that I stayed up late and read the whole book through in a few days. This is the best thriller book I have ever read. The characters are so alive and I could even identify with Hugh Pilaster and the way he felt. The author does an incredible job describing what each character goes through. And you want to keep reading because you want to find out the end of the story. It keeps you guessing, but you never know what to expect next. I think anyone who enjoys an intellectual thriller won't be able to put this book down.</body><tokens>i simply loved this book ! it is absolutly true that you just ca n't put down this book . first i started reading it on the subway . then it got so interesting that i stayed up late and read the whole book through in a few days . this is the best thriller book i have ever read . the characters are so alive and i could even identify with hugh pilaster and the way he felt . the author does an incredible job describing what each character goes through . and you want to keep reading because you want to find out the end of the story . it keeps you guessing , but you never know what to expect next . i think anyone who enjoys an intellectual thriller wo n't be able to put this book down .</tokens><lemmas>i simply love this book ! it be &lt;unknown&gt; true IN you just ca n't put down this book . first i start read it on the subway . then it get so interesting IN i stay up late and read the whole book through in a few day . this be the good thriller book i have ever read . the character be so alive and i could even identify with &lt;unknown&gt; pilaster and the way he feel . the author do an incredible job describe what each character go through . and you want to keep reading because you want to find out the end of the story . it keep you guess , but you never know what to expect next . i think anyone who enjoy an intellectual thriller wo n't be able to put this book down . </lemmas><pos>NP RB VBD DT NN SENT PP VBZ RB JJ  PP RB MD RB VB RP DT NN SENT JJ NP VBD VBG PP IN DT NN SENT RB PP VBD RB JJ  NP VBD RP RB CC VB DT JJ NN IN IN DT JJ NNS SENT DT VBZ DT JJS NN NN NNS VBP RB VBN SENT DT NNS VBP RB JJ CC NP MD RB VB IN NN NN CC DT NN PP VBD SENT DT NN VBZ DT JJ NN VBG WP DT NN VBZ RP SENT CC PP VBP TO VB NN IN PP VBP TO VB RP DT NN IN DT NN SENT PP VBZ PP VBG , CC PP RB VBP WP TO VB JJ SENT NNS VBP NN WP VBZ DT JJ NN MD RB VB JJ TO VB DT NN RB SENT </pos></review>
