<?xml version="1.0" encoding="ISO-8859-1" standalone="no"?>
<!DOCTYPE review SYSTEM "derev.dtd">
<review ID="0054" title="ADangerousFortune" writer="KenFollett" author="TinyTaraAvidReaderandBookLover" date="March 16, 2008" stars="5" suspectbook="0" unknownpurchase="1" nickname="1" cluster="0" allcluesclass="1" threecluesclass="0" sumclues="2" realclass="2" fold="3"><object>This is one of the Best Books I have ever ...</object><body>... had the pleasure of reading and I've read many, many books.  It was one of those - cannot put down, just one more page before bed, can't wait to get back to - books.  I probably read it more then 15 years ago, so I won't comment too much on plot, pros and cons.  I'm about to start &quot;Pillars of the Earth,&quot; so I'll have to re-read &quot;Dangerous Fortune&quot; a couple books after I finish Pillars and &quot;World Without End.&quot;  But, I remember LOVING this book, thinking how great it is with each passing page and how many people I have to lend it to.  It was definitely my luck to just pick this book up bored one night many years ago.  Follett is a great writer, but this book is one of his best ... fantastic!!!</body><tokens>... had the pleasure of reading and i 've read many , many books . it was one of those - cannot put down , just one more page before bed , ca n't wait to get back to - books . i probably read it more then 15 years ago , so i wo n't comment too much on plot , pros and cons . i 'm about to start &quot; pillars of the earth , &quot; so i 'll have to re-read &quot; dangerous fortune &quot; a couple books after i finish pillars and &quot; world without end . &quot; but , i remember loving this book , thinking how great it is with each passing page and how many people i have to lend it to . it was definitely my luck to just pick this book up bored one night many years ago . follett is a great writer , but this book is one of his best ... fantastic !!!</tokens><lemmas>... have the pleasure of reading and i have read many , many book . it be one of those - can put down , just one more page before bed , ca n't wait to get back to - book . i probably read it more then @card@ year ago , so i wo n't comment too much on plot , pro and con . i be about to start &quot; pillar of the earth , &quot; so i will have to &lt;unknown&gt; &quot; dangerous fortune &quot; a couple book after i finish pillar and &quot; world without end . &quot; but , i remember love this book , think how great it be with each pass page and how many people i have to lend it to . it be definitely my luck to just pick this book up bore one night many year ago . Follett be a great writer , but this book be one of his good ... fantastic &lt;unknown&gt; </lemmas><pos>: VBD DT NN IN NN CC NP VBP VBN JJ , JJ NNS SENT PP VBD CD IN DT : MD VB RP , RB CD JJR NN IN NN , MD RB VB TO VB RB TO : NNS SENT NP RB VBD PP RBR RB CD NNS RB , RB NP MD RB VB RB RB IN NN , NNS CC NNS SENT NNS VBP RB TO VB `` NNS IN DT NN , '' RB NP MD VB TO VB `` JJ NN '' DT NN NNS IN NP NN NNS CC `` NN IN NN SENT '' CC , NNS VBP VBG DT NN , VBG WRB JJ PP VBZ IN DT VBG NN CC WRB JJ NNS NNS VBP TO VB PP TO SENT PP VBD RB PP$ NN TO RB VB DT NN RB VBD CD NN JJ NNS RB SENT NP VBZ DT JJ NN , CC DT NN VBZ CD IN PP$ JJS : JJ NN </pos></review>
