<?xml version="1.0" encoding="ISO-8859-1" standalone="no"?>
<!DOCTYPE review SYSTEM "derev.dtd">
<review ID="0060" title="ADangerousFortune" writer="KenFollett" author="anonymous" date="March 8, 1999" stars="5" suspectbook="0" unknownpurchase="1" nickname="1" cluster="0" allcluesclass="1" threecluesclass="0" sumclues="2" realclass="2" fold="9"><object>A well developed plot and great charcters</object><body>This book was as good as any I have ever read.  The 500 and some pages went by quickly and I hated having to put the book down. The amount of details in this book is numerous, and you never know when a seemingly  insignificant detail will become important.  And, the fact that the book  was set in the 1800's only added to the realism and probable accuracy of  the book. If you have never read a book by Ken Follet, you should  stronglyconsider this book.</body><tokens>this book was as good as any i have ever read . the 500 and some pages went by quickly and i hated having to put the book down . the amount of details in this book is numerous , and you never know when a seemingly insignificant detail will become important . and , the fact that the book was set in the 1800 's only added to the realism and probable accuracy of the book . if you have never read a book by ken follet , you should stronglyconsider this book .</tokens><lemmas>this book be as good as any i have ever read . the @card@ and some page go by quickly and i hate have to put the book down . the amount of detail in this book be numerous , and you never know when a seemingly insignificant detail will become important . and , the fact IN the book be set in the @card@ be only add to the realism and probable accuracy of the book . if you have never read a book by ken &lt;unknown&gt; , you should &lt;unknown&gt; this book . </lemmas><pos>DT NN VBD RB JJ IN DT NP VBP RB VBN SENT DT CD CC DT NNS VBD IN RB CC NNS VBD VBG TO VB DT NN RB SENT DT NN IN NNS IN DT NN VBZ JJ , CC PP RB VBP WRB DT RB JJ NN MD VB JJ SENT CC , DT NN  DT NN VBD VBN IN DT CD VBZ RB VBN TO DT NN CC JJ NN IN DT NN SENT IN PP VBP RB VBN DT NN IN NN NN , PP MD VB DT NN SENT </pos></review>
