<?xml version="1.0" encoding="ISO-8859-1" standalone="no"?>
<!DOCTYPE review SYSTEM "derev.dtd">
<review ID="0059" title="ADangerousFortune" writer="KenFollett" author="anonymous" date="May 8, 1999" stars="5" suspectbook="0" unknownpurchase="1" nickname="1" cluster="0" allcluesclass="1" threecluesclass="0" sumclues="2" realclass="2" fold="8"><object>Excellent, well written book!</object><body>This book is definately an attention getting book.  I really like Ken Follet's style of writing, especially in this book.  I have found it very hard to put down.  You will start reading it and then pretty soon you are  caught up in the story and the problems that each charcater is having.  It  is just an excellent, well written book that I would recommend to anyone  that likes interesting books.</body><tokens>this book is definately an attention getting book . i really like ken follet 's style of writing , especially in this book . i have found it very hard to put down . you will start reading it and then pretty soon you are caught up in the story and the problems that each charcater is having . it is just an excellent , well written book that i would recommend to anyone that likes interesting books .</tokens><lemmas>this book be &lt;unknown&gt; an attention get book . i really like ken &lt;unknown&gt; 's style of writing , especially in this book . i have find it very hard to put down . you will start read it and then pretty soon you be catch up in the story and the problem IN each &lt;unknown&gt; be have . it be just an excellent , well write book IN i would recommend to anyone that like interesting book . </lemmas><pos>DT NN VBZ RB DT NN VBG NN SENT NP RB IN NN NN POS NN IN NN , RB IN DT NN SENT NNS VBP VBN PP RB JJ TO VB RP SENT PP MD VB VBG PP CC RB RB RB PP VBP VBN RP IN DT NN CC DT NNS  DT NN VBZ VBG SENT PP VBZ RB DT JJ , RB VBN NN  NP MD VB TO NN WDT VBZ JJ NNS SENT </pos></review>
