<?xml version="1.0" encoding="ISO-8859-1" standalone="no"?>
<!DOCTYPE review SYSTEM "derev.dtd">
<review ID="0065" title="ADangerousFortune" writer="KenFollett" author="anonymous" date="January 21, 1998" stars="5" suspectbook="0" unknownpurchase="1" nickname="1" cluster="0" allcluesclass="1" threecluesclass="0" sumclues="2" realclass="2" fold="4"><object>Excellent story, I highly recommend it !</object><body>I cannot recommend this book highly enough.  Follett is one of the best.  If you like this book read his andquot;Night Over Waterandquot; next.  You will not be disappointed.</body><tokens>i cannot recommend this book highly enough . follett is one of the best . if you like this book read his andquot ; night over waterandquot ; next . you will not be disappointed .</tokens><lemmas>i can recommend this book highly enough . Follett be one of the good . if you like this book read his &lt;unknown&gt; ; night over &lt;unknown&gt; ; next . you will not be disappoint . </lemmas><pos>NP MD VB DT NN RB RB SENT NP VBZ CD IN DT JJS SENT IN PP VBP DT NN VBD PP$ NN : NN IN NN : JJ SENT PP MD RB VB VBN SENT </pos></review>
