<?xml version="1.0" encoding="ISO-8859-1" standalone="no"?>
<!DOCTYPE review SYSTEM "derev.dtd">
<review ID="0062" title="ADangerousFortune" writer="KenFollett" author="anonymous" date="December 10, 1998" stars="5" suspectbook="0" unknownpurchase="1" nickname="1" cluster="0" allcluesclass="1" threecluesclass="0" sumclues="2" realclass="2" fold="1"><object>This books holds your attention throughout, without a doubt.</object><body>The description of characters makes you want to know them and live them, the plot twists and turns.  You will NOT want to put this one down for more than a minute. Incredible. I wish that I had another book just like it (or  at least a continuation of this one). I loved it that much!!</body><tokens>the description of characters makes you want to know them and live them , the plot twists and turns . you will not want to put this one down for more than a minute . incredible . i wish that i had another book just like it ( or at least a continuation of this one ) . i loved it that much !!</tokens><lemmas>the description of character make you want to know them and live them , the plot twist and turn . you will not want to put this one down for more than a minute . incredible . i wish IN i have another book just like it ( or at least a continuation of this one ) . i love it IN much &lt;unknown&gt; </lemmas><pos>DT NN IN NNS VBZ PP VBP TO VB PP CC VB PP , DT NN VBZ CC VBZ SENT PP MD RB VB TO VB DT CD RB IN JJR IN DT NN SENT JJ SENT NNS VBP  NP VBD DT NN RB IN PP ( CC IN JJS DT NN IN DT CD ) SENT NP VBD PP  JJ NN </pos></review>
