<?xml version="1.0" encoding="ISO-8859-1" standalone="no"?>
<!DOCTYPE review SYSTEM "derev.dtd">
<review ID="0064" title="ADangerousFortune" writer="KenFollett" author="LaurenKermode" date="October 2, 1998" stars="4" suspectbook="0" unknownpurchase="1" nickname="1" cluster="0" allcluesclass="1" threecluesclass="0" sumclues="2" realclass="2" fold="3"><object>An engrossing tale of greed, intrigue and romance</object><body>Ken Follett has scored again with andquot;A Dangerous Fortune.  Not as  remarkable as previous books andquot;Eye of the Needleandquot; and  andquot;Pillars of the Earthandquot;, it is neverthless a terrific look at the  greed and treachery of the matriarch of a turn-of-the-century English  banking family. Though obviously well-researched and thoroughly interesting  on an entertainment level, the story was predictable and full of too many  larger-than-life characters. Great for vacation or bedside reading.</body><tokens>ken follett has scored again with andquot ; a dangerous fortune . not as remarkable as previous books andquot ; eye of the needleandquot ; and andquot ; pillars of the earthandquot ; , it is neverthless a terrific look at the greed and treachery of the matriarch of a turn-of-the-century english banking family . though obviously well-researched and thoroughly interesting on an entertainment level , the story was predictable and full of too many larger-than-life characters . great for vacation or bedside reading .</tokens><lemmas>ken &lt;unknown&gt; have score again with &lt;unknown&gt; ; a dangerous fortune . not as remarkable as previous book &lt;unknown&gt; ; eye of the &lt;unknown&gt; ; and &lt;unknown&gt; ; pillar of the &lt;unknown&gt; ; , it be Neverthless a terrific look at the greed and treachery of the matriarch of a turn-of-the-century English banking family . though obviously well-research and thoroughly interesting on an entertainment level , the story be predictable and full of too many larger-than-life character . great for vacation or bedside reading . </lemmas><pos>NN NN VBZ VBN RB IN NN : DT JJ NN SENT RB RB JJ IN JJ NNS NN : NN IN DT NN : CC NN : NNS IN DT NN : , PP VBZ JJ DT JJ NN IN DT NN CC NN IN DT NN IN DT NN JJ NN NN SENT RB RB VBN CC RB JJ IN DT NN NN , DT NN VBD JJ CC JJ IN RB JJ JJ NNS SENT JJ IN NN CC NN NN SENT </pos></review>
