<?xml version="1.0" encoding="ISO-8859-1" standalone="no"?>
<!DOCTYPE review SYSTEM "derev.dtd">
<review ID="0063" title="ADangerousFortune" writer="KenFollett" author="anonymous" date="November 26, 1998" stars="5" suspectbook="0" unknownpurchase="1" nickname="1" cluster="0" allcluesclass="1" threecluesclass="0" sumclues="2" realclass="2" fold="2"><object>What a magnificant story!!</object><body>Ken Follett truly captures the essence of what 19th century England was all about.  He uses fantastic characters who will not disapoint and an incredible story to mold them into.  This is Ken Follett at his best.  There is no doubt in my mind that this ranks right there with his other  bestsellers.  You won't be able to put the book down even if you tried.  Gives a startling clear picture on the world of banking in the 1800's.  BUY  THIS BOOK!</body><tokens>ken follett truly captures the essence of what 19th century england was all about . he uses fantastic characters who will not disapoint and an incredible story to mold them into . this is ken follett at his best . there is no doubt in my mind that this ranks right there with his other bestsellers . you wo n't be able to put the book down even if you tried . gives a startling clear picture on the world of banking in the 1800 's . buy this book !</tokens><lemmas>ken &lt;unknown&gt; truly capture the essence of what 19th century &lt;unknown&gt; be all about . he use fantastic character who will not &lt;unknown&gt; and an incredible story to mold them into . this be ken &lt;unknown&gt; at his good . there be no doubt in my mind IN this rank right there with his other bestseller . you wo n't be able to put the book down even if you try . give a startling clear picture on the world of banking in the @card@ 's . buy this book ! </lemmas><pos>NN NN RB VBZ DT NN IN WP JJ NN NN VBD RB RB SENT PP VBZ JJ NNS WP MD RB VB CC DT JJ NN TO VB PP IN SENT DT VBZ NN NN IN PP$ JJS SENT EX VBZ DT NN IN PP$ NN  DT NNS RB RB IN PP$ JJ NNS SENT PP MD RB VB JJ TO VB DT NN RB RB IN PP VBD SENT VBZ DT JJ JJ NN IN DT NN IN NN IN DT CD POS SENT VB DT NN SENT </pos></review>
