<?xml version="1.0" encoding="ISO-8859-1" standalone="no"?>
<!DOCTYPE review SYSTEM "derev.dtd">
<review ID="0067" title="ADangerousFortune" writer="KenFollett" author="anonymous" date="December 29, 1997" stars="5" suspectbook="0" unknownpurchase="1" nickname="1" cluster="0" allcluesclass="1" threecluesclass="0" sumclues="2" realclass="2" fold="6"><object>Brilliant</object><body>Like all books of Ken Follett, brilliant. The second I read and still impressed</body><tokens>like all books of ken follett , brilliant . the second i read and still impressed</tokens><lemmas>like all book of ken &lt;unknown&gt; , brilliant . the second i read and still impress </lemmas><pos>IN DT NNS IN NN NN , JJ SENT DT JJ NP NN CC RB VBN </pos></review>
