<?xml version="1.0" encoding="ISO-8859-1" standalone="no"?>
<!DOCTYPE review SYSTEM "derev.dtd">
<review ID="0069" title="ADangerousFortune" writer="KenFollett" author="anonymous" date="November 14, 1997" stars="5" suspectbook="0" unknownpurchase="1" nickname="1" cluster="0" allcluesclass="1" threecluesclass="0" sumclues="2" realclass="2" fold="8"><object>Accurately plotted, well written, entertaining!</object><body>My first attempt at a Follett book. And not one I regretted. It was accurate in the way it was written and thoroughly enjoyable. Well done Mr. Follett!</body><tokens>my first attempt at a follett book . and not one i regretted . it was accurate in the way it was written and thoroughly enjoyable . well done mr . follett !</tokens><lemmas>my first attempt at a Follett book . and not one i regret . it be accurate in the way it be write and thoroughly enjoyable . well do Mr . Follett ! </lemmas><pos>PP$ JJ NN IN DT NP NN SENT CC RB CD NNS VBD SENT PP VBD JJ IN DT NN PP VBD VBN CC RB JJ SENT RB VBN NN SENT NP SENT </pos></review>
