<?xml version="1.0" encoding="ISO-8859-1" standalone="no"?>
<!DOCTYPE review SYSTEM "derev.dtd">
<review ID="0061" title="ADangerousFortune" writer="KenFollett" author="anonymous" date="December 26, 1998" stars="5" suspectbook="0" unknownpurchase="1" nickname="1" cluster="0" allcluesclass="1" threecluesclass="0" sumclues="2" realclass="2" fold="0"><object>Banking, sex and murder but not in that order.</object><body>Follett has written an excellent portrayal of the filthy rich in 19th century England.  They murder without conscience, gamble, and frequent the brothals of London while still portraying the uppercrust image of the first  class.  An excellent read Mr. Follett that could certainly have a sequel --  what doesn't these days.</body><tokens>follett has written an excellent portrayal of the filthy rich in 19th century england . they murder without conscience , gamble , and frequent the brothals of london while still portraying the uppercrust image of the first class . an excellent read mr . follett that could certainly have a sequel -- what does n't these days .</tokens><lemmas>Follett have write an excellent portrayal of the filthy rich in 19th century &lt;unknown&gt; . they murder without conscience , gamble , and frequent the &lt;unknown&gt; of &lt;unknown&gt; while still portray the &lt;unknown&gt; image of the first class . an excellent read Mr . &lt;unknown&gt; that could certainly have a sequel -- what do n't these day . </lemmas><pos>NP VBZ VBN DT JJ NN IN DT JJ NN IN JJ NN NN SENT PP VBP IN NN , NN , CC VB DT NNS IN NN IN RB VBG DT NN NN IN DT JJ NN SENT DT JJ NN NN SENT NNS WDT MD RB VB DT NN : WP VBZ RB DT NNS SENT </pos></review>
