<?xml version="1.0" encoding="ISO-8859-1" standalone="no"?>
<!DOCTYPE review SYSTEM "derev.dtd">
<review ID="0066" title="ADangerousFortune" writer="KenFollett" author="anonymous" date="January 10, 1998" stars="5" suspectbook="0" unknownpurchase="1" nickname="1" cluster="1" allcluesclass="0" threecluesclass="0" sumclues="3" realclass="2" fold="5"><object>Great Job Ken!!!</object><body>A dangerous fortune is one of the most realistic novels I read, and one of the best too. Although it is around 600 pages long, I enjoyed every single bit of it. Great job Ken. Hend.</body><tokens>a dangerous fortune is one of the most realistic novels i read , and one of the best too . although it is around 600 pages long , i enjoyed every single bit of it . great job ken . hend .</tokens><lemmas>a dangerous fortune be one of the most realistic novel i read , and one of the well too . although it be around @card@ page long , i enjoy every single bit of it . great job ken . &lt;unknown&gt; . </lemmas><pos>DT JJ NN VBZ CD IN DT RBS JJ NNS NP VBD , CC CD IN DT RBS RB SENT IN PP VBZ RB CD NNS RB , NP VBD DT JJ NN IN PP SENT JJ NN NN SENT NN SENT </pos></review>
