<?xml version="1.0" encoding="ISO-8859-1" standalone="no"?>
<!DOCTYPE review SYSTEM "derev.dtd">
<review ID="0070" title="ADangerousFortune" writer="KenFollett" author="anonymous" date="October 22, 1997" stars="5" suspectbook="0" unknownpurchase="1" nickname="1" cluster="0" allcluesclass="1" threecluesclass="0" sumclues="2" realclass="2" fold="9"><object>Excellent page-turner!  My first Follett but not the last!</object><body>Ken Follett has put together a great story of intrigue, deceipt, and adversity.  This was my first Follett novel and I will definitely have to read more now.  This book actually reminds me a lot of Jeffrey Archer's andquot;As the Crow Flies.andquot;  Just when things get bad for the good guys, they only get worse.  How events unfold as the story reaches its climax had me grinning from ear to ear.  Make sure to check this one out!</body><tokens>ken follett has put together a great story of intrigue , deceipt , and adversity . this was my first follett novel and i will definitely have to read more now . this book actually reminds me a lot of jeffrey archer 's andquot ; as the crow flies . andquot ; just when things get bad for the good guys , they only get worse . how events unfold as the story reaches its climax had me grinning from ear to ear . make sure to check this one out !</tokens><lemmas>ken &lt;unknown&gt; have put together a great story of intrigue , &lt;unknown&gt; , and adversity . this be my first &lt;unknown&gt; novel and i will definitely have to read more now . this book actually remind me a lot of &lt;unknown&gt; archer 's &lt;unknown&gt; ; as the crow fly . &lt;unknown&gt; ; just when thing get bad for the good guy , they only get bad . how event unfold as the story reach its climax have me grin from ear to ear . make sure to check this one out ! </lemmas><pos>NN NN VBZ VBN RB DT JJ NN IN NN , NN , CC NN SENT DT VBD PP$ JJ NN NN CC NP MD RB VB TO VB RBR RB SENT DT NN RB VBZ PP DT NN IN NN NN POS NN : IN DT NN VBZ SENT NN : RB WRB NNS VBP JJ IN DT JJ NNS , PP RB VBP JJR SENT WRB NNS VBP IN DT NN VBZ PP$ NN VBD PP VBG IN NN TO NN SENT VB RB TO VB DT CD RB SENT </pos></review>
