<?xml version="1.0" encoding="ISO-8859-1" standalone="no"?>
<!DOCTYPE review SYSTEM "derev.dtd">
<review ID="0068" title="ADangerousFortune" writer="KenFollett" author="anonymous" date="December 2, 1997" stars="5" suspectbook="0" unknownpurchase="1" nickname="1" cluster="0" allcluesclass="1" threecluesclass="0" sumclues="2" realclass="2" fold="7"><object>One of my favorite books!</object><body>I read this book years ago and still remember how much I enjoyed it.  It has a terrific mystery story, and interesting and well-developed characters.  I read this book during a ten-hour plane trip and the book was so riveting that I barely remember the flight itself.  If you enjoyed this book I also recommend Ken Follett's andquot;Pillars of the Earthandquot;. That was a fantastic story, too.</body><tokens>i read this book years ago and still remember how much i enjoyed it . it has a terrific mystery story , and interesting and well-developed characters . i read this book during a ten-hour plane trip and the book was so riveting that i barely remember the flight itself . if you enjoyed this book i also recommend ken follett 's andquot ; pillars of the earthandquot ; . that was a fantastic story , too .</tokens><lemmas>i read this book year ago and still remember how much i enjoy it . it have a terrific mystery story , and interesting and well-develop character . i read this book during a &lt;unknown&gt; plane trip and the book be so riveting IN i barely remember the flight itself . if you enjoy this book i also recommend ken Follett 's &lt;unknown&gt; ; pillar of the &lt;unknown&gt; ; . that be a fantastic story , too . </lemmas><pos>NP VBD DT NN NNS RB CC RB VB WRB RB NP VBD PP SENT PP VBZ DT JJ NN NN , CC JJ CC VBN NNS SENT NP VBD DT NN IN DT NN NN NN CC DT NN VBD RB JJ  NP RB VB DT NN PP SENT IN PP VBD DT NN NNS RB VBP VB NP POS NN : NNS IN DT NN : SENT DT VBD DT JJ NN , RB SENT </pos></review>
