<?xml version="1.0" encoding="ISO-8859-1" standalone="no"?>
<!DOCTYPE review SYSTEM "derev.dtd">
<review ID="0080" title="ADangerousFortune" writer="KenFollett" author="bugs" date="November 12, 2012" stars="5" suspectbook="0" unknownpurchase="0" nickname="1" cluster="1" allcluesclass="1" threecluesclass="0" sumclues="2" realclass="2" fold="9"><object>A dangerous fortune</object><body>Thoroughly enjoyed the twists and turns of this entertaining novel.  Loved the details of the era woven into the story.</body><tokens>thoroughly enjoyed the twists and turns of this entertaining novel . loved the details of the era woven into the story .</tokens><lemmas>thoroughly enjoy the twist and turn of this entertaining novel . love the detail of the era weave into the story . </lemmas><pos>RB VBN DT NNS CC VBZ IN DT JJ NN SENT VBN DT NNS IN DT NN VBN IN DT NN SENT </pos></review>
