<?xml version="1.0" encoding="ISO-8859-1" standalone="no"?>
<!DOCTYPE review SYSTEM "derev.dtd">
<review ID="0077" title="ADangerousFortune" writer="KenFollett" author="anonymous" date="January 10, 1998" stars="3" suspectbook="0" unknownpurchase="1" nickname="1" cluster="1" allcluesclass="0" threecluesclass="0" sumclues="3" realclass="2" fold="6"><object>A riveting story, but too flat</object><body>I was swept up by this story, but didn't feel that it offered anything substantial.  It was like watching a soap opera: the intrigue is in seeing the villianess receive her just desserts.  Unfortunately there was not much else to the story.  No great prose or description.  No great lesson to learn. Entertainment, but not literature.</body><tokens>i was swept up by this story , but did n't feel that it offered anything substantial . it was like watching a soap opera : the intrigue is in seeing the villianess receive her just desserts . unfortunately there was not much else to the story . no great prose or description . no great lesson to learn . entertainment , but not literature .</tokens><lemmas>i be sweep up by this story , but do n't feel IN it offer anything substantial . it be like watch a soap opera : the intrigue be in see the &lt;unknown&gt; receive her just dessert . unfortunately there be not much else to the story . no great prose or description . no great lesson to learn . entertainment , but not literature . </lemmas><pos>NP VBD VBN RP IN DT NN , CC VBD RB VB  PP VBD NN JJ SENT PP VBD IN VBG DT NN NN : DT NN VBZ IN VBG DT NN VB PP$ JJ NNS SENT RB EX VBD RB JJ RB TO DT NN SENT DT JJ NN CC NN SENT DT JJ NN TO VB SENT NN , CC RB NN SENT </pos></review>
