<?xml version="1.0" encoding="ISO-8859-1" standalone="no"?>
<!DOCTYPE review SYSTEM "derev.dtd">
<review ID="0076" title="ADangerousFortune" writer="KenFollett" author="anonymous" date="July 24, 2002" stars="4" suspectbook="0" unknownpurchase="1" nickname="1" cluster="0" allcluesclass="1" threecluesclass="0" sumclues="2" realclass="2" fold="5"><object>Great story, too much sleaze</object><body>Follett is a great writer and gives a great feeling of the times.  This story is no different with great character development and an imaginative plot.  My only complaint is that Follett focuses way too much on sex.  In fact he does in most of his novels, but this one just has too many details.  This book would've been 5 stars without the ....</body><tokens>follett is a great writer and gives a great feeling of the times . this story is no different with great character development and an imaginative plot . my only complaint is that follett focuses way too much on sex . in fact he does in most of his novels , but this one just has too many details . this book would 've been 5 stars without the ....</tokens><lemmas>Follett be a great writer and give a great feeling of the time . this story be no different with great character development and an imaginative plot . my only complaint be IN Follett focus way too much on sex . in fact he do in most of his novel , but this one just have too many detail . this book would have be 5 star without the ... </lemmas><pos>NP VBZ DT JJ NN CC VBZ DT JJ NN IN DT NNS SENT DT NN VBZ RB JJ IN JJ NN NN CC DT JJ NN SENT PP$ JJ NN VBZ  NP VBZ NN RB RB IN NN SENT IN NN PP VBZ IN JJS IN PP$ NNS , CC DT CD RB VBZ RB JJ NNS SENT DT NN MD VBP VBN CD NNS IN DT : </pos></review>
