<?xml version="1.0" encoding="ISO-8859-1" standalone="no"?>
<!DOCTYPE review SYSTEM "derev.dtd">
<review ID="0073" title="ADangerousFortune" writer="KenFollett" author="anonymous" date="June 1, 2000" stars="5" suspectbook="0" unknownpurchase="1" nickname="1" cluster="0" allcluesclass="1" threecluesclass="0" sumclues="2" realclass="2" fold="2"><object>Another winner for Follett!</object><body>Follett's ability to paint an image in the mind is unmatched.  His descriptions of England in the late 1800s give you a marvelous image of life in that period, and he creates a fascinating discussion of the world  of finance at that time. The characters are memorable, and the societal  undercurrents of the time are well-treated.</body><tokens>follett 's ability to paint an image in the mind is unmatched . his descriptions of england in the late 1800s give you a marvelous image of life in that period , and he creates a fascinating discussion of the world of finance at that time . the characters are memorable , and the societal undercurrents of the time are well-treated .</tokens><lemmas>Follett 's ability to paint an image in the mind be unmatched . his description of &lt;unknown&gt; in the late &lt;unknown&gt; give you a marvelous image of life in that period , and he create a fascinating discussion of the world of finance at that time . the character be memorable , and the societal undercurrent of the time be &lt;unknown&gt; . </lemmas><pos>NP POS NN TO VB DT NN IN DT NN VBZ JJ SENT PP$ NNS IN NN IN DT JJ NNS VBP PP DT JJ NN IN NN IN DT NN , CC PP VBZ DT JJ NN IN DT NN IN NN IN DT NN SENT DT NNS VBP JJ , CC DT JJ NNS IN DT NN VBP JJ SENT </pos></review>
