<?xml version="1.0" encoding="ISO-8859-1" standalone="no"?>
<!DOCTYPE review SYSTEM "derev.dtd">
<review ID="0078" title="ADangerousFortune" writer="KenFollett" author="LindaPeace" date="November 14, 2012" stars="4" suspectbook="0" unknownpurchase="0" nickname="1" cluster="1" allcluesclass="1" threecluesclass="0" sumclues="2" realclass="2" fold="7"><object>Good and Evil</object><body>Quick read that keeps you interested!  Characters are well developed.  Good against evil, where it often looks as if evil will win out.</body><tokens>quick read that keeps you interested ! characters are well developed . good against evil , where it often looks as if evil will win out .</tokens><lemmas>quick read that keep you interested ! character be well develop . good against evil , where it often look as if evil will win out . </lemmas><pos>JJ NN WDT VBZ PP JJ SENT NNS VBP RB VBN SENT JJ IN NN , WRB PP RB VBZ RB IN NN MD VB RP SENT </pos></review>
