<?xml version="1.0" encoding="ISO-8859-1" standalone="no"?>
<!DOCTYPE review SYSTEM "derev.dtd">
<review ID="0072" title="ADangerousFortune" writer="KenFollett" author="nix100" date="April 13, 2003" stars="4" suspectbook="0" unknownpurchase="1" nickname="1" cluster="0" allcluesclass="1" threecluesclass="0" sumclues="2" realclass="2" fold="1"><object>entertaining, interesting : couldn't put it down</object><body>ooow, this was a good one!  great story-history,family,romance,money, greed...oh, delicious! worth the read.</body><tokens>ooow , this was a good one ! great story-history , family , romance , money , greed ... oh , delicious ! worth the read .</tokens><lemmas>&lt;unknown&gt; , this be a good one ! great &lt;unknown&gt; , family , romance , money , greed ... oh , delicious ! worth the read . </lemmas><pos>NN , DT VBD DT JJ CD SENT JJ NN , NN , NN , NN , NN : UH , JJ SENT IN DT NN SENT </pos></review>
