<?xml version="1.0" encoding="ISO-8859-1" standalone="no"?>
<!DOCTYPE review SYSTEM "derev.dtd">
<review ID="0074" title="ADangerousFortune" writer="KenFollett" author="StevenMAnthony" date="June 26, 2008" stars="3" suspectbook="0" unknownpurchase="0" nickname="1" cluster="0" allcluesclass="1" threecluesclass="1" sumclues="1" realclass="2" fold="3"><object>Decent, Moderately Entertaining Work</object><body>This is a quite unremarkable, moderately entertaining work of fiction set in late 19th century England.  As with another of Follett's works, A Place Called Freedom, it has little to recommend it over dozens of other similar novels set in the period. The plot revolves around the Pilasters, a wealthy and contentious banking family, whose various branches struggle for control of the family business.  Subplots involving a fictitious South American country and members of the British &quot;underclass&quot; bring some spice into the history.  However, as with A Place Called Freedom, the most striking aspect of the novel is its utter predictability.  Twists in the story become strikingly obvious scores of pages in advance. I would rate this novel slightly above the aforementioned A Place Called Freedom, but both pale in comparison to Follett's two novels Pillars of the Earth and World Without End.  Readers familiar with those works will likely be disappointed with this effort.</body><tokens>this is a quite unremarkable , moderately entertaining work of fiction set in late 19th century england . as with another of follett 's works , a place called freedom , it has little to recommend it over dozens of other similar novels set in the period . the plot revolves around the pilasters , a wealthy and contentious banking family , whose various branches struggle for control of the family business . subplots involving a fictitious south american country and members of the british &quot; underclass &quot; bring some spice into the history . however , as with a place called freedom , the most striking aspect of the novel is its utter predictability . twists in the story become strikingly obvious scores of pages in advance . i would rate this novel slightly above the aforementioned a place called freedom , but both pale in comparison to follett 's two novels pillars of the earth and world without end . readers familiar with those works will likely be disappointed with this effort .</tokens><lemmas>this be a quite unremarkable , moderately entertaining work of fiction set in late 19th century &lt;unknown&gt; . as with another of Follett 's work , a place call freedom , it have little to recommend it over dozen of other similar novel set in the period . the plot revolve around the pilaster , a wealthy and contentious banking family , whose various branch struggle for control of the family business . subplot involve a fictitious south American country and member of the British &quot; Underclass &quot; bring some spice into the history . however , as with a place call freedom , the most striking aspect of the novel be its utter predictability . twist in the story become strikingly obvious score of page in advance . i would rate this novel slightly above the aforementioned a place call freedom , but both pale in comparison to Follett 's two novel pillar of the earth and world without end . reader familiar with those work will likely be disappoint with this effort . </lemmas><pos>DT VBZ DT RB JJ , RB JJ NN IN NN VBN IN JJ JJ NN NN SENT RB IN DT IN NP POS NNS , DT NN VBD NN , PP VBZ RB TO VB PP IN NNS IN JJ JJ NNS VBN IN DT NN SENT DT NN VBZ IN DT NNS , DT JJ CC JJ NN NN , WP$ JJ NNS NN IN NN IN DT NN NN SENT NNS VBG DT JJ JJ NN NN CC NNS IN DT JJ `` JJ '' VB DT NN IN DT NN SENT RB , RB IN DT NN VBD NN , DT RBS JJ NN IN DT NN VBZ PP$ JJ NN SENT NNS IN DT NN VBN RB JJ NNS IN NNS IN NN SENT NP MD VB DT NN RB IN DT JJ DT NN VBD NN , CC DT NN IN NN TO NP POS CD NNS NNS IN DT NN CC NN IN NN SENT NNS JJ IN DT NNS MD RB VB VBN IN DT NN SENT </pos></review>
