<?xml version="1.0" encoding="ISO-8859-1" standalone="no"?>
<!DOCTYPE review SYSTEM "derev.dtd">
<review ID="0079" title="ADangerousFortune" writer="KenFollett" author="GoatGirl13" date="November 14, 2012" stars="5" suspectbook="0" unknownpurchase="0" nickname="1" cluster="1" allcluesclass="1" threecluesclass="0" sumclues="2" realclass="2" fold="8"><object>A Dangerous Fortune</object><body>I fell in love with Follett's books when I first read and#34;Pillows of the Earth.and#34;  Now I'm catching up.  This is a good historical novel.  Good characters that helps you understand the times in which they and#34;lived.and#34;</body><tokens>i fell in love with follett 's books when i first read and # 34 ; pillows of the earth . and # 34 ; now i 'm catching up . this is a good historical novel . good characters that helps you understand the times in which they and # 34 ; lived . and # 34 ;</tokens><lemmas>i fall in love with Follett 's book when i first read and # @card@ ; pillow of the earth . and # @card@ ; now i be catch up . this be a good historical novel . good character that help you understand the time in which they and # @card@ ; live . and # @card@ ; </lemmas><pos>NP VBD IN NN IN NP POS NNS WRB NP RB VBD CC # CD : NNS IN DT NN SENT CC # CD : RB NP VBP VBG RP SENT DT VBZ DT JJ JJ NN SENT JJ NNS WDT VBZ PP VB DT NNS IN WDT PP CC # CD : VBD SENT CC # CD : </pos></review>
