<?xml version="1.0" encoding="ISO-8859-1" standalone="no"?>
<!DOCTYPE review SYSTEM "derev.dtd">
<review ID="0071" title="ADangerousFortune" writer="KenFollett" author="anonymous" date="April 25, 1997" stars="4" suspectbook="0" unknownpurchase="1" nickname="1" cluster="0" allcluesclass="1" threecluesclass="0" sumclues="2" realclass="2" fold="0"><object>An immensely satisfying book</object><body>A wholly entertaining read. One gets caught up in the plot from the first chapter. It is very much a andquot;formula bookandquot; but that does not detract from it one bit. Definitely one of Follett's best. Excellent characters and a very satisfying ending. I loved it</body><tokens>a wholly entertaining read . one gets caught up in the plot from the first chapter . it is very much a andquot ; formula bookandquot ; but that does not detract from it one bit . definitely one of follett 's best . excellent characters and a very satisfying ending . i loved it</tokens><lemmas>a wholly entertaining read . one get catch up in the plot from the first chapter . it be very much a &lt;unknown&gt; ; formula &lt;unknown&gt; ; but that do not detract from it one bit . definitely one of Follett 's good . excellent character and a very satisfying ending . i love it </lemmas><pos>DT RB JJ NN SENT PP VBZ VBN RP IN DT NN IN DT JJ NN SENT PP VBZ RB RB DT NN : NN NN : CC WDT VBZ RB VB IN PP CD NN SENT RB CD IN NP POS JJS SENT JJ NNS CC DT RB JJ NN SENT NP VBD PP </pos></review>
