<?xml version="1.0" encoding="ISO-8859-1" standalone="no"?>
<!DOCTYPE review SYSTEM "derev.dtd">
<review ID="0075" title="ADangerousFortune" writer="KenFollett" author="Mermaid" date="May 23, 2008" stars="4" suspectbook="0" unknownpurchase="1" nickname="1" cluster="0" allcluesclass="1" threecluesclass="0" sumclues="2" realclass="2" fold="4"><object>Page turner from page 1!</object><body>I didn't think I would like this book because I'm not typically a fan of this period of history, but Follett managed to keep my interest piqued throughout the entire book.  It starts out with kids at boarding school that are part of a nasty, secret accident and then follows the boys as they grow up and how their secret haunts them.  Very twisted tale!</body><tokens>i did n't think i would like this book because i 'm not typically a fan of this period of history , but follett managed to keep my interest piqued throughout the entire book . it starts out with kids at boarding school that are part of a nasty , secret accident and then follows the boys as they grow up and how their secret haunts them . very twisted tale !</tokens><lemmas>i do n't think i would like this book because i be not typically a fan of this period of history , but Follett manage to keep my interest pique throughout the entire book . it start out with kid at board school that be part of a nasty , secret accident and then follow the boy as they grow up and how their secret haunt them . very twisted tale ! </lemmas><pos>NP VBD RB VB NP MD VB DT NN IN NP VBP RB RB DT NN IN DT NN IN NN , CC NP VBD TO VB PP$ NN VBN IN DT JJ NN SENT PP VBZ RP IN NNS IN VBG NN WDT VBP NN IN DT JJ , JJ NN CC RB VBZ DT NNS IN PP VBP RB CC WRB PP$ JJ NNS PP SENT RB JJ NN SENT </pos></review>
