<?xml version="1.0" encoding="ISO-8859-1" standalone="no"?>
<!DOCTYPE review SYSTEM "derev.dtd">
<review ID="0088" title="ADangerousFortune" writer="KenFollett" author="AmyBJohnsonAmyJ" date="October 18, 2012" stars="5" suspectbook="0" unknownpurchase="0" nickname="0" cluster="1" allcluesclass="1" threecluesclass="1" sumclues="1" realclass="2" fold="7"><object>Very pleased</object><body>Another wonderful book by Ken Follett.  He weaves a wonderful story.  Every time I listen to his work, I am captivated!</body><tokens>another wonderful book by ken follett . he weaves a wonderful story . every time i listen to his work , i am captivated !</tokens><lemmas>another wonderful book by ken &lt;unknown&gt; . he weave a wonderful story . every time i listen to his work , i be captivate ! </lemmas><pos>DT JJ NN IN NN NN SENT PP VBZ DT JJ NN SENT DT NN NNS VBP TO PP$ NN , NNS VBP VBN SENT </pos></review>
