<?xml version="1.0" encoding="ISO-8859-1" standalone="no"?>
<!DOCTYPE review SYSTEM "derev.dtd">
<review ID="0081" title="ADangerousFortune" writer="KenFollett" author="BettyJGottcreativeczar" date="October 30, 2012" stars="4" suspectbook="0" unknownpurchase="0" nickname="0" cluster="1" allcluesclass="1" threecluesclass="1" sumclues="1" realclass="2" fold="0"><object>Good read, albeit a little melodramatic</object><body>I've enjoyed Ken Follet's books in the past and thought I'd try another one. The storyline in &quot;A Dangerous Fortune&quot; was interesting with lots of twists and turns in the plot. I was a little disappointed, however, that the vixen was quite so evil; it seemed a little too melodramatic to me. It became predictable that every time the story took a turn in favor of the main character, she managed to foil it. Overall it was a good read.</body><tokens>i 've enjoyed ken follet 's books in the past and thought i &quot; d try another one . the storyline in &quot; a dangerous fortune &quot; was interesting with lots of twists and turns in the plot . i was a little disappointed , however , that the vixen was quite so evil ; it seemed a little too melodramatic to me . it became predictable that every time the story took a turn in favor of the main character , she managed to foil it . overall it was a good read .</tokens><lemmas>i have enjoy ken &lt;unknown&gt; 's book in the past and think i &quot; d try another one . the storyline in &quot; a dangerous fortune &quot; be interesting with lot of twist and turn in the plot . i be a little disappoint , however , IN the vixen be quite so evil ; it seem a little too melodramatic to me . it become predictable IN every time the story take a turn in favor of the main character , she manage to foil it . overall it be a good read . </lemmas><pos>NNS VBP VBN NN NN POS NNS IN DT NN CC VBD NP '' SYM VB DT CD SENT DT NN IN `` DT JJ NN '' VBD JJ IN NNS IN NNS CC VBZ IN DT NN SENT NP VBD DT RB VBN , RB ,  DT NN VBD RB RB JJ : PP VBD DT JJ RB JJ TO PP SENT PP VBD JJ  DT NN DT NN VBD DT NN IN NN IN DT JJ NN , PP VBD TO VB PP SENT RB PP VBD DT JJ NN SENT </pos></review>
