<?xml version="1.0" encoding="ISO-8859-1" standalone="no"?>
<!DOCTYPE review SYSTEM "derev.dtd">
<review ID="0084" title="ADangerousFortune" writer="KenFollett" author="Mosset" date="October 23, 2012" stars="4" suspectbook="0" unknownpurchase="0" nickname="1" cluster="1" allcluesclass="1" threecluesclass="0" sumclues="2" realclass="2" fold="3"><object>A Dangerous Fortune</object><body>A captivating story which kept me turning the pages and wanting to read more. If you are a little interested in history and love a good story to go with that then I would throughly recommend this as a great read.</body><tokens>a captivating story which kept me turning the pages and wanting to read more . if you are a little interested in history and love a good story to go with that then i would throughly recommend this as a great read .</tokens><lemmas>a captivating story which keep me turn the page and want to read more . if you be a little interested in history and love a good story to go with IN then i would throughly recommend this as a great read . </lemmas><pos>DT JJ NN WDT VBD PP VBG DT NNS CC VBG TO VB RBR SENT IN PP VBP DT RB JJ IN NN CC VB DT JJ NN TO VB IN  RB NP MD RB VB DT IN DT JJ NN SENT </pos></review>
