<?xml version="1.0" encoding="ISO-8859-1" standalone="no"?>
<!DOCTYPE review SYSTEM "derev.dtd">
<review ID="0083" title="ADangerousFortune" writer="KenFollett" author="bettyb" date="October 25, 2012" stars="5" suspectbook="0" unknownpurchase="0" nickname="1" cluster="1" allcluesclass="1" threecluesclass="0" sumclues="2" realclass="2" fold="2"><object>Reliable Follett</object><body>Once again,Follett does not disappoint.  A Dangerous Fortune is an engaging read that draws one in from page one.  It tells the story of the fabulously wealthy Pilaster family, starting in the 1860's. We learn of the source of their wealth, the Pilaster Bank, and the intrigue that surrounds both the bank and their family and friends.  There are good people, evil people, and just the right amount of scandalous folks too. We also learn about life in England at that time, both the rich life, and the terribly poor life.  As usual with a Follett book, I didn't want it to end.  Ken Follett is one of the best storytellers of our time and a total joy to read.</body><tokens>once again , follett does not disappoint . a dangerous fortune is an engaging read that draws one in from page one . it tells the story of the fabulously wealthy pilaster family , starting in the 1860 's . we learn of the source of their wealth , the pilaster bank , and the intrigue that surrounds both the bank and their family and friends . there are good people , evil people , and just the right amount of scandalous folks too . we also learn about life in england at that time , both the rich life , and the terribly poor life . as usual with a follett book , i did n't want it to end . ken follett is one of the best storytellers of our time and a total joy to read .</tokens><lemmas>once again , Follett do not disappoint . a dangerous fortune be an engaging read that draw one in from page one . it tell the story of the fabulously wealthy pilaster family , start in the @card@ 's . we learn of the source of their wealth , the pilaster bank , and the intrigue that surround both the bank and their family and friend . there be good people , evil people , and just the right amount of scandalous folk too . we also learn about life in &lt;unknown&gt; at that time , both the rich life , and the terribly poor life . as usual with a Follett book , i do n't want it to end . ken &lt;unknown&gt; be one of the good storyteller of our time and a total joy to read . </lemmas><pos>RB RB , NP VBZ RB VB SENT DT JJ NN VBZ DT JJ NN WDT VBZ CD IN IN NN CD SENT PP VBZ DT NN IN DT RB JJ NN NN , VBG IN DT CD POS SENT PP VBP IN DT NN IN PP$ NN , DT NN NN , CC DT NN WDT VBZ CC DT NN CC PP$ NN CC NNS SENT EX VBP JJ NNS , JJ NNS , CC RB DT JJ NN IN JJ NNS RB SENT PP RB VBP IN NN IN NN IN DT NN , CC DT JJ NN , CC DT RB JJ NN SENT RB JJ IN DT NP NN , NP VBD RB VB PP TO VB SENT NN NN VBZ CD IN DT JJS NNS IN PP$ NN CC DT JJ NN TO VB SENT </pos></review>
