<?xml version="1.0" encoding="ISO-8859-1" standalone="no"?>
<!DOCTYPE review SYSTEM "derev.dtd">
<review ID="0090" title="ADangerousFortune" writer="KenFollett" author="TheProfessor" date="October 15, 2012" stars="5" suspectbook="0" unknownpurchase="0" nickname="1" cluster="0" allcluesclass="1" threecluesclass="1" sumclues="1" realclass="2" fold="9"><object>A Dangerous Fortune</object><body>Great story. Great Characters. Great writer. I have purchased some of his other books after reading this one. I would give it five stars.</body><tokens>great story . great characters . great writer . i have purchased some of his other books after reading this one . i would give it five stars .</tokens><lemmas>great story . great character . great writer . i have purchase some of his other book after read this one . i would give it five star . </lemmas><pos>JJ NN SENT JJ NNS SENT JJ NN SENT NNS VBP VBN DT IN PP$ JJ NNS IN VBG DT CD SENT NP MD VB PP CD NNS SENT </pos></review>
