<?xml version="1.0" encoding="ISO-8859-1" standalone="no"?>
<!DOCTYPE review SYSTEM "derev.dtd">
<review ID="0087" title="ADangerousFortune" writer="KenFollett" author="RMCRobi" date="October 19, 2012" stars="2" suspectbook="0" unknownpurchase="0" nickname="1" cluster="1" allcluesclass="1" threecluesclass="0" sumclues="2" realclass="2" fold="6"><object>Disappointing read.</object><body>Although I loved ken Follett's books &quot;Pillars of the Earth&quot; and &quot;World Without End&quot;, I found this book to be trite and repetitive. We were reading this book for my book club, and that is the only reason why I even finished it.</body><tokens>although i loved ken follett 's books &quot; pillars of the earth &quot; and &quot; world without end &quot; , i found this book to be trite and repetitive . we were reading this book for my book club , and that is the only reason why i even finished it .</tokens><lemmas>although i love ken Follett 's book &quot; pillar of the earth &quot; and &quot; world without end &quot; , i find this book to be trite and repetitive . we be read this book for my book club , and that be the only reason why i even finish it . </lemmas><pos>IN NP VBD VB NP POS NNS '' NNS IN DT NN '' CC `` NN IN NN '' , NP VBD DT NN TO VB JJ CC JJ SENT PP VBD VBG DT NN IN PP$ NN NN , CC DT VBZ DT JJ NN WRB NP RB VBD PP SENT </pos></review>
