<?xml version="1.0" encoding="ISO-8859-1" standalone="no"?>
<!DOCTYPE review SYSTEM "derev.dtd">
<review ID="0085" title="ADangerousFortune" writer="KenFollett" author="Rose" date="October 22, 2012" stars="4" suspectbook="0" unknownpurchase="0" nickname="1" cluster="1" allcluesclass="1" threecluesclass="0" sumclues="2" realclass="2" fold="4"><object>A dangerous Fortune</object><body>Ken Follet writes an interesting story. He keeps the reader enthralled to see the outcome of the novel. I have read most of his later books and would recommend the books by Ken Follett to readers of good, fast-paced books.</body><tokens>ken follet writes an interesting story . he keeps the reader enthralled to see the outcome of the novel . i have read most of his later books and would recommend the books by ken follett to readers of good , fast-paced books .</tokens><lemmas>ken &lt;unknown&gt; write an interesting story . he keep the reader enthrall to see the outcome of the novel . i have read most of his late book and would recommend the book by ken &lt;unknown&gt; to reader of good , fast-paced book . </lemmas><pos>NN NN VBZ DT JJ NN SENT PP VBZ DT NN VBD TO VB DT NN IN DT NN SENT NNS VBP VBN JJS IN PP$ JJR NNS CC MD VB DT NNS IN NN NN TO NNS IN JJ , JJ NNS SENT </pos></review>
