<?xml version="1.0" encoding="ISO-8859-1" standalone="no"?>
<!DOCTYPE review SYSTEM "derev.dtd">
<review ID="0082" title="ADangerousFortune" writer="KenFollett" author="MichaelaRedRed77" date="October 28, 2012" stars="4" suspectbook="0" unknownpurchase="0" nickname="1" cluster="1" allcluesclass="1" threecluesclass="0" sumclues="2" realclass="2" fold="1"><object>The first 1/4 is slow, but then it gets really good.</object><body>This is my first Ken Follet, so I am not a fan returning to a beloved author, just someone looking for a good read. At first, I was having trouble staying interested. Through  the first 20% of the book, the story seems to have no protagonist, and there isn't one likeable character among the entire cast. They all have selfish agendas except for Hugh, who is embarrassingly awkward, as demonstrated by the scene in which he ejaculates in his pants while still in the parlor on his first visit to a brothel. As the underdog, Hugh seems the most likely hero, if only he can develop some strength, but as of page 124, he remains gutless. The characters are self-centered and shallow, lacking in sensitivity or concern for others, and I found it difficult to identify with any of them. I put the book aside and wasn't sure I'd go back to it. But I'm glad I did. I picked up where I left off and, a few pages in, the story switched gear. The characters got more real, and their roles became clear. The book developed into an epic story that I'd like to see as a movie! I was actually sorry when it ended.</body><tokens>this is my first ken follet , so i am not a fan returning to a beloved author , just someone looking for a good read . at first , i was having trouble staying interested . through the first 20% of the book , the story seems to have no protagonist , and there is n't one likeable character among the entire cast . they all have selfish agendas except for hugh , who is embarrassingly awkward , as demonstrated by the scene in which he ejaculates in his pants while still in the parlor on his first visit to a brothel . as the underdog , hugh seems the most likely hero , if only he can develop some strength , but as of page 124 , he remains gutless . the characters are self-centered and shallow , lacking in sensitivity or concern for others , and i found it difficult to identify with any of them . i put the book aside and was n't sure i &quot; d go back to it . but i 'm glad i did . i picked up where i left off and , a few pages in , the story switched gear . the characters got more real , and their roles became clear . the book developed into an epic story that i &quot; d like to see as a movie ! i was actually sorry when it ended .</tokens><lemmas>this be my first ken &lt;unknown&gt; , so i be not a fan return to a beloved author , just someone look for a good read . at first , i be have trouble stay interested . through the first @card@ of the book , the story seem to have no protagonist , and there be n't one likeable character among the entire cast . they all have selfish agenda except for Hugh , who be embarrassingly awkward , as demonstrate by the scene in which he ejaculate in his pant while still in the parlor on his first visit to a brothel . as the underdog , Hugh seem the most likely hero , if only he can develop some strength , but as of page @card@ , he remain gutless . the character be self-centered and shallow , lack in sensitivity or concern for other , and i find it difficult to identify with any of them . i put the book aside and be n't sure i &quot; d go back to it . but i be glad i do . i pick up where i leave off and , a few page in , the story switch gear . the character get more real , and their role become clear . the book develop into an epic story IN i &quot; d like to see as a movie ! i be actually sorry when it end . </lemmas><pos>DT VBZ PP$ JJ NN NN , CC NP VBP RB DT NN VBG TO DT JJ NN , RB NN VBG IN DT JJ NN SENT IN JJ , NNS VBD VBG NN VBG JJ SENT IN DT JJ CD IN DT NN , DT NN VBZ TO VB DT NN , CC EX VBZ RB CD JJ NN IN DT JJ NN SENT PP RB VBP JJ NNS IN IN NP , WP VBZ RB JJ , RB VBN IN DT NN IN WDT PP VBZ IN PP$ NNS IN RB IN DT NN IN PP$ JJ NN TO DT NN SENT IN DT NN , NP VBZ DT RBS JJ NN , IN RB PP MD VB DT NN , CC RB IN NN CD , PP VBZ JJ SENT DT NNS VBP JJ CC JJ , VBG IN NN CC NN IN NNS , CC NP VBD PP JJ TO VB IN DT IN PP SENT NP VBD DT NN RB CC VBD RB JJ NP '' SYM VB RB TO PP SENT CC NP VBP JJ NP VBD SENT NP VBD RP WRB NP VBD RP CC , DT JJ NNS IN , DT NN VBD NN SENT DT NNS VBD RBR JJ , CC PP$ NNS VBD JJ SENT DT NN VBN IN DT NN NN  FW '' SYM IN TO VB IN DT NN SENT NP VBD RB JJ WRB PP VBD SENT </pos></review>
