<?xml version="1.0" encoding="ISO-8859-1" standalone="no"?>
<!DOCTYPE review SYSTEM "derev.dtd">
<review ID="0086" title="ADangerousFortune" writer="KenFollett" author="Quirky" date="October 22, 2012" stars="3" suspectbook="0" unknownpurchase="0" nickname="1" cluster="1" allcluesclass="1" threecluesclass="0" sumclues="2" realclass="2" fold="5"><object>Slow entry</object><body>Only my second Ken Follet read. Found the early part of the book a little draggy but it was redeemed as I came to understand the links between the various characters and their situations.  Portrayal of early banking days in England and the difference in classes was good.  Redemption at the end led to satisfying conclusion.</body><tokens>only my second ken follet read . found the early part of the book a little draggy but it was redeemed as i came to understand the links between the various characters and their situations . portrayal of early banking days in england and the difference in classes was good . redemption at the end led to satisfying conclusion .</tokens><lemmas>only my second ken &lt;unknown&gt; read . find the early part of the book a little draggy but it be redeem as i come to understand the link between the various character and their situation . portrayal of early banking day in &lt;unknown&gt; and the difference in class be good . redemption at the end lead to satisfying conclusion . </lemmas><pos>RB PP$ JJ NN NN VBD SENT VBN DT JJ NN IN DT NN DT JJ JJ CC PP VBD VBN IN NP VBD TO VB DT NNS IN DT JJ NNS CC PP$ NNS SENT NN IN JJ NN NNS IN NN CC DT NN IN NNS VBD JJ SENT NN IN DT NN VBN TO JJ NN SENT </pos></review>
