<?xml version="1.0" encoding="ISO-8859-1" standalone="no"?>
<!DOCTYPE review SYSTEM "derev.dtd">
<review ID="0089" title="ADangerousFortune" writer="KenFollett" author="LevanFan" date="October 18, 2012" stars="5" suspectbook="0" unknownpurchase="0" nickname="1" cluster="1" allcluesclass="1" threecluesclass="0" sumclues="2" realclass="2" fold="8"><object>a good read</object><body>VERY interesting characters: two that are diabolical and you just want them to get their comeuppance. Of course, there are two characters that are in love and cant be together, and are good people. The story is fascinating. I felt good about how the story ends.</body><tokens>very interesting characters : two that are diabolical and you just want them to get their comeuppance . of course , there are two characters that are in love and cant be together , and are good people . the story is fascinating . i felt good about how the story ends .</tokens><lemmas>very interesting character : two that be diabolical and you just want them to get their comeuppance . of course , there be two character that be in love and cant be together , and be good people . the story be fascinating . i feel good about how the story end . </lemmas><pos>RB JJ NNS : CD WDT VBP JJ CC PP RB VBP PP TO VB PP$ NN SENT IN NN , EX VBP CD NNS WDT VBP IN NN CC NN VB RB , CC VBP JJ NNS SENT DT NN VBZ JJ SENT NP VBD JJ IN WRB DT NN VBZ SENT </pos></review>
