<?xml version="1.0" encoding="ISO-8859-1" standalone="no"?>
<!DOCTYPE review SYSTEM "derev.dtd">
<review ID="0093" title="ADangerousFortune" writer="KenFollett" author="Trina" date="October 7, 2012" stars="4" suspectbook="0" unknownpurchase="0" nickname="1" cluster="1" allcluesclass="1" threecluesclass="0" sumclues="2" realclass="2" fold="2"><object>Kindle Fan</object><body>Enjoyed this book.  It is the second book I have read by Ken Follett and I really liked it.  Good characters, good story.</body><tokens>enjoyed this book . it is the second book i have read by ken follett and i really liked it . good characters , good story .</tokens><lemmas>enjoy this book . it be the second book i have read by ken Follett and i really like it . good character , good story . </lemmas><pos>VBN DT NN SENT PP VBZ DT JJ NN NNS VBP VBN IN NN NP CC NP RB VBD PP SENT JJ NNS , JJ NN SENT </pos></review>
