<?xml version="1.0" encoding="ISO-8859-1" standalone="no"?>
<!DOCTYPE review SYSTEM "derev.dtd">
<review ID="0095" title="ADangerousFortune" writer="KenFollett" author="owl" date="October 6, 2012" stars="5" suspectbook="0" unknownpurchase="0" nickname="1" cluster="1" allcluesclass="1" threecluesclass="0" sumclues="2" realclass="2" fold="4"><object>A  Dangerous Fortune</object><body>This was a captivating book from the very start.  Ken Follet is a very good writer and I enjoy the time spent in the company of his books.</body><tokens>this was a captivating book from the very start . ken follet is a very good writer and i enjoy the time spent in the company of his books .</tokens><lemmas>this be a captivating book from the very start . ken &lt;unknown&gt; be a very good writer and i enjoy the time spend in the company of his book . </lemmas><pos>DT VBD DT JJ NN IN DT JJ NN SENT NN NN VBZ DT RB JJ NN CC NP VBP DT NN VBN IN DT NN IN PP$ NNS SENT </pos></review>
