<?xml version="1.0" encoding="ISO-8859-1" standalone="no"?>
<!DOCTYPE review SYSTEM "derev.dtd">
<review ID="0092" title="ADangerousFortune" writer="KenFollett" author="thag" date="October 8, 2012" stars="4" suspectbook="0" unknownpurchase="0" nickname="1" cluster="1" allcluesclass="1" threecluesclass="0" sumclues="2" realclass="2" fold="1"><object>aA DANGEROUS FORTUNE</object><body>THOUGHT THIS STORY TOLD THE BANKING RISKS IN THE 19TH CENTURY.  THIS WAS BEFORE THE RESTRICTIONS OF THE GOVERNMENT AND THE FEDERAL GOVT. INSURANCE OF MONIES TO DEPOSITORS.  ALSO, THE STORY WAS VERY REALISTIC.</body><tokens>thought this story told the banking risks in the 19th century . this was before the restrictions of the government and the federal govt . insurance of monies to depositors . also , the story was very realistic .</tokens><lemmas>think this story tell the banking risk in the 19th century . this be before the restriction of the government and the federal &lt;unknown&gt; . insurance of monies to depositor . also , the story be very realistic . </lemmas><pos>VBN DT NN VBD DT NN NNS IN DT JJ NN SENT DT VBD IN DT NNS IN DT NN CC DT JJ NN SENT NN IN NN TO NNS SENT RB , DT NN VBD RB JJ SENT </pos></review>
