<?xml version="1.0" encoding="ISO-8859-1" standalone="no"?>
<!DOCTYPE review SYSTEM "derev.dtd">
<review ID="0098" title="ADangerousFortune" writer="KenFollett" author="Meredith" date="October 5, 2012" stars="5" suspectbook="0" unknownpurchase="0" nickname="1" cluster="1" allcluesclass="1" threecluesclass="0" sumclues="2" realclass="2" fold="7"><object>Great Saga</object><body>From the first words to the last the story kept me captured.  I listened to it in the car and just wished I could drive all day to hear it.  What a great story teller with historical facts Follett is.  I have one gripe which has nothing to do with the story but the CD it was on.  It was an MP-3 or something like that.  I could not easily go backwards if I got distracted and had to re-hear something.  I would hit the go back thingy and it would all the way to the beginning of the book.  I like the other CDs even though the hassel of changing them when the first six run their course is maddening if unable to stop on the roadside and switch out the CDs.  Highly recommend this book.</body><tokens>from the first words to the last the story kept me captured . i listened to it in the car and just wished i could drive all day to hear it . what a great story teller with historical facts follett is . i have one gripe which has nothing to do with the story but the cd it was on . it was an mp-3 or something like that . i could not easily go backwards if i got distracted and had to re-hear something . i would hit the go back thingy and it would all the way to the beginning of the book . i like the other cds even though the hassel of changing them when the first six run their course is maddening if unable to stop on the roadside and switch out the cds . highly recommend this book .</tokens><lemmas>from the first word to the last the story keep me capture . i listen to it in the car and just wish i could drive all day to hear it . what a great story teller with historical fact &lt;unknown&gt; be . i have one gripe which have nothing to do with the story but the &lt;unknown&gt; it be on . it be an &lt;unknown&gt; or something like that . i could not easily go backwards if i get distract and have to &lt;unknown&gt; something . i would hit the go back &lt;unknown&gt; and it would all the way to the beginning of the book . i like the other &lt;unknown&gt; even though the &lt;unknown&gt; of change them when the first six run their course be madden if unable to stop on the roadside and switch out the &lt;unknown&gt; . highly recommend this book . </lemmas><pos>IN DT JJ NNS TO DT JJ DT NN VBD PP VBD SENT NP VBD TO PP IN DT NN CC RB VBD NP MD VB DT NN TO VB PP SENT WP DT JJ NN NN IN JJ NNS NN VBZ SENT NNS VBP CD NN WDT VBZ NN TO VB IN DT NN CC DT NNS PP VBD IN SENT PP VBD DT NN CC NN IN DT SENT NP MD RB RB VB RB IN NP VBD VBN CC VBD TO JJ NN SENT NP MD VB DT VBP RB NN CC PP MD RB DT NN TO DT NN IN DT NN SENT NP IN DT JJ NNS RB IN DT NN IN VBG PP WRB DT JJ CD VBP PP$ NN VBZ VBG IN JJ TO VB IN DT NN CC VB RP DT NNS SENT RB VB DT NN SENT </pos></review>
