<?xml version="1.0" encoding="ISO-8859-1" standalone="no"?>
<!DOCTYPE review SYSTEM "derev.dtd">
<review ID="0096" title="ADangerousFortune" writer="KenFollett" author="SteveS57" date="October 6, 2012" stars="4" suspectbook="0" unknownpurchase="0" nickname="1" cluster="1" allcluesclass="1" threecluesclass="0" sumclues="2" realclass="2" fold="5"><object>An entertaining and insightful historical read</object><body>An entertaining and enjoyable read. In the true sense of Ken Follet's historical novels this twists and turns through the lives of many individuals and creates an interesting insight to the very personal family based nature of the banking industry at that time.  Thoroughly recommend it.</body><tokens>an entertaining and enjoyable read . in the true sense of ken follet 's historical novels this twists and turns through the lives of many individuals and creates an interesting insight to the very personal family based nature of the banking industry at that time . thoroughly recommend it .</tokens><lemmas>an entertaining and enjoyable read . in the true sense of ken &lt;unknown&gt; 's historical novel this twist and turn through the life of many individual and create an interesting insight to the very personal family base nature of the banking industry at that time . thoroughly recommend it . </lemmas><pos>DT JJ CC JJ NN SENT IN DT JJ NN IN NN NN POS JJ NNS DT NNS CC VBZ IN DT NNS IN JJ NNS CC VBZ DT JJ NN TO DT RB JJ NN VBN NN IN DT NN NN IN DT NN SENT RB VB PP SENT </pos></review>
