<?xml version="1.0" encoding="ISO-8859-1" standalone="no"?>
<!DOCTYPE review SYSTEM "derev.dtd">
<review ID="0091" title="ADangerousFortune" writer="KenFollett" author="JeanHayes" date="October 8, 2012" stars="4" suspectbook="0" unknownpurchase="0" nickname="1" cluster="1" allcluesclass="1" threecluesclass="0" sumclues="2" realclass="2" fold="0"><object>A Dangerous Fortune</object><body>I found this book easy to get into from the beginning. a range of characters that are all so different and interesting and a story that spreads over a long period of time with people becoming entwined and developing as story continues. An interesting Era and the subject of Finances and Banking is one that I have not come across particularly before in a novel. I am enjoying it and still have lots of pages to enjoy.</body><tokens>i found this book easy to get into from the beginning . a range of characters that are all so different and interesting and a story that spreads over a long period of time with people becoming entwined and developing as story continues . an interesting era and the subject of finances and banking is one that i have not come across particularly before in a novel . i am enjoying it and still have lots of pages to enjoy .</tokens><lemmas>i find this book easy to get into from the beginning . a range of character that be all so different and interesting and a story that spread over a long period of time with people become entwine and develop as story continue . an interesting era and the subject of finance and banking be one IN i have not come across particularly before in a novel . i be enjoy it and still have lot of page to enjoy . </lemmas><pos>NP VBD DT NN JJ TO VB IN IN DT NN SENT DT NN IN NNS WDT VBP RB RB JJ CC JJ CC DT NN WDT VBZ IN DT JJ NN IN NN IN NNS VBG VBN CC VBG IN NN VBZ SENT DT JJ NN CC DT NN IN NNS CC NN VBZ CD  NNS VBP RB VBN IN RB RB IN DT NN SENT NNS VBP VBG PP CC RB VB NNS IN NNS TO VB SENT </pos></review>
