<?xml version="1.0" encoding="ISO-8859-1" standalone="no"?>
<!DOCTYPE review SYSTEM "derev.dtd">
<review ID="0097" title="ADangerousFortune" writer="KenFollett" author="GrandmaBetty" date="October 6, 2012" stars="5" suspectbook="0" unknownpurchase="0" nickname="1" cluster="1" allcluesclass="1" threecluesclass="0" sumclues="2" realclass="2" fold="6"><object>Grandma Betty</object><body>Loved this big complex book about interesting characters in an interesting time in history which parallels today in many ways.  It's always fun to have people who are obnoxious deal with the reality that the money is gone, and their lives are now real, and it was because of their mistakes.  And this book was a good look at the class system of England with how hurtful it was to people.  I love every Ken Follet book, each one is a treasure.</body><tokens>loved this big complex book about interesting characters in an interesting time in history which parallels today in many ways . it 's always fun to have people who are obnoxious deal with the reality that the money is gone , and their lives are now real , and it was because of their mistakes . and this book was a good look at the class system of england with how hurtful it was to people . i love every ken follet book , each one is a treasure .</tokens><lemmas>love this big complex book about interesting character in an interesting time in history which parallel today in many way . it be always fun to have people who be obnoxious deal with the reality IN the money be go , and their life be now real , and it be because of their mistake . and this book be a good look at the class system of &lt;unknown&gt; with how hurtful it be to people . i love every ken &lt;unknown&gt; book , each one be a treasure . </lemmas><pos>VBN DT JJ JJ NN IN JJ NNS IN DT JJ NN IN NN WDT VBZ NN IN JJ NNS SENT PP VBZ RB NN TO VB NNS WP VBP JJ NN IN DT NN  DT NN VBZ VBN , CC PP$ NNS VBP RB JJ , CC PP VBD IN IN PP$ NNS SENT CC DT NN VBD DT JJ NN IN DT NN NN IN NN IN WRB JJ PP VBD TO NNS SENT NNS VBP DT NN NN NN , DT CD VBZ DT NN SENT </pos></review>
