<?xml version="1.0" encoding="ISO-8859-1" standalone="no"?>
<!DOCTYPE review SYSTEM "derev.dtd">
<review ID="0099" title="ADangerousFortune" writer="KenFollett" author="Michael" date="September 27, 2012" stars="5" suspectbook="0" unknownpurchase="0" nickname="0" cluster="1" allcluesclass="1" threecluesclass="1" sumclues="1" realclass="2" fold="8"><object>Typical Follett Enthralling Writing</object><body>I'm glad that I looked around for other Follett books, having read Pillars of the Earth as well the first in his trilogy, along with a couple of others. He always combines interesting research results for the historical aspect of his work with infectious storytelling.  Here's another excellent example.</body><tokens>i 'm glad that i looked around for other follett books , having read pillars of the earth as well the first in his trilogy , along with a couple of others . he always combines interesting research results for the historical aspect of his work with infectious storytelling . here 's another excellent example .</tokens><lemmas>i be glad IN i look around for other &lt;unknown&gt; book , have read pillar of the earth as well the first in his trilogy , along with a couple of other . he always combine interesting research result for the historical aspect of his work with infectious storytelling . here be another excellent example . </lemmas><pos>NNS VBP JJ  NP VBD RP IN JJ NN NNS , VBG VBN NNS IN DT NN IN RB DT JJ IN PP$ NN , RB IN DT NN IN NNS SENT PP RB VBZ JJ NN NNS IN DT JJ NN IN PP$ NN IN JJ NN SENT RB VBZ DT JJ NN SENT </pos></review>
