<?xml version="1.0" encoding="ISO-8859-1" standalone="no"?>
<!DOCTYPE review SYSTEM "derev.dtd">
<review ID="0094" title="ADangerousFortune" writer="KenFollett" author="BobbyS" date="October 6, 2012" stars="5" suspectbook="0" unknownpurchase="0" nickname="1" cluster="1" allcluesclass="1" threecluesclass="0" sumclues="2" realclass="2" fold="3"><object>Captivating</object><body>An interesting compelling time piece that takes the reader into mid 18th century London with all of the character types to push you on to the next page.  Money, sex, scandal, manipulation.  Will the characters we like rise above?</body><tokens>an interesting compelling time piece that takes the reader into mid 18th century london with all of the character types to push you on to the next page . money , sex , scandal , manipulation . will the characters we like rise above ?</tokens><lemmas>an interesting compelling time piece that take the reader into mid 18th century &lt;unknown&gt; with all of the character type to push you on to the next page . money , sex , scandal , manipulation . will the character we like rise above ? </lemmas><pos>DT JJ JJ NN NN WDT VBZ DT NN IN JJ JJ NN NN IN DT IN DT NN NNS TO VB PP IN TO DT JJ NN SENT NN , NN , NN , NN SENT MD DT NNS PP VBP VB RB SENT </pos></review>
