<?xml version="1.0" encoding="ISO-8859-1" standalone="no"?>
<!DOCTYPE review SYSTEM "derev.dtd">
<review ID="0100" title="ADangerousFortune" writer="KenFollett" author="ToniAbdnour" date="September 27, 2012" stars="5" suspectbook="0" unknownpurchase="0" nickname="0" cluster="1" allcluesclass="1" threecluesclass="1" sumclues="1" realclass="2" fold="9"><object>A Real Thumb Tapper</object><body>&quot;A Dangerous Fortune&quot; is currently on my Kindle and not quite finished.  Spent several hours of non-stop thumb tapping while on a flight to Rome.  Ken Follett has the skill to engage the reader from page one, and if you've read &quot;Pillers of the Earth&quot;, you already know this to be true.  Very happy with the story thus far!</body><tokens>&quot; a dangerous fortune &quot; is currently on my kindle and not quite finished . spent several hours of non-stop thumb tapping while on a flight to rome . ken follett has the skill to engage the reader from page one , and if you 've read &quot; pillers of the earth &quot; , you already know this to be true . very happy with the story thus far !</tokens><lemmas>&quot; a dangerous fortune &quot; be currently on my kindle and not quite finish . spend several hour of non-stop thumb tap while on a flight to &lt;unknown&gt; . ken &lt;unknown&gt; have the skill to engage the reader from page one , and if you have read &quot; &lt;unknown&gt; of the earth &quot; , you already know this to be true . very happy with the story thus far ! </lemmas><pos>`` DT JJ NN '' VBZ RB IN PP$ VB CC RB RB VBN SENT VBN JJ NNS IN JJ NN VBG IN IN DT NN TO NN SENT NN NN VBZ DT NN TO VB DT NN IN NN CD , CC IN PP VBP VBN `` NNS IN DT NN '' , PP RB VBP DT TO VB JJ SENT RB JJ IN DT NN RB RB SENT </pos></review>
