<?xml version="1.0" encoding="ISO-8859-1" standalone="no"?>
<!DOCTYPE review SYSTEM "derev.dtd">
<review ID="0102" title="ADangerousFortune" writer="KenFollett" author="ADavis" date="September 26, 2012" stars="5" suspectbook="0" unknownpurchase="0" nickname="0" cluster="1" allcluesclass="1" threecluesclass="1" sumclues="1" realclass="2" fold="1"><object>Amazing book. Beware of the new Ken Follet books</object><body>I loved this book. A true gripping historical drama that I could not put down. I write this review as I just tried to read the New Ken Follet book Winter of the World which is terrible. Buy this book but don't bother with his new stuff it's not the same guy.</body><tokens>i loved this book . a true gripping historical drama that i could not put down . i write this review as i just tried to read the new ken follet book winter of the world which is terrible . buy this book but do n't bother with his new stuff it 's not the same guy .</tokens><lemmas>i love this book . a true gripping historical drama IN i could not put down . i write this review as i just try to read the new ken &lt;unknown&gt; book winter of the world which be terrible . buy this book but do n't bother with his new stuff it be not the same guy . </lemmas><pos>NP VBD DT NN SENT DT JJ JJ JJ NN  NP MD RB VB RP SENT NNS VBP DT NN IN NP RB VBD TO VB DT JJ NN NN NN NN IN DT NN WDT VBZ JJ SENT VB DT NN CC VBP RB VB IN PP$ JJ NN PP VBZ RB DT JJ NN SENT </pos></review>
