<?xml version="1.0" encoding="ISO-8859-1" standalone="no"?>
<!DOCTYPE review SYSTEM "derev.dtd">
<review ID="0108" title="ADangerousFortune" writer="KenFollett" author="GordonComstockGordon" date="September 7, 2012" stars="2" suspectbook="0" unknownpurchase="1" nickname="1" cluster="1" allcluesclass="0" threecluesclass="0" sumclues="3" realclass="2" fold="7"><object>inglorious pile of words</object><body>follett has mastered the serial page-turner and this tome certainly fits the bill.  it reads easilly, not unlike a curtain call.  this pile of words is relevant, yet bloated and misleading.  the culprit, murderer is obvious.</body><tokens>follett has mastered the serial page-turner and this tome certainly fits the bill . it reads easilly , not unlike a curtain call . this pile of words is relevant , yet bloated and misleading . the culprit , murderer is obvious .</tokens><lemmas>Follett have master the serial &lt;unknown&gt; and this tome certainly fit the bill . it read &lt;unknown&gt; , not unlike a curtain call . this pile of word be relevant , yet bloated and mislead . the culprit , murderer be obvious . </lemmas><pos>NP VBZ VBN DT JJ NN CC DT NN RB VBZ DT NN SENT PP VBZ NNS , RB IN DT NN NN SENT DT NN IN NNS VBZ JJ , RB JJ CC VBG SENT DT NN , NN VBZ JJ SENT </pos></review>
