<?xml version="1.0" encoding="ISO-8859-1" standalone="no"?>
<!DOCTYPE review SYSTEM "derev.dtd">
<review ID="0103" title="ADangerousFortune" writer="KenFollett" author="Barbara" date="September 25, 2012" stars="4" suspectbook="0" unknownpurchase="0" nickname="1" cluster="1" allcluesclass="1" threecluesclass="0" sumclues="2" realclass="2" fold="2"><object>A Dangerous Fortune by Ken Follett</object><body>I enjoyed this book as I have all of Ken Follett's books I have read.Right from the beginning you were 'in there' with the Pilaster family, from the boys at school and the drama of the day, to where they grew up into good and not so good people. The family, their money, the trials of banking and you just wanted to slap Augusta! I thought it was a little bit predictable at the end, still a damn good read.</body><tokens>i enjoyed this book as i have all of ken follett 's books i have read . right from the beginning you were &quot; in there &quot; with the pilaster family , from the boys at school and the drama of the day , to where they grew up into good and not so good people . the family , their money , the trials of banking and you just wanted to slap augusta ! i thought it was a little bit predictable at the end , still a damn good read .</tokens><lemmas>i enjoy this book as i have all of ken &lt;unknown&gt; 's book i have read . right from the beginning you be &quot; in there &quot; with the pilaster family , from the boy at school and the drama of the day , to where they grow up into good and not so good people . the family , their money , the trial of banking and you just want to slap &lt;unknown&gt; ! i think it be a little bit predictable at the end , still a damn good read . </lemmas><pos>NP VBD DT NN IN NP VBP DT IN NN NN POS NNS NNS VBP VBN SENT RB IN DT NN PP VBD `` IN EX '' IN DT NN NN , IN DT NNS IN NN CC DT NN IN DT NN , TO WRB PP VBD RP IN JJ CC RB RB JJ NNS SENT DT NN , PP$ NN , DT NNS IN NN CC PP RB VBD TO VB NN SENT NP VBD PP VBD DT JJ NN JJ IN DT NN , RB DT JJ JJ NN SENT </pos></review>
