<?xml version="1.0" encoding="ISO-8859-1" standalone="no"?>
<!DOCTYPE review SYSTEM "derev.dtd">
<review ID="0106" title="ADangerousFortune" writer="KenFollett" author="DouglasHBartlettDrPepper" date="September 21, 2012" stars="4" suspectbook="0" unknownpurchase="0" nickname="0" cluster="1" allcluesclass="1" threecluesclass="1" sumclues="1" realclass="2" fold="5"><object>Somewhat formulaic</object><body>But STILL a good read. Anyone who knows Follett, will recognise the patterns and character types, but it was still most enjoyable and somewhat of a page turner.  Nice twists and turns, well written.</body><tokens>but still a good read . anyone who knows follett , will recognise the patterns and character types , but it was still most enjoyable and somewhat of a page turner . nice twists and turns , well written .</tokens><lemmas>but still a good read . anyone who know &lt;unknown&gt; , will recognise the pattern and character type , but it be still most enjoyable and somewhat of a page turner . nice twist and turn , well write . </lemmas><pos>CC RB DT JJ NN SENT NN WP VBZ NN , MD VB DT NNS CC NN NNS , CC PP VBD RB RBS JJ CC RB IN DT NN NN SENT JJ NNS CC NNS , RB VBN SENT </pos></review>
