<?xml version="1.0" encoding="ISO-8859-1" standalone="no"?>
<!DOCTYPE review SYSTEM "derev.dtd">
<review ID="0109" title="ADangerousFortune" writer="KenFollett" author="JohnFalbo" date="September 6, 2012" stars="3" suspectbook="0" unknownpurchase="0" nickname="1" cluster="1" allcluesclass="1" threecluesclass="0" sumclues="2" realclass="2" fold="8"><object>A Short Story Strretched Into A Novel</object><body>Lots of good insight to the lives and times of various social strata in horse and buggy London. Classic Follett craftsmanship in the development of characters and plot elements. However, I thought it gets repetitive in demonstrating that the villains are bad and the heroes/heroines are good guys.</body><tokens>lots of good insight to the lives and times of various social strata in horse and buggy london . classic follett craftsmanship in the development of characters and plot elements . however , i thought it gets repetitive in demonstrating that the villains are bad and the heroes / heroines are good guys .</tokens><lemmas>lot of good insight to the life and time of various social stratum in horse and buggy &lt;unknown&gt; . classic &lt;unknown&gt; craftsmanship in the development of character and plot element . however , i think it get repetitive in demonstrate IN the villain be bad and the hero / heroine be good guy . </lemmas><pos>NNS IN JJ NN TO DT NNS CC NNS IN JJ JJ NNS IN NN CC JJ NN SENT JJ NN NN IN DT NN IN NNS CC NN NNS SENT RB , NP VBD PP VBZ JJ IN VBG  DT NNS VBP JJ CC DT NNS SYM NNS VBP JJ NNS SENT </pos></review>
