<?xml version="1.0" encoding="ISO-8859-1" standalone="no"?>
<!DOCTYPE review SYSTEM "derev.dtd">
<review ID="0104" title="ADangerousFortune" writer="KenFollett" author="kwalker" date="September 25, 2012" stars="5" suspectbook="0" unknownpurchase="0" nickname="1" cluster="1" allcluesclass="1" threecluesclass="0" sumclues="2" realclass="2" fold="3"><object>Books by Ken Follett - A Dangerous Fortune</object><body>I have read a number of his books and I consider him an excellent writer. He is very good with the unexpected as well as keeping the reader engrossed in the story.</body><tokens>i have read a number of his books and i consider him an excellent writer . he is very good with the unexpected as well as keeping the reader engrossed in the story .</tokens><lemmas>i have read a number of his book and i consider him an excellent writer . he be very good with the unexpected as well as keep the reader engross in the story . </lemmas><pos>NNS VBP VBN DT NN IN PP$ NNS CC NNS VBP PP DT JJ NN SENT PP VBZ RB JJ IN DT JJ RB RB IN VBG DT NN VBN IN DT NN SENT </pos></review>
