<?xml version="1.0" encoding="ISO-8859-1" standalone="no"?>
<!DOCTYPE review SYSTEM "derev.dtd">
<review ID="0110" title="ADangerousFortune" writer="KenFollett" author="Christine" date="September 6, 2012" stars="5" suspectbook="0" unknownpurchase="0" nickname="1" cluster="1" allcluesclass="1" threecluesclass="0" sumclues="2" realclass="2" fold="9"><object>Chris' Favorites</object><body>I have this book in hardcover, and as I so often do, I reread books when I cannot find reading material that interest me. I had purchased my kindlefire by the time I got around to reading this book again so now I own a kindle version also. One of the best. A real page turner with lots of surprises. This author knows how to put a story together. I have many works by him and I am still buying.</body><tokens>i have this book in hardcover , and as i so often do , i reread books when i cannot find reading material that interest me . i had purchased my kindlefire by the time i got around to reading this book again so now i own a kindle version also . one of the best . a real page turner with lots of surprises . this author knows how to put a story together . i have many works by him and i am still buying .</tokens><lemmas>i have this book in hardcover , and as i so often do , i reread book when i can find read material that interest me . i have purchase my &lt;unknown&gt; by the time i get around to read this book again so now i own a kindle version also . one of the good . a real page turner with lot of surprise . this author know how to put a story together . i have many work by him and i be still buy . </lemmas><pos>NNS VBP DT NN IN NN , CC IN NP RB RB VB , NP VBD NNS WRB NP MD VB VBG NN DT NN PP SENT NP VBD VBN PP$ NN IN DT NN NP VBD RP TO VBG DT NN RB RB RB NNS VBP DT VBP NN RB SENT CD IN DT JJS SENT DT JJ NN NN IN NNS IN NNS SENT DT NN VBZ WRB TO VB DT NN RB SENT NNS VBP JJ NNS IN PP CC NP VBP RB VBG SENT </pos></review>
