<?xml version="1.0" encoding="ISO-8859-1" standalone="no"?>
<!DOCTYPE review SYSTEM "derev.dtd">
<review ID="0107" title="ADangerousFortune" writer="KenFollett" author="sharond" date="September 14, 2012" stars="4" suspectbook="0" unknownpurchase="0" nickname="1" cluster="0" allcluesclass="1" threecluesclass="1" sumclues="1" realclass="2" fold="6"><object>Excellent story and character development</object><body>Ken Follett doesn't disappoint in this novel as in his others by laying a foundation for understanding the characters and their backgrounds.  The story evolves as the characters grow older and find themselves as adults dealing with some whose morals and scruples are self-serving. Most of Follett's novels are slow moving at the beginning as he develops the story line.  Then the intrigue and the paths of the characters cross and become intertwined, thus adding complexity to the theme.  Even though I love to read the written word, I have listened to Follett's books on tape and the readers are excellent.</body><tokens>ken follett does n't disappoint in this novel as in his others by laying a foundation for understanding the characters and their backgrounds . the story evolves as the characters grow older and find themselves as adults dealing with some whose morals and scruples are self-serving . most of follett 's novels are slow moving at the beginning as he develops the story line . then the intrigue and the paths of the characters cross and become intertwined , thus adding complexity to the theme . even though i love to read the written word , i have listened to follett 's books on tape and the readers are excellent .</tokens><lemmas>ken &lt;unknown&gt; do n't disappoint in this novel as in his other by lay a foundation for understand the character and their background . the story evolve as the character grow old and find themselves as adult deal with some whose moral and scruple be self-serving . most of Follett 's novel be slow move at the beginning as he develop the story line . then the intrigue and the path of the character cross and become intertwine , thus add complexity to the theme . even though i love to read the written word , i have listen to Follett 's book on tape and the reader be excellent . </lemmas><pos>NN NN VBZ RB VB IN DT NN IN IN PP$ NNS IN VBG DT NN IN VBG DT NNS CC PP$ NNS SENT DT NN VBZ IN DT NNS VBP JJR CC VB PP IN NNS VBG IN DT WP$ NNS CC NNS VBP JJ SENT JJS IN NP POS NNS VBP RB VBG IN DT NN IN PP VBZ DT NN NN SENT RB DT NN CC DT NNS IN DT NNS VBP CC VBP VBN , RB VBG NN TO DT NN SENT RB IN NP VBP TO VB DT JJ NN , NNS VBP VBN TO NP POS NNS IN NN CC DT NNS VBP JJ SENT </pos></review>
