<?xml version="1.0" encoding="ISO-8859-1" standalone="no"?>
<!DOCTYPE review SYSTEM "derev.dtd">
<review ID="0101" title="ADangerousFortune" writer="KenFollett" author="GhBlumenfeldGerald" date="September 27, 2012" stars="5" suspectbook="0" unknownpurchase="0" nickname="0" cluster="1" allcluesclass="1" threecluesclass="1" sumclues="1" realclass="2" fold="0"><object>Could not put it down</object><body>It probably is not the best book Ken Follett has written nevertheless I loved every moment of reading it and found it absolutely entertaining.</body><tokens>it probably is not the best book ken follett has written nevertheless i loved every moment of reading it and found it absolutely entertaining .</tokens><lemmas>it probably be not the good book ken &lt;unknown&gt; have write nevertheless i love every moment of read it and find it absolutely entertaining . </lemmas><pos>PP RB VBZ RB DT JJS NN NN NN VBZ VBN RB NP VBD DT NN IN VBG PP CC VBD PP RB JJ SENT </pos></review>
