<?xml version="1.0" encoding="ISO-8859-1" standalone="no"?>
<!DOCTYPE review SYSTEM "derev.dtd">
<review ID="0105" title="ADangerousFortune" writer="KenFollett" author="mishar" date="September 22, 2012" stars="4" suspectbook="0" unknownpurchase="0" nickname="1" cluster="1" allcluesclass="1" threecluesclass="0" sumclues="2" realclass="2" fold="4"><object>A Dangerous Fortune</object><body>This was my first book by Ken Follett since I had read his Pillars of the Earth and I was not disappointed ! Just a great story that is woven together in a couple of decades that you have to wait to unravel the mystery question till the end .Just a great story that is very enjoyable to read I would suggest as a great book to anyone!</body><tokens>this was my first book by ken follett since i had read his pillars of the earth and i was not disappointed ! just a great story that is woven together in a couple of decades that you have to wait to unravel the mystery question till the end . just a great story that is very enjoyable to read i would suggest as a great book to anyone !</tokens><lemmas>this be my first book by ken &lt;unknown&gt; since i have read his pillar of the earth and i be not disappoint ! just a great story that be weave together in a couple of decade IN you have to wait to unravel the mystery question till the end . just a great story that be very enjoyable to read i would suggest as a great book to anyone ! </lemmas><pos>DT VBD PP$ JJ NN IN NN NN IN NP VBD VBN PP$ NNS IN DT NN CC NP VBD RB VBN SENT RB DT JJ NN WDT VBZ VBN RB IN DT NN IN NNS  PP VBP TO VB TO VB DT NN NN IN DT NN SENT RB DT JJ NN WDT VBZ RB JJ TO VB NP MD VB IN DT JJ NN TO NN SENT </pos></review>
