<?xml version="1.0" encoding="ISO-8859-1" standalone="no"?>
<!DOCTYPE review SYSTEM "derev.dtd">
<review ID="0114" title="ADangerousFortune" writer="KenFollett" author="bookloverinHonolulu" date="August 25, 2012" stars="5" suspectbook="0" unknownpurchase="0" nickname="1" cluster="0" allcluesclass="1" threecluesclass="1" sumclues="1" realclass="2" fold="3"><object>Great read, even second time around.</object><body>I have read so many books by Ken Follet over the years, I had forgotten I read this story before.  I bought it after my mom recommended it recently.  This is a great story - alot of characters with their own individuality but the threads of the story are all tangled together.  I was very satisfied reading this story a second time around.  If you are new to Ken Follet, don't miss this one.</body><tokens>i have read so many books by ken follet over the years , i had forgotten i read this story before . i bought it after my mom recommended it recently . this is a great story - alot of characters with their own individuality but the threads of the story are all tangled together . i was very satisfied reading this story a second time around . if you are new to ken follet , do n't miss this one .</tokens><lemmas>i have read so many book by ken &lt;unknown&gt; over the year , i have forget i read this story before . i buy it after my mom recommend it recently . this be a great story - &lt;unknown&gt; of character with their own individuality but the thread of the story be all tangle together . i be very satisfy read this story a second time around . if you be new to ken &lt;unknown&gt; , do n't miss this one . </lemmas><pos>NNS VBP VBN IN JJ NNS IN NN NN IN DT NNS , NP VBD VBN NP VBD DT NN RB SENT NP VBD PP IN PP$ NN VBD PP RB SENT DT VBZ DT JJ NN : NN IN NNS IN PP$ JJ NN CC DT NNS IN DT NN VBP RB VBN RB SENT NP VBD RB VBN VBG DT NN DT JJ NN RB SENT IN PP VBP JJ TO VB NN , VBP RB VB DT CD SENT </pos></review>
