<?xml version="1.0" encoding="ISO-8859-1" standalone="no"?>
<!DOCTYPE review SYSTEM "derev.dtd">
<review ID="0115" title="ADangerousFortune" writer="KenFollett" author="TC" date="August 15, 2012" stars="5" suspectbook="0" unknownpurchase="1" nickname="1" cluster="1" allcluesclass="0" threecluesclass="0" sumclues="3" realclass="2" fold="4"><object>What a relevance!</object><body>This book is like a nigthmare similarity to the current situation in the financial market, even if it was written years ago and is describing the financial market prior to 1900.</body><tokens>this book is like a nigthmare similarity to the current situation in the financial market , even if it was written years ago and is describing the financial market prior to 1900 .</tokens><lemmas>this book be like a &lt;unknown&gt; similarity to the current situation in the financial market , even if it be write year ago and be describe the financial market prior to @card@ . </lemmas><pos>DT NN VBZ IN DT JJ NN TO DT JJ NN IN DT JJ NN , RB IN PP VBD VBN NNS RB CC VBZ VBG DT JJ NN RB TO CD SENT </pos></review>
