<?xml version="1.0" encoding="ISO-8859-1" standalone="no"?>
<!DOCTYPE review SYSTEM "derev.dtd">
<review ID="0118" title="ADangerousFortune" writer="KenFollett" author="mike" date="July 29, 2012" stars="5" suspectbook="0" unknownpurchase="0" nickname="1" cluster="1" allcluesclass="1" threecluesclass="0" sumclues="2" realclass="2" fold="7"><object>the author</object><body>I have read many of Ken Folletts books and have found them all to be informative and entertaining.I beleive that he arguably can be considered one of histoies great novellists.I cannot wait for the release in September of his next book.</body><tokens>i have read many of ken folletts books and have found them all to be informative and entertaining . i beleive that he arguably can be considered one of histoies great novellists . i cannot wait for the release in september of his next book .</tokens><lemmas>i have read many of ken &lt;unknown&gt; book and have find them all to be informative and entertaining . i &lt;unknown&gt; IN he arguably can be consider one of &lt;unknown&gt; great &lt;unknown&gt; . i can wait for the release in September of his next book . </lemmas><pos>NNS VBP VBN JJ IN NN NNS NNS CC VBP VBN PP DT TO VB JJ CC JJ SENT NP NN  PP RB MD VB VBN CD IN NNS JJ NNS SENT NP MD VB IN DT NN IN NN IN PP$ JJ NN SENT </pos></review>
