<?xml version="1.0" encoding="ISO-8859-1" standalone="no"?>
<!DOCTYPE review SYSTEM "derev.dtd">
<review ID="0113" title="ADangerousFortune" writer="KenFollett" author="marian" date="September 6, 2012" stars="5" suspectbook="0" unknownpurchase="0" nickname="1" cluster="1" allcluesclass="1" threecluesclass="0" sumclues="2" realclass="2" fold="2"><object>A Dangerous Fortune</object><body>I have been reading something else and trying to catch up on some books that have been on device for some time, consequently I have not read A Dangerous Fortune, but have no doubt that it will be up to Ken Follett's usual work.</body><tokens>i have been reading something else and trying to catch up on some books that have been on device for some time , consequently i have not read a dangerous fortune , but have no doubt that it will be up to ken follett 's usual work .</tokens><lemmas>i have be read something else and try to catch up on some book that have be on device for some time , consequently i have not read a dangerous fortune , but have no doubt IN it will be up to ken Follett 's usual work . </lemmas><pos>NNS VBP VBN VBG NN RB CC VBG TO VB RP IN DT NNS WDT VBP VBN IN NN IN DT NN , RB NNS VBP RB VBN DT JJ NN , CC VB DT NN  PP MD VB RB TO VB NP POS JJ NN SENT </pos></review>
