<?xml version="1.0" encoding="ISO-8859-1" standalone="no"?>
<!DOCTYPE review SYSTEM "derev.dtd">
<review ID="0121" title="ADangerousFortune" writer="KenFollett" author="JudithAMurphy" date="June 30, 2012" stars="5" suspectbook="0" unknownpurchase="0" nickname="0" cluster="0" allcluesclass="1" threecluesclass="1" sumclues="0" realclass="2" fold="9"><object>Follett Delivers !</object><body>This is one of the best non-fiction books I have ever read.  And I read a lot...really a lot. There are dozens of books which I loved and I am grateful for each one that came into my life. Dangerous Fortune is one of those books - (somewhat like &quot;Lonesome Dove&quot; or &quot;Kane and Able&quot;)  where you find yourself lost in another world and really caring about the characters.  It is one of those books you cannot put down, yet there is a sense of loss when you have finished. And that is why I say it Totally Delivers.....it's what fiction should be.</body><tokens>this is one of the best non-fiction books i have ever read . and i read a lot ... really a lot . there are dozens of books which i loved and i am grateful for each one that came into my life . dangerous fortune is one of those books - ( somewhat like &quot; lonesome dove &quot; or &quot; kane and able &quot; ) where you find yourself lost in another world and really caring about the characters . it is one of those books you cannot put down , yet there is a sense of loss when you have finished . and that is why i say it totally delivers ..... it 's what fiction should be .</tokens><lemmas>this be one of the good non-fiction book i have ever read . and i read a lot ... really a lot . there be dozen of book which i love and i be grateful for each one that come into my life . dangerous fortune be one of those books - ( somewhat like &quot; lonesome dove &quot; or &quot; &lt;unknown&gt; and able &quot; ) where you find yourself lose in another world and really care about the character . it be one of those book you can put down , yet there be a sense of loss when you have finish . and that be why i say it totally deliver &lt;unknown&gt; it be what fiction should be . </lemmas><pos>DT VBZ CD IN DT JJS NN NNS NNS VBP RB VBN SENT CC NP VBD DT NN : RB DT NN SENT EX VBP NNS IN NNS WDT NP VBD CC NP VBP JJ IN DT CD WDT VBD IN PP$ NN SENT JJ NN VBZ CD IN DT NN : ( RB IN `` JJ NN '' CC `` JJ CC JJ '' ) WRB PP VBP PP VBD IN DT NN CC RB VBG IN DT NNS SENT PP VBZ CD IN DT NNS PP MD VB RP , CC EX VBZ DT NN IN NN WRB PP VBP VBN SENT CC DT VBZ WRB NNS VBP PP RB VBZ JJ PP VBZ WP NN MD VB SENT </pos></review>
