<?xml version="1.0" encoding="ISO-8859-1" standalone="no"?>
<!DOCTYPE review SYSTEM "derev.dtd">
<review ID="0117" title="ADangerousFortune" writer="KenFollett" author="Lovey" date="July 31, 2012" stars="4" suspectbook="0" unknownpurchase="0" nickname="1" cluster="1" allcluesclass="1" threecluesclass="0" sumclues="2" realclass="2" fold="6"><object>Ken Follett 's Dangerous Fortune</object><body>I have only read a couple Ken Follett books (so far) but I just loved this book. It was similar to Jeffery Archer's style and I have been a big fan of Jeffery Archer. The characters were so well described and the plot kept me totally turning pages right up through to the end. It was especially interesting how appropriately justice was served.</body><tokens>i have only read a couple ken follett books ( so far ) but i just loved this book . it was similar to jeffery archer 's style and i have been a big fan of jeffery archer . the characters were so well described and the plot kept me totally turning pages right up through to the end . it was especially interesting how appropriately justice was served .</tokens><lemmas>i have only read a couple ken &lt;unknown&gt; book ( so far ) but i just love this book . it be similar to &lt;unknown&gt; archer 's style and i have be a big fan of &lt;unknown&gt; archer . the character be so well describe and the plot keep me totally turn page right up through to the end . it be especially interesting how appropriately justice be serve . </lemmas><pos>NNS VBP RB VBN DT NN NN NN NNS ( RB RB ) CC NP RB VBD DT NN SENT PP VBD JJ TO NN NN POS NN CC NP VBP VBN DT JJ NN IN NN NN SENT DT NNS VBD RB RB VBN CC DT NN VBD PP RB VBG NNS RB RB IN TO DT NN SENT PP VBD RB JJ WRB RB NN VBD VBN SENT </pos></review>
