<?xml version="1.0" encoding="ISO-8859-1" standalone="no"?>
<!DOCTYPE review SYSTEM "derev.dtd">
<review ID="0116" title="ADangerousFortune" writer="KenFollett" author="EvangelineStudney" date="August 15, 2012" stars="5" suspectbook="0" unknownpurchase="0" nickname="1" cluster="1" allcluesclass="1" threecluesclass="0" sumclues="2" realclass="2" fold="5"><object>Great book</object><body>This is the first time I have read a Ken Follett book.  I have always steered away from his books - thought they were all about wars and guns - not so!  This was a great read and I will be looking at more of his books.</body><tokens>this is the first time i have read a ken follett book . i have always steered away from his books - thought they were all about wars and guns - not so ! this was a great read and i will be looking at more of his books .</tokens><lemmas>this be the first time i have read a ken &lt;unknown&gt; book . i have always steer away from his book - think they be all about war and gun - not so ! this be a great read and i will be look at more of his book . </lemmas><pos>DT VBZ DT JJ NN NNS VBP VBN DT NN NN NN SENT NNS VBP RB VBN RB IN PP$ NNS : VBD PP VBD RB IN NNS CC NNS : RB RB SENT DT VBD DT JJ NN CC NP MD VB VBG IN JJR IN PP$ NNS SENT </pos></review>
