<?xml version="1.0" encoding="ISO-8859-1" standalone="no"?>
<!DOCTYPE review SYSTEM "derev.dtd">
<review ID="0119" title="ADangerousFortune" writer="KenFollett" author="JosephJOBrien" date="July 27, 2012" stars="4" suspectbook="0" unknownpurchase="0" nickname="1" cluster="1" allcluesclass="1" threecluesclass="0" sumclues="2" realclass="2" fold="8"><object>tob</object><body>storyline did not hold my interest as much as other books he has written; but, it kept me turning pages.I went on to reading &quot;NIGHT OVER WATER&quot; and loved it.</body><tokens>storyline did not hold my interest as much as other books he has written ; but , it kept me turning pages . i went on to reading &quot; night over water &quot; and loved it .</tokens><lemmas>storyline do not hold my interest as much as other book he have write ; but , it keep me turn page . i go on to reading &quot; night over water &quot; and love it . </lemmas><pos>NN VBD RB VB PP$ NN RB RB IN JJ NNS PP VBZ VBN : CC , PP VBD PP VBG NNS SENT NP VBD IN TO NN '' NN IN NN '' CC VBD PP SENT </pos></review>
