<?xml version="1.0" encoding="ISO-8859-1" standalone="no"?>
<!DOCTYPE review SYSTEM "derev.dtd">
<review ID="0111" title="ADangerousFortune" writer="KenFollett" author="linda" date="September 6, 2012" stars="4" suspectbook="0" unknownpurchase="0" nickname="1" cluster="1" allcluesclass="1" threecluesclass="0" sumclues="2" realclass="2" fold="0"><object>A Dangerous Fortune</object><body>Ken Follett is a remarkable author and the book was a good read.  However, compared to the Stonecutter, this one paled somewhat.  I am looking forward to reading more of his work, but this one did not impress me as much as I had hoped.</body><tokens>ken follett is a remarkable author and the book was a good read . however , compared to the stonecutter , this one paled somewhat . i am looking forward to reading more of his work , but this one did not impress me as much as i had hoped .</tokens><lemmas>ken &lt;unknown&gt; be a remarkable author and the book be a good read . however , compare to the stonecutter , this one pale somewhat . i be look forward to read more of his work , but this one do not impress me as much as i have hope . </lemmas><pos>NN NN VBZ DT JJ NN CC DT NN VBD DT JJ NN SENT RB , VBN TO DT NN , DT CD VBD RB SENT NNS VBP VBG RB TO VBG JJR IN PP$ NN , CC DT CD VBD RB VB PP RB RB IN NP VBD VBN SENT </pos></review>
