<?xml version="1.0" encoding="ISO-8859-1" standalone="no"?>
<!DOCTYPE review SYSTEM "derev.dtd">
<review ID="0112" title="ADangerousFortune" writer="KenFollett" author="Susi" date="September 6, 2012" stars="5" suspectbook="0" unknownpurchase="0" nickname="1" cluster="1" allcluesclass="1" threecluesclass="0" sumclues="2" realclass="2" fold="1"><object>Follett at his best</object><body>Ken Follett has again written a grippping family saga - his characters are well developed and believable, the story line engrossing, the subterfuge at his best! I was surprised I had missed this book when it first came out since I think I have read everything the man has written!!! I find his family sagas much more engrossing than his spy stories.... Happy reading!  I could hardly put the Kindle down!</body><tokens>ken follett has again written a grippping family saga - his characters are well developed and believable , the story line engrossing , the subterfuge at his best ! i was surprised i had missed this book when it first came out since i think i have read everything the man has written !!! i find his family sagas much more engrossing than his spy stories .... happy reading ! i could hardly put the kindle down !</tokens><lemmas>ken &lt;unknown&gt; have again write a &lt;unknown&gt; family saga - his character be well develop and believable , the story line engross , the subterfuge at his good ! i be surprise i have miss this book when it first come out since i think i have read everything the man have write &lt;unknown&gt; i find his family saga much more engross than his spy storey ... happy reading ! i could hardly put the kindle down ! </lemmas><pos>NN NN VBZ RB VBN DT JJ NN NN : PP$ NNS VBP RB VBN CC JJ , DT NN NN VBG , DT NN IN PP$ JJS SENT NP VBD VBN NP VBD VBN DT NN WRB PP RB VBD RP IN NP VBP NNS VBP VBN NN DT NN VBZ VBN JJ NNS VBP PP$ NN NNS RB RBR VBG IN PP$ NN NNS : JJ NN SENT NP MD RB VB DT VB RP SENT </pos></review>
