<?xml version="1.0" encoding="ISO-8859-1" standalone="no"?>
<!DOCTYPE review SYSTEM "derev.dtd">
<review ID="0127" title="ADangerousFortune" writer="KenFollett" author="BooksintheBurghLeigh" date="January 3, 2012" stars="5" suspectbook="0" unknownpurchase="0" nickname="1" cluster="0" allcluesclass="1" threecluesclass="1" sumclues="1" realclass="2" fold="5"><object>Ken Follett doesn't disappoint</object><body>Ken Follett's one of my favorite authors and he didn't disappoint with A Dangerous Fortune. The book begins with a mysterious drowning at an all-boys boarding school in England in 1866, and then follows the lives of the boys present at the drowning as well as some other boys from the school as they enter adulthood in London. The novel centers around the Pilaster's, an mostly upper class family that runs one of the largest banks in the city. Cousins Edward and Hugh Pilaster were both present at the drowning as kids and grow up to work at the bank. Hugh is poor, hardworking and a brilliant banker, while Edward is wealthy, lazy and inept, and this causes friction between them and the other Pilaster family members as they both try to become partners at the bank. The other central characters of the novel are Edward's cunning mother Augusta, who is bound and determined to keep her family's status and wealth in tact, and his friend Micky (also present at the drowning), who has a dark side and is trying to climb the social ladder in London and impress his father back home in South America. Of course, there are plenty of women around as well, as in most of Follett's novels, and everyone seems to be lusting after someone other than their husband or wife. And beware, Follett isn't bashful when it comes to sex scenes. What I love most about Follett's writing is the characters he creates. He has the ability to create a large cast of characters, that are either endearing, despicable or somewhere in-between, and then he manages to intertwine their stories in the most engrossing and interesting way. Many of his books are long...but they're also fast-paced page turners and I always wish they were even longer.</body><tokens>ken follett 's one of my favorite authors and he did n't disappoint with a dangerous fortune . the book begins with a mysterious drowning at an all-boys boarding school in england in 1866 , and then follows the lives of the boys present at the drowning as well as some other boys from the school as they enter adulthood in london . the novel centers around the pilaster 's , an mostly upper class family that runs one of the largest banks in the city . cousins edward and hugh pilaster were both present at the drowning as kids and grow up to work at the bank . hugh is poor , hardworking and a brilliant banker , while edward is wealthy , lazy and inept , and this causes friction between them and the other pilaster family members as they both try to become partners at the bank . the other central characters of the novel are edward 's cunning mother augusta , who is bound and determined to keep her family 's status and wealth in tact , and his friend micky ( also present at the drowning ) , who has a dark side and is trying to climb the social ladder in london and impress his father back home in south america . of course , there are plenty of women around as well , as in most of follett 's novels , and everyone seems to be lusting after someone other than their husband or wife . and beware , follett is n't bashful when it comes to sex scenes . what i love most about follett 's writing is the characters he creates . he has the ability to create a large cast of characters , that are either endearing , despicable or somewhere in-between , and then he manages to intertwine their stories in the most engrossing and interesting way . many of his books are long ... but they &quot; re also fast-paced page turners and i always wish they were even longer .</tokens><lemmas>ken &lt;unknown&gt; be one of my favorite author and he do n't disappoint with a dangerous fortune . the book begin with a mysterious drown at an &lt;unknown&gt; board school in &lt;unknown&gt; in @card@ , and then follow the life of the boy present at the drown as well as some other boy from the school as they enter adulthood in &lt;unknown&gt; . the novel center around the pilaster 's , an mostly upper class family that run one of the large bank in the city . cousin &lt;unknown&gt; and &lt;unknown&gt; pilaster be both present at the drown as kid and grow up to work at the bank . &lt;unknown&gt; be poor , hardwork and a brilliant banker , while &lt;unknown&gt; be wealthy , lazy and inept , and this cause friction between them and the other pilaster family member as they both try to become partner at the bank . the other central character of the novel be Edward 's cunning mother &lt;unknown&gt; , who be bind and determine to keep her family 's status and wealth in tact , and his friend micky ( also present at the drown ) , who have a dark side and be try to climb the social ladder in &lt;unknown&gt; and impress his father back home in south &lt;unknown&gt; . of course , there be plenty of woman around as well , as in most of Follett 's novel , and everyone seem to be lust after someone other than their husband or wife . and beware , Follett be n't bashful when it come to sex scene . what i love most about Follett 's writing be the character he create . he have the ability to create a large cast of character , that be either endear , despicable or somewhere in-between , and then he manage to intertwine their storey in the most engross and interesting way . many of his book be long ... but they &quot; re also fast-paced page turner and i always wish they be even longer . </lemmas><pos>NN NN VBZ CD IN PP$ JJ NNS CC PP VBD RB VB IN DT JJ NN SENT DT NN VBZ IN DT JJ VBG IN DT NNS VBG NN IN NN IN CD , CC RB VBZ DT NNS IN DT NNS JJ IN DT VBG RB RB IN DT JJ NNS IN DT NN IN PP VBP NN IN NN SENT DT NN NNS IN DT NN POS , DT RB JJ NN NN WDT VBZ CD IN DT JJS NNS IN DT NN SENT NNS NN CC NN NN VBD DT NN IN DT VBG IN NNS CC VB RP TO VB IN DT NN SENT NN VBZ JJ , VBG CC DT JJ NN , IN NN VBZ JJ , JJ CC JJ , CC DT NNS NN IN PP CC DT JJ NN NN NNS IN PP CC VBP TO VB NNS IN DT NN SENT DT JJ JJ NNS IN DT NN VBP NP POS JJ NN NN , WP VBZ VBN CC VBN TO VB PP$ NN POS NN CC NN IN NN , CC PP$ NN NN ( RB JJ IN DT VBG ) , WP VBZ DT JJ NN CC VBZ VBG TO VB DT JJ NN IN NN CC VB PP$ NN RB RB IN JJ NN SENT IN NN , EX VBP NN IN NNS IN RB RB , IN IN JJS IN NP POS NNS , CC NN VBZ TO VB VBG IN NN JJ IN PP$ NN CC NN SENT CC VB , NP VBZ RB JJ WRB PP VBZ TO NN NNS SENT WP NNS VBP RBS RB NP POS NN VBZ DT NNS PP VBZ SENT PP VBZ DT NN TO VB DT JJ NN IN NNS , WDT VBP RB VBG , JJ CC RB NN , CC RB PP VBZ TO VB PP$ NNS IN DT RBS VBG CC JJ NN SENT JJ IN PP$ NNS VBP JJ : CC PP `` IN RB JJ NN NNS CC NNS RB VBP PP VBD RB RBR SENT </pos></review>
