<?xml version="1.0" encoding="ISO-8859-1" standalone="no"?>
<!DOCTYPE review SYSTEM "derev.dtd">
<review ID="0128" title="ADangerousFortune" writer="KenFollett" author="ANAVIDREADER" date="December 28, 2011" stars="5" suspectbook="0" unknownpurchase="1" nickname="1" cluster="0" allcluesclass="1" threecluesclass="0" sumclues="2" realclass="2" fold="6"><object>Another great follet book!</object><body>After reading quite possibly the best book of my life (&quot;The Pillars of the Earth&quot;) a few months ago, I became an instant Follet fan. I've read five of his books now and every one of them has been great! This is coming from a guy in his 20's who isn't exactly a &quot;history buff.&quot;  Last week, I finished a place called freedom in 26 hours! Soon after I jumped into this book and as always Follet delivered.  A Dangerous Fortune is a classic example of Ken's historical fiction. Real characters who play good and bad parts in each other's lives over a long period of time (about 26 years in this book) This one has it all...scandal, love, controversy, struggle, karma, wealth, sex, drama, and of course excitiment and entertainment!   Follet is remarkable at creating a visual environment over a hundred years ago, and filling it with great lively characters.  I truly believe Follet is among the best in these two aspects and every historical fiction i've read from him delivers big time. A Dagerous Fortune is no exception! I highly reccomend this book...and more importanty I highly recommend Follet's historical novels! Can't wait to read my next Follet &quot;Night Over Water&quot;</body><tokens>after reading quite possibly the best book of my life ( &quot; the pillars of the earth &quot; ) a few months ago , i became an instant follet fan . i 've read five of his books now and every one of them has been great ! this is coming from a guy in his 20 's who is n't exactly a &quot; history buff . &quot; last week , i finished a place called freedom in 26 hours ! soon after i jumped into this book and as always follet delivered . a dangerous fortune is a classic example of ken 's historical fiction . real characters who play good and bad parts in each other 's lives over a long period of time ( about 26 years in this book ) this one has it all ... scandal , love , controversy , struggle , karma , wealth , sex , drama , and of course excitiment and entertainment ! follet is remarkable at creating a visual environment over a hundred years ago , and filling it with great lively characters . i truly believe follet is among the best in these two aspects and every historical fiction i 've read from him delivers big time . a dagerous fortune is no exception ! i highly reccomend this book ... and more importanty i highly recommend follet 's historical novels ! ca n't wait to read my next follet &quot; night over water &quot;</tokens><lemmas>after read quite possibly the good book of my life ( &quot; the pillar of the earth &quot; ) a few month ago , i become an instant &lt;unknown&gt; fan . i have read five of his book now and every one of them have be great ! this be come from a guy in his @card@ be who be n't exactly a &quot; history buff . &quot; last week , i finish a place call freedom in @card@ hour ! soon after i jump into this book and as always &lt;unknown&gt; deliver . a dangerous fortune be a classic example of ken 's historical fiction . real character who play good and bad part in each other 's life over a long period of time ( about @card@ year in this book ) this one have it all ... scandal , love , controversy , struggle , karma , wealth , sex , drama , and of course &lt;unknown&gt; and entertainment ! &lt;unknown&gt; be remarkable at create a visual environment over a hundred year ago , and fill it with great lively character . i truly believe &lt;unknown&gt; be among the good in these two aspect and every historical fiction i have read from him deliver big time . a &lt;unknown&gt; fortune be no exception ! i highly &lt;unknown&gt; this book ... and more &lt;unknown&gt; i highly recommend &lt;unknown&gt; 's historical novel ! ca n't wait to read my next &lt;unknown&gt; &quot; night over water &quot; </lemmas><pos>IN VBG RB RB DT JJS NN IN PP$ NN ( `` DT NNS IN DT NN '' ) DT JJ NNS RB , NP VBD DT JJ NN NN SENT NNS VBP VBN CD IN PP$ NNS RB CC DT CD IN PP VBZ VBN JJ SENT DT VBZ VBG IN DT NN IN PP$ CD VBZ WP VBZ RB RB DT `` NN NN SENT '' JJ NN , NP VBD DT NN VBD NN IN CD NNS SENT RB IN NP VBD IN DT NN CC RB RB NN VBN SENT DT JJ NN VBZ DT JJ NN IN NN POS JJ NN SENT JJ NNS WP VBP JJ CC JJ NNS IN DT JJ POS NNS IN DT JJ NN IN NN ( RB CD NNS IN DT NN ) DT CD VBZ PP RB : NN , NN , NN , NN , NN , NN , NN , NN , CC IN NN NN CC NN SENT NN VBZ JJ IN VBG DT JJ NN IN DT CD NNS RB , CC VBG PP IN JJ JJ NNS SENT NP RB VBP NN VBZ IN DT JJS IN DT CD NNS CC DT JJ NN NNS VBP VBN IN PP VBZ JJ NN SENT DT JJ NN VBZ DT NN SENT NP RB VBP DT NN : CC JJR NN NNS RB VBP NN POS JJ NNS SENT MD RB VB TO VB PP$ JJ NN '' NN IN NN '' </pos></review>
