<?xml version="1.0" encoding="ISO-8859-1" standalone="no"?>
<!DOCTYPE review SYSTEM "derev.dtd">
<review ID="0124" title="ADangerousFortune" writer="KenFollett" author="RHubbard" date="March 28, 2012" stars="5" suspectbook="0" unknownpurchase="0" nickname="0" cluster="0" allcluesclass="1" threecluesclass="1" sumclues="0" realclass="2" fold="2"><object>Un-put-down-a-ble</object><body>I still get a bad taste in my mouth at the mere thought of one of the characters in this novel.  (She's a nasty piece of work.)  The story was interesting and provided insight into the English public (read private in the US) school system and the products thereof.</body><tokens>i still get a bad taste in my mouth at the mere thought of one of the characters in this novel . ( she 's a nasty piece of work . ) the story was interesting and provided insight into the english public ( read private in the us ) school system and the products thereof .</tokens><lemmas>i still get a bad taste in my mouth at the mere thought of one of the character in this novel . ( she be a nasty piece of work . ) the story be interesting and provide insight into the English public ( read private in the us ) school system and the product thereof . </lemmas><pos>NP RB VB DT JJ NN IN PP$ NN IN DT JJ NN IN CD IN DT NNS IN DT NN SENT ( PP VBZ DT JJ NN IN NN SENT ) DT NN VBD JJ CC VBN NN IN DT JJ NN ( VB JJ IN DT PP ) NN NN CC DT NNS RB SENT </pos></review>
