<?xml version="1.0" encoding="ISO-8859-1" standalone="no"?>
<!DOCTYPE review SYSTEM "derev.dtd">
<review ID="0132" title="ADangerousFortune" writer="KenFollett" author="WAZZUP" date="November 4, 2011" stars="4" suspectbook="0" unknownpurchase="1" nickname="1" cluster="1" allcluesclass="0" threecluesclass="0" sumclues="3" realclass="2" fold="9"><object>Great Book</object><body>I can't say that I liked this book as much as Pillars of the Earth or World Without End, but it was still great. I was intrigued through the whole thing.</body><tokens>i ca n't say that i liked this book as much as pillars of the earth or world without end , but it was still great . i was intrigued through the whole thing .</tokens><lemmas>i ca n't say IN i like this book as much as pillar of the earth or world without end , but it be still great . i be intrigue through the whole thing . </lemmas><pos>NP MD RB VB  NP VBD DT NN RB RB IN NNS IN DT NN CC NN IN NN , CC PP VBD RB JJ SENT NP VBD VBN IN DT JJ NN SENT </pos></review>
