<?xml version="1.0" encoding="ISO-8859-1" standalone="no"?>
<!DOCTYPE review SYSTEM "derev.dtd">
<review ID="0130" title="ADangerousFortune" writer="KenFollett" author="RafaelMGuimaraes" date="December 3, 2011" stars="4" suspectbook="0" unknownpurchase="0" nickname="1" cluster="0" allcluesclass="1" threecluesclass="1" sumclues="1" realclass="2" fold="7"><object>Annoyed by spelling errors at the Kindle edition</object><body>I loved the story. But the Kindle edition has several spelling errors! Very annoying and disapointing... How can they charge for such a lousy job?</body><tokens>i loved the story . but the kindle edition has several spelling errors ! very annoying and disapointing ... how can they charge for such a lousy job ?</tokens><lemmas>i love the story . but the kindle edition have several spelling error ! very annoy and disapointing ... how can they charge for such a lousy job ? </lemmas><pos>NP VBD DT NN SENT CC DT VBP NN VBZ JJ NN NNS SENT RB VBG CC NN : WRB MD PP VB IN PDT DT JJ NN SENT </pos></review>
