<?xml version="1.0" encoding="ISO-8859-1" standalone="no"?>
<!DOCTYPE review SYSTEM "derev.dtd">
<review ID="0131" title="ADangerousFortune" writer="KenFollett" author="JoseCasasSanchez" date="November 6, 2011" stars="5" suspectbook="0" unknownpurchase="0" nickname="0" cluster="1" allcluesclass="1" threecluesclass="1" sumclues="1" realclass="2" fold="8"><object>A Dangerous Fortune</object><body>This man Follet is a sort of a genius to keep one entertained for hours on end and always one gets surprises, the unexpected, the emotions, he knows human nature to the core and has the gift of imagination and the art and ability to write extremely well. I do enjoy his novels more and more, every day. I am expecting with anxiety the second volume of the &quot;Fall of Giants...&quot; Buying from Amazon has many advantages, the main ones is service and promptness, I am very happy with Amazon. Jose Casas</body><tokens>this man follet is a sort of a genius to keep one entertained for hours on end and always one gets surprises , the unexpected , the emotions , he knows human nature to the core and has the gift of imagination and the art and ability to write extremely well . i do enjoy his novels more and more , every day . i am expecting with anxiety the second volume of the &quot; fall of giants ... &quot; buying from amazon has many advantages , the main ones is service and promptness , i am very happy with amazon . jose casas</tokens><lemmas>this man &lt;unknown&gt; be a sort of a genius to keep one entertain for hour on end and always one get surprise , the unexpected , the emotion , he know human nature to the core and have the gift of imagination and the art and ability to write extremely well . i do enjoy his novel more and more , every day . i be expect with anxiety the second volume of the &quot; fall of giant ... &quot; buy from amazon have many advantage , the main one be service and promptness , i be very happy with amazon . &lt;unknown&gt; &lt;unknown&gt; </lemmas><pos>DT NN NN VBZ DT NN IN DT NN TO VB CD VBN IN NNS IN NN CC RB PP VBZ NNS , DT JJ , DT NNS , PP VBZ JJ NN TO DT NN CC VBZ DT NN IN NN CC DT NN CC NN TO VB RB RB SENT NNS VBP VB PP$ NNS RBR CC RBR , DT NN SENT NNS VBP VBG IN NN DT JJ NN IN DT `` NN IN NNS : `` VBG IN NN VBZ JJ NNS , DT JJ NNS VBZ NN CC NN , NNS VBP RB JJ IN NN SENT JJ NNS </pos></review>
