<?xml version="1.0" encoding="ISO-8859-1" standalone="no"?>
<!DOCTYPE review SYSTEM "derev.dtd">
<review ID="0126" title="ADangerousFortune" writer="KenFollett" author="ivar" date="March 4, 2012" stars="4" suspectbook="0" unknownpurchase="0" nickname="1" cluster="0" allcluesclass="1" threecluesclass="1" sumclues="1" realclass="2" fold="4"><object>Good story</object><body>I have read many of Ken Follett books. A Dangerous Fortune is a very good book. Not his best, which in my opinion is World Without End. There are so many fine historical details in his books.You really feels he has put a lot of time and effort into research of the times he is describing. A Dangerous Fortune is about greed and envy, however it also gives us a great picture of life in London during the late 19th century. I hope Ken Follett will come out with more historical fiction.</body><tokens>i have read many of ken follett books . a dangerous fortune is a very good book . not his best , which in my opinion is world without end . there are so many fine historical details in his books . you really feels he has put a lot of time and effort into research of the times he is describing . a dangerous fortune is about greed and envy , however it also gives us a great picture of life in london during the late 19th century . i hope ken follett will come out with more historical fiction .</tokens><lemmas>i have read many of ken &lt;unknown&gt; book . a dangerous fortune be a very good book . not his good , which in my opinion be world without end . there be so many fine historical detail in his book . you really feel he have put a lot of time and effort into research of the time he be describe . a dangerous fortune be about greed and envy , however it also give us a great picture of life in &lt;unknown&gt; during the late 19th century . i hope ken &lt;unknown&gt; will come out with more historical fiction . </lemmas><pos>NNS VBP VBN JJ IN NN NN NNS SENT DT JJ NN VBZ DT RB JJ NN SENT RB PP$ JJS , WDT IN PP$ NN VBZ NN IN NN SENT EX VBP RB JJ JJ JJ NNS IN PP$ NNS SENT PP RB VBZ PP VBZ VBN DT NN IN NN CC NN IN NN IN DT NNS PP VBZ VBG SENT DT JJ NN VBZ RB NN CC NN , RB PP RB VBZ PP DT JJ NN IN NN IN NN IN DT JJ JJ NN SENT NP NN NN NN MD VB RP IN JJR JJ NN SENT </pos></review>
