<?xml version="1.0" encoding="ISO-8859-1" standalone="no"?>
<!DOCTYPE review SYSTEM "derev.dtd">
<review ID="0125" title="ADangerousFortune" writer="KenFollett" author="MargoABrenart" date="March 23, 2012" stars="5" suspectbook="0" unknownpurchase="1" nickname="1" cluster="0" allcluesclass="1" threecluesclass="0" sumclues="2" realclass="2" fold="3"><object>A Dangerous Fortune</object><body>I couldn't put the book down.  Mr. Follett is able to take so many plots and twists and turns, and bring them into a great mystery.  Pillars of the earth will always be my favorite.  This was exceptional.</body><tokens>i could n't put the book down . mr . follett is able to take so many plots and twists and turns , and bring them into a great mystery . pillars of the earth will always be my favorite . this was exceptional .</tokens><lemmas>i could n't put the book down . Mr . Follett be able to take so many plot and twist and turn , and bring them into a great mystery . pillar of the earth will always be my favorite . this be exceptional . </lemmas><pos>NP MD RB VB DT NN RB SENT NN SENT NP VBZ JJ TO VB IN JJ NNS CC NNS CC NNS , CC VB PP IN DT JJ NN SENT NNS IN DT NN MD RB VB PP$ NN SENT DT VBD JJ SENT </pos></review>
