<?xml version="1.0" encoding="ISO-8859-1" standalone="no"?>
<!DOCTYPE review SYSTEM "derev.dtd">
<review ID="0122" title="ADangerousFortune" writer="KenFollett" author="JSimion" date="April 15, 2012" stars="3" suspectbook="0" unknownpurchase="1" nickname="0" cluster="1" allcluesclass="1" threecluesclass="0" sumclues="2" realclass="2" fold="0"><object>Good, Not Great</object><body>While this is still a good, entertaining book, I guess I am spoiled by Pillars of the Earth and World Without End.  While Follett does a great job of creating various subplots and bringing them together, and the setting and time were interesting, this one was just a little too contrived for me to give the very top score.  I found Micky's character very unbelievable, I found that the sexual perver-- er, preferences, that were integral to wrapping up the book were pretty contrived, and the ending wasn't very realistic.  While I've reread Pillars and World because I enjoyed them so much, this one will go to the rummage sale.</body><tokens>while this is still a good , entertaining book , i guess i am spoiled by pillars of the earth and world without end . while follett does a great job of creating various subplots and bringing them together , and the setting and time were interesting , this one was just a little too contrived for me to give the very top score . i found micky 's character very unbelievable , i found that the sexual perver-- er , preferences , that were integral to wrapping up the book were pretty contrived , and the ending was n't very realistic . while i 've reread pillars and world because i enjoyed them so much , this one will go to the rummage sale .</tokens><lemmas>while this be still a good , entertaining book , i guess i be spoil by pillar of the earth and world without end . while Follett do a great job of create various subplot and bring them together , and the setting and time be interesting , this one be just a little too contrived for me to give the very top score . i find micky 's character very unbelievable , i find IN the sexual &lt;unknown&gt; &lt;unknown&gt; , preference , that be integral to wrap up the book be pretty contrive , and the end be n't very realistic . while i have reread pillar and world because i enjoy them so much , this one will go to the rummage sale . </lemmas><pos>IN DT VBZ RB DT JJ , JJ NN , NNS VBP NNS VBP VBN IN NNS IN DT NN CC NN IN NN SENT IN NP VBZ DT JJ NN IN VBG JJ NNS CC VBG PP RB , CC DT NN CC NN VBD JJ , DT CD VBD RB DT JJ RB JJ IN PP TO VB DT RB JJ NN SENT NP VBD NN POS NN RB JJ , NP VBD  DT JJ NN NNS , NNS , WDT VBD JJ TO VBG RP DT NN VBD RB VBN , CC DT VBG VBD RB RB JJ SENT IN NP VBP VBN NNS CC NN IN NP VBD PP RB RB , DT CD MD VB TO DT NN NN SENT </pos></review>
