<?xml version="1.0" encoding="ISO-8859-1" standalone="no"?>
<!DOCTYPE review SYSTEM "derev.dtd">
<review ID="0136" title="ADangerousFortune" writer="KenFollett" author="Daniel" date="July 24, 2011" stars="5" suspectbook="0" unknownpurchase="1" nickname="1" cluster="1" allcluesclass="0" threecluesclass="0" sumclues="3" realclass="2" fold="3"><object>Fast Entertaining Read</object><body>Really enjoyed this book.  Moved along quickly with intrigue all along the way.  Maybe a bit formulaic but overall a very fun historical fiction read set around late 19th century bankers with a finance theme that is still relevant today.</body><tokens>really enjoyed this book . moved along quickly with intrigue all along the way . maybe a bit formulaic but overall a very fun historical fiction read set around late 19th century bankers with a finance theme that is still relevant today .</tokens><lemmas>really enjoy this book . move along quickly with intrigue all along the way . maybe a bit formulaic but overall a very fun historical fiction read set around late 19th century banker with a finance theme that be still relevant today . </lemmas><pos>RB VBN DT NN SENT VBN RB RB IN NN RB IN DT NN SENT RB DT NN JJ CC JJ DT JJ NN JJ NN NN VBN IN JJ JJ NN NNS IN DT NN NN WDT VBZ RB JJ NN SENT </pos></review>
