<?xml version="1.0" encoding="ISO-8859-1" standalone="no"?>
<!DOCTYPE review SYSTEM "derev.dtd">
<review ID="0137" title="ADangerousFortune" writer="KenFollett" author="zoe" date="July 23, 2011" stars="4" suspectbook="0" unknownpurchase="0" nickname="1" cluster="1" allcluesclass="1" threecluesclass="0" sumclues="2" realclass="2" fold="4"><object>Dangerous Fortune is a finely crafted historical novel that entertains and informs at the same time.</object><body>I recommend A Dangerous Fortune to anyone interested in the tumult of early capitalism and the contest greed and principal set in late 19th century London, peopled by bellievable characters and with just the right mix of intrigue and sexual tension.</body><tokens>i recommend a dangerous fortune to anyone interested in the tumult of early capitalism and the contest greed and principal set in late 19th century london , peopled by bellievable characters and with just the right mix of intrigue and sexual tension .</tokens><lemmas>i recommend a dangerous fortune to anyone interested in the tumult of early capitalism and the contest greed and principal set in late 19th century &lt;unknown&gt; , people by &lt;unknown&gt; character and with just the right mix of intrigue and sexual tension . </lemmas><pos>NNS VBP DT JJ NN TO NN JJ IN DT NN IN JJ NN CC DT NN NN CC JJ NN IN JJ JJ NN NN , VBN IN JJ NNS CC IN RB DT JJ NN IN NN CC JJ NN SENT </pos></review>
