<?xml version="1.0" encoding="ISO-8859-1" standalone="no"?>
<!DOCTYPE review SYSTEM "derev.dtd">
<review ID="0134" title="ADangerousFortune" writer="KenFollett" author="pinkkath" date="August 31, 2011" stars="5" suspectbook="0" unknownpurchase="0" nickname="1" cluster="0" allcluesclass="1" threecluesclass="1" sumclues="1" realclass="2" fold="1"><object>Loved it!</object><body>Ken Follett writes great historical fiction novels!  His details and the way he writes for a time when we weren't alive, are I suppose, accurate. It was full of twists and turns and you felt as if you were watching a movie (it would make a great movie, by the way). At the beginning it reminded me of a cross between &quot;dead Poets Society&quot; and &quot;Sleepers&quot;.</body><tokens>ken follett writes great historical fiction novels ! his details and the way he writes for a time when we were n't alive , are i suppose , accurate . it was full of twists and turns and you felt as if you were watching a movie ( it would make a great movie , by the way ) . at the beginning it reminded me of a cross between &quot; dead poets society &quot; and &quot; sleepers &quot; .</tokens><lemmas>ken &lt;unknown&gt; write great historical fiction novel ! his detail and the way he write for a time when we be n't alive , be i suppose , accurate . it be full of twist and turn and you feel as if you be watch a movie ( it would make a great movie , by the way ) . at the beginning it remind me of a cross between &quot; dead poet society &quot; and &quot; sleeper &quot; . </lemmas><pos>NN NN VBZ JJ JJ NN NNS SENT PP$ NNS CC DT NN PP VBZ IN DT NN WRB PP VBD RB JJ , VBP NNS VBP , JJ SENT PP VBD JJ IN NNS CC NNS CC PP VBD RB IN PP VBD VBG DT NN ( PP MD VB DT JJ NN , IN DT NN ) SENT IN DT NN PP VBD PP IN DT NN IN `` JJ NNS NN '' CC `` NNS '' SENT </pos></review>
