<?xml version="1.0" encoding="ISO-8859-1" standalone="no"?>
<!DOCTYPE review SYSTEM "derev.dtd">
<review ID="0143" title="ADangerousFortune" writer="KenFollett" author="LutfiZakhour" date="April 23, 2011" stars="5" suspectbook="0" unknownpurchase="1" nickname="1" cluster="0" allcluesclass="1" threecluesclass="0" sumclues="2" realclass="2" fold="9"><object>I can't stop reading this book!</object><body>I've read a number of Ken Follet's other books, but A Dangerous Fortune is one of his best! Full of intrigue, twists and turns, it's so difficult to put the book down. Follet has masterfully developed a very intricate and complex story, that keeps you wondering what's going to happen next. A definite must!</body><tokens>i 've read a number of ken follet 's other books , but a dangerous fortune is one of his best ! full of intrigue , twists and turns , it 's so difficult to put the book down . follet has masterfully developed a very intricate and complex story , that keeps you wondering what 's going to happen next . a definite must !</tokens><lemmas>i have read a number of ken &lt;unknown&gt; 's other book , but a dangerous fortune be one of his good ! full of intrigue , twist and turn , it be so difficult to put the book down . &lt;unknown&gt; have masterfully develop a very intricate and complex story , that keep you wonder what be go to happen next . a definite must ! </lemmas><pos>NNS VBP VBN DT NN IN NN NN POS JJ NNS , CC DT JJ NN VBZ CD IN PP$ JJS SENT JJ IN NN , VBZ CC VBZ , PP VBZ RB JJ TO VB DT NN RB SENT NN VBZ RB VBN DT RB JJ CC JJ NN , WDT VBZ PP VBG WP VBZ VBG TO VB JJ SENT DT JJ NN SENT </pos></review>
