<?xml version="1.0" encoding="ISO-8859-1" standalone="no"?>
<!DOCTYPE review SYSTEM "derev.dtd">
<review ID="0135" title="ADangerousFortune" writer="KenFollett" author="TTraynor" date="July 25, 2011" stars="4" suspectbook="0" unknownpurchase="1" nickname="0" cluster="1" allcluesclass="1" threecluesclass="0" sumclues="2" realclass="2" fold="2"><object>Follet's Famous Formula</object><body>This book format is what made Ken Follet famous - fast paced story line and interesting characters that you love to love or love to hate. It may be a but formulaic (especially if you have read his other work) but still a very entertaining read. It is a book that you will find hard to put down.</body><tokens>this book format is what made ken follet famous - fast paced story line and interesting characters that you love to love or love to hate . it may be a but formulaic ( especially if you have read his other work ) but still a very entertaining read . it is a book that you will find hard to put down .</tokens><lemmas>this book format be what make ken &lt;unknown&gt; famous - fast pace story line and interesting character IN you love to love or love to hate . it may be a but formulaic ( especially if you have read his other work ) but still a very entertaining read . it be a book IN you will find hard to put down . </lemmas><pos>DT NN NN VBZ WP VBD NN NN JJ : RB VBN NN NN CC JJ NNS  PP VBP TO VB CC VB TO VB SENT PP MD VB DT CC JJ ( RB IN PP VBP VBN PP$ JJ NN ) CC RB DT RB JJ NN SENT PP VBZ DT NN  PP MD VB RB TO VB RP SENT </pos></review>
