<?xml version="1.0" encoding="ISO-8859-1" standalone="no"?>
<!DOCTYPE review SYSTEM "derev.dtd">
<review ID="0141" title="ADangerousFortune" writer="KenFollett" author="lifelongreader" date="May 17, 2011" stars="5" suspectbook="0" unknownpurchase="1" nickname="1" cluster="0" allcluesclass="1" threecluesclass="0" sumclues="2" realclass="2" fold="8"><object>Fantastic Suspense and Story Line</object><body>This book was a surprise. It was written 16 years ago, set in England from 1866 to 1890. The story is interesting, full of wonderful characters and the story line is so compelling you can't wait to read what it going to happen next. A great contribution by Ken Follett.</body><tokens>this book was a surprise . it was written 16 years ago , set in england from 1866 to 1890 . the story is interesting , full of wonderful characters and the story line is so compelling you ca n't wait to read what it going to happen next . a great contribution by ken follett .</tokens><lemmas>this book be a surprise . it be write @card@ year ago , set in &lt;unknown&gt; from @card@ to @card@ . the story be interesting , full of wonderful character and the story line be so compelling you ca n't wait to read what it go to happen next . a great contribution by ken &lt;unknown&gt; . </lemmas><pos>DT NN VBD DT NN SENT PP VBD VBN CD NNS RB , VBN IN NN IN CD TO CD SENT DT NN VBZ JJ , JJ IN JJ NNS CC DT NN NN VBZ RB JJ PP MD RB VB TO VB WP PP VBG TO VB JJ SENT DT JJ NN IN NN NN SENT </pos></review>
