<?xml version="1.0" encoding="ISO-8859-1" standalone="no"?>
<!DOCTYPE review SYSTEM "derev.dtd">
<review ID="0139" title="ADangerousFortune" writer="KenFollett" author="AlexanderMCouch" date="May 30, 2011" stars="5" suspectbook="0" unknownpurchase="1" nickname="0" cluster="0" allcluesclass="1" threecluesclass="1" sumclues="1" realclass="2" fold="6"><object>Emotionally compelling and so, so well done.</object><body>The story and characters feel real and incredibly compelling.  Somehow, again, Follett is able to make a brilliant story without the use of much 'action.'  That makes this book, to me, an automatic work of modern literature.</body><tokens>the story and characters feel real and incredibly compelling . somehow , again , follett is able to make a brilliant story without the use of much &quot; action . &quot; that makes this book , to me , an automatic work of modern literature .</tokens><lemmas>the story and character feel real and incredibly compelling . somehow , again , Follett be able to make a brilliant story without the use of much &quot; action . &quot; that make this book , to me , an automatic work of modern literature . </lemmas><pos>DT NN CC NNS VBP JJ CC RB JJ SENT RB , RB , NP VBZ JJ TO VB DT JJ NN IN DT NN IN JJ `` NN SENT '' WDT VBZ DT NN , TO PP , DT JJ NN IN JJ NN SENT </pos></review>
