<?xml version="1.0" encoding="ISO-8859-1" standalone="no"?>
<!DOCTYPE review SYSTEM "derev.dtd">
<review ID="0138" title="ADangerousFortune" writer="KenFollett" author="JackEFischer" date="June 6, 2011" stars="3" suspectbook="0" unknownpurchase="0" nickname="0" cluster="0" allcluesclass="1" threecluesclass="1" sumclues="0" realclass="2" fold="5"><object>Formulaic Ken Follett</object><body>Admittedly not his most recent work, but has the structure and plot development that have become very familiar in Mr. Follett's novels.  Not necessarily a bid thing, but not for those seeking something original or different.</body><tokens>admittedly not his most recent work , but has the structure and plot development that have become very familiar in mr . follett 's novels . not necessarily a bid thing , but not for those seeking something original or different .</tokens><lemmas>admittedly not his most recent work , but have the structure and plot development that have become very familiar in Mr . Follett 's novel . not necessarily a bid thing , but not for those seek something original or different . </lemmas><pos>RB RB PP$ RBS JJ NN , CC VBZ DT NN CC NN NN WDT VBP VBN RB JJ IN NN SENT NP POS NNS SENT RB RB DT NN NN , CC RB IN DT VBG NN JJ CC JJ SENT </pos></review>
