<?xml version="1.0" encoding="ISO-8859-1" standalone="no"?>
<!DOCTYPE review SYSTEM "derev.dtd">
<review ID="0140" title="ADangerousFortune" writer="KenFollett" author="DawnSullivan" date="May 23, 2011" stars="5" suspectbook="0" unknownpurchase="1" nickname="1" cluster="0" allcluesclass="1" threecluesclass="0" sumclues="2" realclass="2" fold="7"><object>Dsullivan(osteen fl)</object><body>I honestly did not think an older Follett book would compare to either Pillars Of the Earth or World Without End but I was most pleasingly wrong! A great read with exceptionally deep characters and thought out plots. I loved it!</body><tokens>i honestly did not think an older follett book would compare to either pillars of the earth or world without end but i was most pleasingly wrong ! a great read with exceptionally deep characters and thought out plots . i loved it !</tokens><lemmas>i honestly do not think an old &lt;unknown&gt; book would compare to either pillar of the earth or world without end but i be most pleasingly wrong ! a great read with exceptionally deep character and think out plot . i love it ! </lemmas><pos>NP RB VBD RB VB DT JJR NN NN MD VB TO DT NNS IN DT NN CC NN IN NN CC NP VBD RBS RB JJ SENT DT JJ NN IN RB JJ NNS CC VBD RP NNS SENT NP VBD PP SENT </pos></review>
