<?xml version="1.0" encoding="ISO-8859-1" standalone="no"?>
<!DOCTYPE review SYSTEM "derev.dtd">
<review ID="0133" title="ADangerousFortune" writer="KenFollett" author="sailorgirl27" date="October 27, 2011" stars="3" suspectbook="0" unknownpurchase="0" nickname="1" cluster="0" allcluesclass="1" threecluesclass="1" sumclues="1" realclass="2" fold="0"><object>Not much depth.</object><body>This book looked promising, but within the first three chapters, it was pretty easy to figure out who were the villains, who was the hero and what the outcome would be at the end of the book.  Very little depth of characters compared to his other novels. It was a good &quot;I really don't want to think too hard about what I'm reading&quot; book - easy to pick up and put down.  Enjoyable, yet disappointing at the same time.  Expected more from Follett.</body><tokens>this book looked promising , but within the first three chapters , it was pretty easy to figure out who were the villains , who was the hero and what the outcome would be at the end of the book . very little depth of characters compared to his other novels . it was a good &quot; i really do n't want to think too hard about what i 'm reading &quot; book - easy to pick up and put down . enjoyable , yet disappointing at the same time . expected more from follett .</tokens><lemmas>this book look promise , but within the first three chapter , it be pretty easy to figure out who be the villain , who be the hero and what the outcome would be at the end of the book . very little depth of character compare to his other novel . it be a good &quot; i really do n't want to think too hard about what i be read &quot; book - easy to pick up and put down . enjoyable , yet disappointing at the same time . expect more from Follett . </lemmas><pos>DT NN VBD VBG , CC IN DT JJ CD NNS , PP VBD RB JJ TO VB RP WP VBD DT NNS , WP VBD DT NN CC WP DT NN MD VB IN DT NN IN DT NN SENT RB JJ NN IN NNS VBN TO PP$ JJ NNS SENT PP VBD DT JJ `` NNS RB VBP RB VB TO VB RB JJ IN WP NNS VBP VBG `` NN : JJ TO VB RP CC VB RP SENT JJ , RB JJ IN DT JJ NN SENT VBN JJR IN NP SENT </pos></review>
