<?xml version="1.0" encoding="ISO-8859-1" standalone="no"?>
<!DOCTYPE review SYSTEM "derev.dtd">
<review ID="0147" title="ADangerousFortune" writer="KenFollett" author="MarkG" date="March 21, 2011" stars="5" suspectbook="0" unknownpurchase="1" nickname="1" cluster="0" allcluesclass="1" threecluesclass="0" sumclues="2" realclass="2" fold="3"><object>Ken Follett fan</object><body>I really cannot add to all the reviews already listed, just to add that this was the first Ken Follett book I ever read, and I have since read ALL of his books, except his extreme most recent(2010) book.  Loved them all, especially the two monsters(900+ page) books, Pillars of the Earth and World Without End, as well as The Key To Rebecca and Lie Down with Lions, just to name two more.  Had seen Eye of the Needle movie before later reading it.  All very good stuff.</body><tokens>i really cannot add to all the reviews already listed , just to add that this was the first ken follett book i ever read , and i have since read all of his books , except his extreme most recent ( 2010 ) book . loved them all , especially the two monsters ( 900+ page ) books , pillars of the earth and world without end , as well as the key to rebecca and lie down with lions , just to name two more . had seen eye of the needle movie before later reading it . all very good stuff .</tokens><lemmas>i really can add to all the review already list , just to add IN this be the first ken &lt;unknown&gt; book i ever read , and i have since read all of his book , except his extreme most recent ( @card@ ) book . love them all , especially the two monster ( &lt;unknown&gt; page ) book , pillar of the earth and world without end , as well as the key to &lt;unknown&gt; and lie down with lion , just to name two more . have see eye of the needle movie before later read it . all very good stuff . </lemmas><pos>NP RB MD VB TO PDT DT NNS RB VBN , RB TO VB  DT VBD DT JJ NN NN NN NP RB VBD , CC NP VBP RB VBN DT IN PP$ NNS , IN PP$ JJ JJS JJ ( CD ) NN SENT VBD PP DT , RB DT CD NNS ( JJ NN ) NNS , NNS IN DT NN CC NN IN NN , RB RB IN DT NN TO NN CC VB RP IN NNS , RB TO VB CD JJR SENT VBD VBN NN IN DT NN NN RB RBR VBG PP SENT DT RB JJ NN SENT </pos></review>
