<?xml version="1.0" encoding="ISO-8859-1" standalone="no"?>
<!DOCTYPE review SYSTEM "derev.dtd">
<review ID="0150" title="ADangerousFortune" writer="KenFollett" author="DanielRMcNeeleyScouter924" date="February 26, 2011" stars="3" suspectbook="0" unknownpurchase="0" nickname="0" cluster="0" allcluesclass="1" threecluesclass="1" sumclues="0" realclass="2" fold="6"><object>A Look at Victorian England</object><body>Ken Follett, a true storyteller, has another engrossing book. This one takes place in the last half of the 1800's, and as usual, makes you feel as if you are there. The background and settings seem authentic, and it provides a good opportunity to see how people lived and acted back then. His basic characters are there; the scheming mother, the honest outcast, the outspoken heroine, and they are complete people. You care about them and what happens to them, and it lasts all the way through. A secret hangs over the rich and influential banking family, the Pilasters, and the wife of the leader of the family's  attempts to climb the social ladder of Victorian England are hinged on how the secret is used. Family relationships are strained, fotunes gambled, and lives threatened as part of the cover-up. Although not quite as gripping as some of his other works, it is still a page turner, and an entertaining read.</body><tokens>ken follett , a true storyteller , has another engrossing book . this one takes place in the last half of the 1800 's , and as usual , makes you feel as if you are there . the background and settings seem authentic , and it provides a good opportunity to see how people lived and acted back then . his basic characters are there ; the scheming mother , the honest outcast , the outspoken heroine , and they are complete people . you care about them and what happens to them , and it lasts all the way through . a secret hangs over the rich and influential banking family , the pilasters , and the wife of the leader of the family 's attempts to climb the social ladder of victorian england are hinged on how the secret is used . family relationships are strained , fotunes gambled , and lives threatened as part of the cover-up . although not quite as gripping as some of his other works , it is still a page turner , and an entertaining read .</tokens><lemmas>ken &lt;unknown&gt; , a true storyteller , have another engross book . this one take place in the last half of the @card@ be , and as usual , make you feel as if you be there . the background and setting seem authentic , and it provide a good opportunity to see how people live and act back then . his basic character be there ; the scheming mother , the honest outcast , the outspoken heroine , and they be complete people . you care about them and what happen to them , and it last all the way through . a secret hang over the rich and influential banking family , the pilaster , and the wife of the leader of the family 's attempt to climb the social ladder of Victorian &lt;unknown&gt; be hinge on how the secret be use . family relationship be strain , &lt;unknown&gt; gamble , and life threaten as part of the cover-up . although not quite as grip as some of his other work , it be still a page turner , and an entertaining read . </lemmas><pos>NN NN , DT JJ NN , VBZ DT VBG NN SENT DT CD VBZ NN IN DT JJ NN IN DT CD VBZ , CC RB JJ , VBZ PP VBP RB IN PP VBP RB SENT DT NN CC NNS VBP JJ , CC PP VBZ DT JJ NN TO VB WRB NNS VBD CC VBD RB RB SENT PP$ JJ NNS VBP RB : DT JJ NN , DT JJ NN , DT JJ NN , CC PP VBP JJ NNS SENT PP VBP IN PP CC WP VBZ TO PP , CC PP VBZ PDT DT NN RB SENT DT NN VBZ IN DT JJ CC JJ NN NN , DT NNS , CC DT NN IN DT NN IN DT NN POS NNS TO VB DT JJ NN IN JJ NN VBP VBN IN WRB DT NN VBZ VBN SENT NN NNS VBP VBN , NNS VBD , CC NNS VBN IN NN IN DT NN SENT IN RB RB IN VBG IN DT IN PP$ JJ NNS , PP VBZ RB DT NN NN , CC DT JJ NN SENT </pos></review>
