<?xml version="1.0" encoding="ISO-8859-1" standalone="no"?>
<!DOCTYPE review SYSTEM "derev.dtd">
<review ID="0149" title="ADangerousFortune" writer="KenFollett" author="rbnn" date="March 6, 2011" stars="5" suspectbook="0" unknownpurchase="0" nickname="1" cluster="1" allcluesclass="1" threecluesclass="0" sumclues="2" realclass="2" fold="5"><object>Intricate, interesting</object><body>The author does an excellent job tying together a complex plot and making it all seem effortless and inevitable. Banking issues turned out to be more topical today than when the book was written. There were four flaws in the book. [spoilers] First, Hugh was too self-righteous in supporting Edward and the bank, even when he knew Edward was incompetent. He should not have put his own fortune, and his family's, at risk: he should have left. (Follett makes the same mistake in Night Over Water). Second, similarly, it was unfair for Follett to suggest Augusta was to blame for the failure of the bank. She never knew nor claimed to know how banks operated: it was the bank directors fault for listening to her. They (including Hugh) were the ones with the fiduciary responsibility to the bank and to its shareholders and customers, and they, not Augusta, violated that responsibility. Third, the business with Micky and Augusta at the end is silly and unconvincing. Follett has a serious problem in his books of getting ridiculous near the end - even Eye of the Needle had the ridiculous booby trapped jeep - and the trunk sequence was idiotic. For one thing, Micky would never have been so candid with Augusta until he knew he was safe, the whole scene was out of character for him. Fourth, the prose was good, but not as good as in Eye of the Needle. That said, the characters were interesting and the plot had some interesting points to it.</body><tokens>the author does an excellent job tying together a complex plot and making it all seem effortless and inevitable . banking issues turned out to be more topical today than when the book was written . there were four flaws in the book . [ spoilers ] first , hugh was too self-righteous in supporting edward and the bank , even when he knew edward was incompetent . he should not have put his own fortune , and his family 's , at risk : he should have left . ( follett makes the same mistake in night over water ) . second , similarly , it was unfair for follett to suggest augusta was to blame for the failure of the bank . she never knew nor claimed to know how banks operated : it was the bank directors fault for listening to her . they ( including hugh ) were the ones with the fiduciary responsibility to the bank and to its shareholders and customers , and they , not augusta , violated that responsibility . third , the business with micky and augusta at the end is silly and unconvincing . follett has a serious problem in his books of getting ridiculous near the end - even eye of the needle had the ridiculous booby trapped jeep - and the trunk sequence was idiotic . for one thing , micky would never have been so candid with augusta until he knew he was safe , the whole scene was out of character for him . fourth , the prose was good , but not as good as in eye of the needle . that said , the characters were interesting and the plot had some interesting points to it .</tokens><lemmas>the author do an excellent job tie together a complex plot and make it all seem effortless and inevitable . banking issue turn out to be more topical today than when the book be write . there be four flaw in the book . [ spoiler ] first , &lt;unknown&gt; be too self-righteous in support &lt;unknown&gt; and the bank , even when he know &lt;unknown&gt; be incompetent . he should not have put his own fortune , and his family be , at risk : he should have leave . ( Follett make the same mistake in night over water ) . second , similarly , it be unfair for Follett to suggest &lt;unknown&gt; be to blame for the failure of the bank . she never know nor claim to know how bank operate : it be the bank director fault for listen to her . they ( include &lt;unknown&gt; ) be the one with the fiduciary responsibility to the bank and to its shareholder and customer , and they , not &lt;unknown&gt; , violate that responsibility . third , the business with micky and &lt;unknown&gt; at the end be silly and unconvincing . Follett have a serious problem in his book of get ridiculous near the end - even eye of the needle have the ridiculous booby trap jeep - and the trunk sequence be idiotic . for one thing , micky would never have be so candid with &lt;unknown&gt; until he know he be safe , the whole scene be out of character for him . fourth , the prose be good , but not as good as in eye of the needle . IN say , the character be interesting and the plot have some interesting point to it . </lemmas><pos>DT NN VBZ DT JJ NN VBG RB DT JJ NN CC VBG PP DT VBP JJ CC JJ SENT NN NNS VBD RP TO VB RBR JJ NN IN WRB DT NN VBD VBN SENT EX VBD CD NNS IN DT NN SENT SYM NNS SYM JJ , NN VBD RB JJ IN VBG NN CC DT NN , RB WRB PP VBD NN VBD JJ SENT PP MD RB VB VBN PP$ JJ NN , CC PP$ NN VBZ , IN NN : PP MD VB VBN SENT ( NP VBZ DT JJ NN IN NN IN NN ) SENT JJ , RB , PP VBD JJ IN NP TO VB NN VBD TO VB IN DT NN IN DT NN SENT PP RB VBD CC VBD TO VB WRB NNS VBD : PP VBD DT NN NNS VBP IN VBG TO PP SENT PP ( VBG NN ) VBD DT NNS IN DT JJ NN TO DT NN CC TO PP$ NNS CC NNS , CC PP , RB NN , VBD DT NN SENT JJ , DT NN IN NN CC NN IN DT NN VBZ JJ CC JJ SENT NP VBZ DT JJ NN IN PP$ NNS IN VBG JJ IN DT NN : RB NN IN DT NN VBD DT JJ NN VBN NN : CC DT NN NN VBD JJ SENT IN CD NN , NN MD RB VB VBN RB JJ IN NN IN PP VBD PP VBD JJ , DT JJ NN VBD RP IN NN IN PP SENT RB , DT NN VBD JJ , CC RB RB JJ IN IN NN IN DT NN SENT  VBD , DT NNS VBD JJ CC DT NN VBD DT JJ NNS TO PP SENT </pos></review>
