<?xml version="1.0" encoding="ISO-8859-1" standalone="no"?>
<!DOCTYPE review SYSTEM "derev.dtd">
<review ID="0151" title="ADangerousFortune" writer="KenFollett" author="Bonnie" date="January 13, 2011" stars="3" suspectbook="0" unknownpurchase="0" nickname="1" cluster="1" allcluesclass="1" threecluesclass="0" sumclues="2" realclass="2" fold="7"><object>Disappointing</object><body>After reading Pillars of the Earth by Follett, this book is somewhat of a disappointment. Of course why would you try to compare anything with &quot;Pillars?&quot;  But nothing Follett does is bad so I would say that it was worth the time I put in reading it.</body><tokens>after reading pillars of the earth by follett , this book is somewhat of a disappointment . of course why would you try to compare anything with &quot; pillars ? &quot; but nothing follett does is bad so i would say that it was worth the time i put in reading it .</tokens><lemmas>after read pillar of the earth by Follett , this book be somewhat of a disappointment . of course why would you try to compare anything with &quot; pillar ? &quot; but nothing &lt;unknown&gt; do be bad so i would say IN it be worth the time i put in read it . </lemmas><pos>IN VBG NNS IN DT NN IN NP , DT NN VBZ RB IN DT NN SENT IN NN WRB MD PP VB TO VB NN IN `` NNS SENT '' CC NN NN VBZ VBZ JJ IN NP MD VB  PP VBD JJ DT NN NN VBN IN VBG PP SENT </pos></review>
