<?xml version="1.0" encoding="ISO-8859-1" standalone="no"?>
<!DOCTYPE review SYSTEM "derev.dtd">
<review ID="0153" title="ADangerousFortune" writer="KenFollett" author="ACustomer" date="January 3, 2011" stars="5" suspectbook="0" unknownpurchase="1" nickname="1" cluster="0" allcluesclass="1" threecluesclass="0" sumclues="2" realclass="2" fold="9"><object>Amazing!</object><body>Again, Ken Follett does not disappoint. I am a big fan of his work. If you are looking for a fast paced, exciting book - this is for you. I could not put it down!</body><tokens>again , ken follett does not disappoint . i am a big fan of his work . if you are looking for a fast paced , exciting book - this is for you . i could not put it down !</tokens><lemmas>again , ken &lt;unknown&gt; do not disappoint . i be a big fan of his work . if you be look for a fast pace , exciting book - this be for you . i could not put it down ! </lemmas><pos>RB , NN NN VBZ RB VB SENT NP VBP DT JJ NN IN PP$ NN SENT IN PP VBP VBG IN DT RB VBN , JJ NN : DT VBZ IN PP SENT NP MD RB VB PP RP SENT </pos></review>
