<?xml version="1.0" encoding="ISO-8859-1" standalone="no"?>
<!DOCTYPE review SYSTEM "derev.dtd">
<review ID="0144" title="ADangerousFortune" writer="KenFollett" author="JohnAdler" date="April 18, 2011" stars="4" suspectbook="0" unknownpurchase="0" nickname="1" cluster="0" allcluesclass="1" threecluesclass="1" sumclues="1" realclass="2" fold="0"><object>Nicely written.. mindless read</object><body>A riveting story about bankers.. who would think that was possible? Well Ken Follett did a great job..very enjoyable.</body><tokens>a riveting story about bankers .. who would think that was possible ? well ken follett did a great job .. very enjoyable .</tokens><lemmas>a riveting story about banker ... who would think that be possible ? well ken &lt;unknown&gt; do a great job ... very enjoyable . </lemmas><pos>DT JJ NN IN NNS : WP MD VB DT VBD JJ SENT RB NN NN VBD DT JJ NN : RB JJ SENT </pos></review>
