<?xml version="1.0" encoding="ISO-8859-1" standalone="no"?>
<!DOCTYPE review SYSTEM "derev.dtd">
<review ID="0146" title="ADangerousFortune" writer="KenFollett" author="SteveInFrisco" date="March 24, 2011" stars="5" suspectbook="0" unknownpurchase="1" nickname="1" cluster="0" allcluesclass="1" threecluesclass="0" sumclues="2" realclass="2" fold="2"><object>I couldn't put it down</object><body>This is the third book by this author I have read and I see a pattern in the three (Pillars of the Earth, World Without Ends, Dangerous Fortune). All three have a young man that is being beaten down by society or a powerful foe, all three have a young woman that is smarter and more able than society will accept, and a younger man in love with an older woman theme. Even with those familiar themes, I really loved these books. This book (Dangerous Fortune) is set in the late 1800's and as with the other two books Mr. Follett really makes the reader feel like they are walking the streets of that period along with the characters.</body><tokens>this is the third book by this author i have read and i see a pattern in the three ( pillars of the earth , world without ends , dangerous fortune ) . all three have a young man that is being beaten down by society or a powerful foe , all three have a young woman that is smarter and more able than society will accept , and a younger man in love with an older woman theme . even with those familiar themes , i really loved these books . this book ( dangerous fortune ) is set in the late 1800 's and as with the other two books mr . follett really makes the reader feel like they are walking the streets of that period along with the characters .</tokens><lemmas>this be the third book by this author i have read and i see a pattern in the three ( pillar of the earth , world without end , dangerous fortune ) . all three have a young man that be be beat down by society or a powerful foe , all three have a young woman that be smarter and more able than society will accept , and a young man in love with an old woman theme . even with those familiar theme , i really love these book . this book ( dangerous fortune ) be set in the late @card@ be and as with the other two book Mr . Follett really make the reader feel like they be walk the street of that period along with the character . </lemmas><pos>DT VBZ DT JJ NN IN DT NN NNS VBP VBN CC NP VBP DT NN IN DT CD ( NNS IN DT NN , NN IN NNS , JJ NN ) SENT DT CD VBP DT JJ NN WDT VBZ VBG VBN RP IN NN CC DT JJ NN , DT CD VBP DT JJ NN WDT VBZ RBR CC RBR JJ IN NN MD VB , CC DT JJR NN IN NN IN DT JJR NN NN SENT RB IN DT JJ NNS , NP RB VBD DT NNS SENT DT NN ( JJ NN ) VBZ VBN IN DT JJ CD VBZ CC RB IN DT JJ CD NNS NN SENT NP RB VBZ DT NN VBP IN PP VBP VBG DT NNS IN DT NN IN IN DT NNS SENT </pos></review>
