<?xml version="1.0" encoding="ISO-8859-1" standalone="no"?>
<!DOCTYPE review SYSTEM "derev.dtd">
<review ID="0148" title="ADangerousFortune" writer="KenFollett" author="ANonyMouse" date="March 7, 2011" stars="4" suspectbook="0" unknownpurchase="0" nickname="1" cluster="1" allcluesclass="1" threecluesclass="0" sumclues="2" realclass="2" fold="4"><object>Wonderful read</object><body>A truly fun read - fast paced and flowing. Augusta is so deliciously evil,it's a wonder no one kicked her butt down the stairs as well they should have. Some characters are the ones you love to hate and others are just plain good guys that get the short end of the stick.  My only complaint is that I needn't be told again of something that happened only a hundred pages back - this much I can still remember! Apart from that, this is a super book with well developed characters and recommended to all who secretly adore a great &quot;penny dreadful&quot;.</body><tokens>a truly fun read - fast paced and flowing . augusta is so deliciously evil , it 's a wonder no one kicked her butt down the stairs as well they should have . some characters are the ones you love to hate and others are just plain good guys that get the short end of the stick . my only complaint is that i need n't be told again of something that happened only a hundred pages back - this much i can still remember ! apart from that , this is a super book with well developed characters and recommended to all who secretly adore a great &quot; penny dreadful &quot; .</tokens><lemmas>a truly fun read - fast pace and flowing . &lt;unknown&gt; be so deliciously evil , it be a wonder no one kick her butt down the stair as well they should have . some character be the one you love to hate and other be just plain good guy that get the short end of the stick . my only complaint be IN i need n't be tell again of something that happen only a hundred page back - this much i can still remember ! apart from that , this be a super book with well develop character and recommend to all who secretly adore a great &quot; penny dreadful &quot; . </lemmas><pos>DT RB NN NN : RB VBN CC JJ SENT NN VBZ RB RB JJ , PP VBZ DT NN DT CD VBD PP$ NN IN DT NNS IN RB PP MD VB SENT DT NNS VBP DT NNS PP VBP TO VB CC NNS VBP RB JJ JJ NNS WDT VBP DT JJ NN IN DT NN SENT PP$ JJ NN VBZ  NP MD RB VB VBN RB IN NN WDT VBD RB DT CD NNS RB : DT JJ NP MD RB VB SENT RB IN DT , DT VBZ DT JJ NN IN RB VBN NNS CC VBD TO DT WP RB VBP DT JJ `` NN JJ '' SENT </pos></review>
