<?xml version="1.0" encoding="ISO-8859-1" standalone="no"?>
<!DOCTYPE review SYSTEM "derev.dtd">
<review ID="0145" title="ADangerousFortune" writer="KenFollett" author="IJZelo" date="April 7, 2011" stars="4" suspectbook="0" unknownpurchase="1" nickname="0" cluster="0" allcluesclass="1" threecluesclass="1" sumclues="1" realclass="2" fold="1"><object>Makes you hate the characters.</object><body>That's good enough for me. If the author can make me really dislike the villains then they must be doing something right. Although there were times while reading this that I didn't want to pick up the book because i didn't want someone else to get run over.</body><tokens>that 's good enough for me . if the author can make me really dislike the villains then they must be doing something right . although there were times while reading this that i did n't want to pick up the book because i did n't want someone else to get run over .</tokens><lemmas>that be good enough for me . if the author can make me really dislike the villain then they must be do something right . although there be time while read this IN i do n't want to pick up the book because i do n't want someone else to get run over . </lemmas><pos>DT VBZ JJ RB IN PP SENT IN DT NN MD VB PP RB VBP DT NNS RB PP MD VB VBG NN NN SENT IN EX VBD NNS IN VBG DT  NP VBD RB VB TO VB RP DT NN IN NP VBD RB VB NN RB TO VB VB RP SENT </pos></review>
