<?xml version="1.0" encoding="ISO-8859-1" standalone="no"?>
<!DOCTYPE review SYSTEM "derev.dtd">
<review ID="0152" title="ADangerousFortune" writer="KenFollett" author="JSaunders" date="January 11, 2011" stars="4" suspectbook="0" unknownpurchase="0" nickname="1" cluster="1" allcluesclass="1" threecluesclass="0" sumclues="2" realclass="2" fold="8"><object>Great stuff if you like history with your murder</object><body>This is a complex story of financial mores gone awry. The historical settings are really fleshed out, so this book may not be ideal for those who like a fast read - it's dense. However, it really pays off if you stick with it and look past the black and white characters.</body><tokens>this is a complex story of financial mores gone awry . the historical settings are really fleshed out , so this book may not be ideal for those who like a fast read - it 's dense . however , it really pays off if you stick with it and look past the black and white characters .</tokens><lemmas>this be a complex story of financial mores go awry . the historical setting be really flesh out , so this book may not be ideal for those who like a fast read - it be dense . however , it really pay off if you stick with it and look past the black and white character . </lemmas><pos>DT VBZ DT JJ NN IN JJ NN VBN RB SENT DT JJ NNS VBP RB VBN RP , RB DT NN MD RB VB JJ IN DT WP VBP DT RB VBN : PP VBZ JJ SENT RB , PP RB VBZ RP IN PP VBP IN PP CC VB IN DT JJ CC JJ NNS SENT </pos></review>
