<?xml version="1.0" encoding="ISO-8859-1" standalone="no"?>
<!DOCTYPE review SYSTEM "derev.dtd">
<review ID="0165" title="ADangerousFortune" writer="KenFollett" author="Joy" date="October 2, 2007" stars="5" suspectbook="0" unknownpurchase="0" nickname="1" cluster="0" allcluesclass="1" threecluesclass="1" sumclues="1" realclass="2" fold="9"><object>Another Follet gem</object><body>I listened to the unabridged audio cd and loved all 14 tapes.  This is an engrossing saga, spanning 30 years in the lives of folks who first met as boys in a boarding school.  Follet entertains with characters who are either likeable, despisable, respectable, or pitiable, but seldom anywhere in between.  This is a much different book than Follet's world war two writings, but still high in drama, intrigue, action, and energy.  I loved it.</body><tokens>i listened to the unabridged audio cd and loved all 14 tapes . this is an engrossing saga , spanning 30 years in the lives of folks who first met as boys in a boarding school . follet entertains with characters who are either likeable , despisable , respectable , or pitiable , but seldom anywhere in between . this is a much different book than follet 's world war two writings , but still high in drama , intrigue , action , and energy . i loved it .</tokens><lemmas>i listen to the unabridged audio &lt;unknown&gt; and love all @card@ tape . this be an engross saga , span @card@ year in the life of folk who first meet as boy in a board school . &lt;unknown&gt; entertain with character who be either likeable , &lt;unknown&gt; , respectable , or pitiable , but seldom anywhere in between . this be a much different book than &lt;unknown&gt; 's world war two writing , but still high in drama , intrigue , action , and energy . i love it . </lemmas><pos>NP VBD TO DT JJ JJ NNS CC VBD DT CD NNS SENT DT VBZ DT VBG NN , VBG CD NNS IN DT NNS IN NNS WP RB VBD IN NNS IN DT VBG NN SENT NN VBZ IN NNS WP VBP RB JJ , JJ , JJ , CC JJ , CC RB RB IN IN SENT DT VBZ DT JJ JJ NN IN NN POS NN NN CD NNS , CC RB JJ IN NN , NN , NN , CC NN SENT NP VBD PP SENT </pos></review>
