<?xml version="1.0" encoding="ISO-8859-1" standalone="no"?>
<!DOCTYPE review SYSTEM "derev.dtd">
<review ID="0156" title="ADangerousFortune" writer="KenFollett" author="hcgolf4fun" date="December 12, 2010" stars="5" suspectbook="0" unknownpurchase="0" nickname="1" cluster="0" allcluesclass="1" threecluesclass="1" sumclues="1" realclass="2" fold="1"><object>Great BOOK</object><body>This book was a pleasure to read. This is my very first Follett book.  This book reminds me of Jeffrey Archer's writing style. This book was very good and I couldn't put it down. I love Jeffrey Archer's books and this book is very similar in style to Archer's books. I'm looking forward to reading Pillars and Eye of the Needle.</body><tokens>this book was a pleasure to read . this is my very first follett book . this book reminds me of jeffrey archer 's writing style . this book was very good and i could n't put it down . i love jeffrey archer 's books and this book is very similar in style to archer 's books . i 'm looking forward to reading pillars and eye of the needle .</tokens><lemmas>this book be a pleasure to read . this be my very first &lt;unknown&gt; book . this book remind me of &lt;unknown&gt; archer 's write style . this book be very good and i could n't put it down . i love &lt;unknown&gt; archer 's book and this book be very similar in style to archer 's book . i be look forward to reading pillar and eye of the needle . </lemmas><pos>DT NN VBD DT NN TO VB SENT DT VBZ PP$ RB JJ NN NN SENT DT NN VBZ PP IN NN NN POS VBG NN SENT DT NN VBD RB JJ CC NP MD RB VB PP RP SENT NP NN NN NN POS NNS CC DT NN VBZ RB JJ IN NN TO NN POS NNS SENT NNS VBP VBG RB TO NN NNS CC NN IN DT NN SENT </pos></review>
