<?xml version="1.0" encoding="ISO-8859-1" standalone="no"?>
<!DOCTYPE review SYSTEM "derev.dtd">
<review ID="0164" title="ADangerousFortune" writer="KenFollett" author="AKMeyergr8books" date="February 5, 2008" stars="5" suspectbook="0" unknownpurchase="1" nickname="0" cluster="0" allcluesclass="1" threecluesclass="1" sumclues="1" realclass="2" fold="8"><object>Loved it!</object><body>As usual Ken Follett tells a great story.  This book was fast paced and good all the way through.  I would highly recommend this  book.</body><tokens>as usual ken follett tells a great story . this book was fast paced and good all the way through . i would highly recommend this book .</tokens><lemmas>as usual ken &lt;unknown&gt; tell a great story . this book be fast pace and good all the way through . i would highly recommend this book . </lemmas><pos>IN JJ NN NN VBZ DT JJ NN SENT DT NN VBD RB VBN CC RB PDT DT NN RB SENT NP MD RB VB DT NN SENT </pos></review>
