<?xml version="1.0" encoding="ISO-8859-1" standalone="no"?>
<!DOCTYPE review SYSTEM "derev.dtd">
<review ID="0158" title="ADangerousFortune" writer="KenFollett" author="EnriqueSilvaMendoza" date="October 5, 2010" stars="4" suspectbook="0" unknownpurchase="0" nickname="0" cluster="0" allcluesclass="1" threecluesclass="1" sumclues="0" realclass="2" fold="3"><object>Great reading...</object><body>I just want to say that I enjoyed this book a lot.  It's my first Follet novel, and I'm amazed how well written the story is.  I recommend this book to anybody who wants to spend some hours reading about scandals, financial crisis and complicated love stories.</body><tokens>i just want to say that i enjoyed this book a lot . it 's my first follet novel , and i 'm amazed how well written the story is . i recommend this book to anybody who wants to spend some hours reading about scandals , financial crisis and complicated love stories .</tokens><lemmas>i just want to say IN i enjoy this book a lot . it be my first &lt;unknown&gt; novel , and i be amaze how well write the story be . i recommend this book to anybody who want to spend some hour reading about scandal , financial crisis and complicated love storey . </lemmas><pos>NP RB VBP TO VB  NP VBD DT NN DT NN SENT PP VBZ PP$ JJ NN NN , CC NP VBP VBN WRB RB VBN DT NN VBZ SENT NNS VBP DT NN TO NN WP VBZ TO VB DT NNS NN IN NNS , JJ NN CC JJ NN NNS SENT </pos></review>
