<?xml version="1.0" encoding="ISO-8859-1" standalone="no"?>
<!DOCTYPE review SYSTEM "derev.dtd">
<review ID="0157" title="ADangerousFortune" writer="KenFollett" author="BCox" date="November 11, 2010" stars="5" suspectbook="0" unknownpurchase="1" nickname="0" cluster="1" allcluesclass="1" threecluesclass="0" sumclues="2" realclass="2" fold="2"><object>A couldn't put it down type of book.</object><body>As close to a page-turner as I've read in the past ten years. A bit soapy at times, but a lot of skulduggery, richly drawn characters and some truly surprising plot twists. Enjoyed it immensely.</body><tokens>as close to a page-turner as i 've read in the past ten years . a bit soapy at times , but a lot of skulduggery , richly drawn characters and some truly surprising plot twists . enjoyed it immensely .</tokens><lemmas>as close to a &lt;unknown&gt; as i have read in the past ten year . a bit soapy at time , but a lot of skulduggery , richly draw character and some truly surprising plot twist . enjoy it immensely . </lemmas><pos>IN NN TO DT NN IN NP VBP VBN IN DT JJ CD NNS SENT DT NN JJ IN NNS , CC DT NN IN NN , RB VBN NNS CC DT RB JJ NN NNS SENT VBD PP RB SENT </pos></review>
