<?xml version="1.0" encoding="ISO-8859-1" standalone="no"?>
<!DOCTYPE review SYSTEM "derev.dtd">
<review ID="0155" title="ADangerousFortune" writer="KenFollett" author="JodyReader" date="December 24, 2010" stars="5" suspectbook="0" unknownpurchase="1" nickname="1" cluster="0" allcluesclass="1" threecluesclass="0" sumclues="2" realclass="2" fold="0"><object>You will not be disappointed!</object><body>This sweeping saga will keep you from doing anything else but reading it and hoping it will not end.  Right up there with his more recent historical novels.  Really loved it!  Thank you Mr. Follett.</body><tokens>this sweeping saga will keep you from doing anything else but reading it and hoping it will not end . right up there with his more recent historical novels . really loved it ! thank you mr . follett .</tokens><lemmas>this sweeping saga will keep you from do anything else but read it and hope it will not end . right up there with his more recent historical novel . really love it ! thank you Mr . Follett . </lemmas><pos>DT JJ NN MD VB PP IN VBG NN RB CC VBG PP CC VBG PP MD RB VB SENT RB RB RB IN PP$ JJR JJ JJ NNS SENT RB VBD PP SENT VB PP NN SENT NP SENT </pos></review>
