<?xml version="1.0" encoding="ISO-8859-1" standalone="no"?>
<!DOCTYPE review SYSTEM "derev.dtd">
<review ID="0162" title="ADangerousFortune" writer="KenFollett" author="TimmmeeeeTimmmeeee" date="April 7, 2008" stars="5" suspectbook="0" unknownpurchase="1" nickname="1" cluster="1" allcluesclass="0" threecluesclass="0" sumclues="3" realclass="2" fold="6"><object>Follett Classic a great read for his Fans</object><body>Written with typical style the characters are described and built so well you feel like you know them.  Great story telling as always, plenty of drama, action and a little romance thrown in. If your a fan or just looking for something new to read I recommend this book to you.</body><tokens>written with typical style the characters are described and built so well you feel like you know them . great story telling as always , plenty of drama , action and a little romance thrown in . if your a fan or just looking for something new to read i recommend this book to you .</tokens><lemmas>write with typical style the character be describe and build so well you feel like you know them . great story tell as always , plenty of drama , action and a little romance throw in . if your a fan or just look for something new to read i recommend this book to you . </lemmas><pos>VBN IN JJ NN DT NNS VBP VBN CC VBN RB RB PP VBP IN PP VBP PP SENT JJ NN VBG IN RB , NN IN NN , NN CC DT JJ NN VBN IN SENT IN PP$ DT NN CC RB VBG IN NN JJ TO VB NP VB DT NN TO PP SENT </pos></review>
