<?xml version="1.0" encoding="ISO-8859-1" standalone="no"?>
<!DOCTYPE review SYSTEM "derev.dtd">
<review ID="0161" title="ADangerousFortune" writer="KenFollett" author="JamesUnger" date="August 17, 2009" stars="5" suspectbook="0" unknownpurchase="1" nickname="0" cluster="0" allcluesclass="1" threecluesclass="1" sumclues="1" realclass="2" fold="5"><object>Great Read!</object><body>The book smokes; it is non stop action with plot twists.  Character developement is superb.  Not a wasted paragraph of description.  This is first class writing and story telling.</body><tokens>the book smokes ; it is non stop action with plot twists . character developement is superb . not a wasted paragraph of description . this is first class writing and story telling .</tokens><lemmas>the book smoke ; it be non stop action with plot twist . character developement be superb . not a waste paragraph of description . this be first class writing and story tell . </lemmas><pos>DT NN VBZ : PP VBZ JJ NN NN IN NN NNS SENT NN NN VBZ JJ SENT RB DT VBN NN IN NN SENT DT VBZ JJ NN NN CC NN VBG SENT </pos></review>
