<?xml version="1.0" encoding="ISO-8859-1" standalone="no"?>
<!DOCTYPE review SYSTEM "derev.dtd">
<review ID="0160" title="ADangerousFortune" writer="KenFollett" author="AlvinJTylerAJT" date="February 8, 2010" stars="5" suspectbook="0" unknownpurchase="0" nickname="0" cluster="0" allcluesclass="1" threecluesclass="1" sumclues="0" realclass="2" fold="4"><object>Engrossing</object><body>We listened to this story and enjoyed it from the very begining, the character development was supreb.</body><tokens>we listened to this story and enjoyed it from the very begining , the character development was supreb .</tokens><lemmas>we listen to this story and enjoy it from the very begin , the character development be &lt;unknown&gt; . </lemmas><pos>PP VBD TO DT NN CC VBD PP IN DT RB VBG , DT NN NN VBD NN SENT </pos></review>
