<?xml version="1.0" encoding="ISO-8859-1" standalone="no"?>
<!DOCTYPE review SYSTEM "derev.dtd">
<review ID="0163" title="ADangerousFortune" writer="KenFollett" author="LaurieShowers" date="March 31, 2008" stars="5" suspectbook="0" unknownpurchase="1" nickname="0" cluster="0" allcluesclass="1" threecluesclass="1" sumclues="1" realclass="2" fold="7"><object>It Has Everything</object><body>A Dangerous Fortune An enjoyable story.  Another reason why Ken Follett is one of my favorite authors - particularly of historical novels.</body><tokens>a dangerous fortune an enjoyable story . another reason why ken follett is one of my favorite authors - particularly of historical novels .</tokens><lemmas>a dangerous fortune an enjoyable story . another reason why ken &lt;unknown&gt; be one of my favorite author - particularly of historical novel . </lemmas><pos>DT JJ NN DT JJ NN SENT DT NN WRB NN NN VBZ CD IN PP$ JJ NNS : RB IN JJ NNS SENT </pos></review>
