<?xml version="1.0" encoding="ISO-8859-1" standalone="no"?>
<!DOCTYPE review SYSTEM "derev.dtd">
<review ID="0172" title="ADangerousFortune" writer="KenFollett" author="Suey" date="September 24, 2010" stars="3" suspectbook="0" unknownpurchase="1" nickname="1" cluster="0" allcluesclass="1" threecluesclass="0" sumclues="2" realclass="2" fold="6"><object>Not terrible, not great</object><body>You will easily be able to finish this book, you won't be bored and give up reading it. However the characters seem recycled, the plot was not terribly unpredictable, and little effort was put into immersing the reader into the atmosphere of the book.  Follett can and has written incredible novels but this one seems like a bland, generic version of a Follett novel. I was disappointed.</body><tokens>you will easily be able to finish this book , you wo n't be bored and give up reading it . however the characters seem recycled , the plot was not terribly unpredictable , and little effort was put into immersing the reader into the atmosphere of the book . follett can and has written incredible novels but this one seems like a bland , generic version of a follett novel . i was disappointed .</tokens><lemmas>you will easily be able to finish this book , you wo n't be bore and give up read it . however the character seem recycle , the plot be not terribly unpredictable , and little effort be put into immerse the reader into the atmosphere of the book . Follett can and have write incredible novel but this one seem like a bland , generic version of a Follett novel . i be disappoint . </lemmas><pos>PP MD RB VB JJ TO VB DT NN , PP MD RB VB VBN CC VB RP VBG PP SENT RB DT NNS VBP VBN , DT NN VBD RB RB JJ , CC JJ NN VBD VBN IN VBG DT NN IN DT NN IN DT NN SENT NP MD CC VBZ VBN JJ NNS CC DT CD VBZ IN DT JJ , JJ NN IN DT NP NN SENT NP VBD VBN SENT </pos></review>
