<?xml version="1.0" encoding="ISO-8859-1" standalone="no"?>
<!DOCTYPE review SYSTEM "derev.dtd">
<review ID="0170" title="ADangerousFortune" writer="KenFollett" author="LauraMGorskihoustongal6" date="July 22, 2001" stars="5" suspectbook="0" unknownpurchase="1" nickname="0" cluster="0" allcluesclass="1" threecluesclass="1" sumclues="1" realclass="2" fold="4"><object>I could not put this book down!</object><body>This was a great book!  Ken Follett is a phenomenal story-teller.  The story is woven through the lives of two families and the interaction among the characters is top-notch.  I would highly recommend this book!</body><tokens>this was a great book ! ken follett is a phenomenal story-teller . the story is woven through the lives of two families and the interaction among the characters is top-notch . i would highly recommend this book !</tokens><lemmas>this be a great book ! ken &lt;unknown&gt; be a phenomenal story-teller . the story be weave through the life of two family and the interaction among the character be top-notch . i would highly recommend this book ! </lemmas><pos>DT VBD DT JJ NN SENT NN NN VBZ DT JJ NN SENT DT NN VBZ VBN IN DT NNS IN CD NNS CC DT NN IN DT NNS VBZ JJ SENT NP MD RB VB DT NN SENT </pos></review>
