<?xml version="1.0" encoding="ISO-8859-1" standalone="no"?>
<!DOCTYPE review SYSTEM "derev.dtd">
<review ID="0173" title="ADangerousFortune" writer="KenFollett" author="RBagulaRogerLBagula" date="November 30, 2008" stars="3" suspectbook="0" unknownpurchase="1" nickname="0" cluster="0" allcluesclass="1" threecluesclass="1" sumclues="1" realclass="2" fold="7"><object>School boys : good boys, bad boys , homicidal boys...</object><body>Another historical novel about this period is  Gai- Jin . A dangerous secret haunts the live of five upper class British and south American boys. Two of the boys are from a famous rich banking family. There is a recurring theme of banking crashes in the book as well. We get a good guys and bad guys picture of the world that for all the prostitution and women's rights issues mentioned is still a dualistic picture of the world in black and white. One comes to expect more from admittedly great writers. I this book we get a commercial novel that lacks the depth of an Ken Follett masterpiece.</body><tokens>another historical novel about this period is gai- jin . a dangerous secret haunts the live of five upper class british and south american boys . two of the boys are from a famous rich banking family . there is a recurring theme of banking crashes in the book as well . we get a good guys and bad guys picture of the world that for all the prostitution and women 's rights issues mentioned is still a dualistic picture of the world in black and white . one comes to expect more from admittedly great writers . i this book we get a commercial novel that lacks the depth of an ken follett masterpiece .</tokens><lemmas>another historical novel about this period be &lt;unknown&gt; Jin . a dangerous secret haunt the live of five upper class British and south American boy . two of the boy be from a famous rich banking family . there be a recur theme of banking crash in the book as well . we get a good guy and bad guy picture of the world IN for all the prostitution and woman 's right issue mention be still a &lt;unknown&gt; picture of the world in black and white . one come to expect more from admittedly great writer . i this book we get a commercial novel that lack the depth of an ken &lt;unknown&gt; masterpiece . </lemmas><pos>DT JJ NN IN DT NN VBZ NN NP SENT DT JJ NN VBZ DT JJ IN CD JJ NN JJ CC JJ JJ NNS SENT CD IN DT NNS VBP IN DT JJ JJ NN NN SENT EX VBZ DT VBG NN IN NN NNS IN DT NN IN RB SENT PP VBP DT JJ NNS CC JJ NNS NN IN DT NN  IN PDT DT NN CC NNS POS NNS NNS VBN VBZ RB DT JJ NN IN DT NN IN JJ CC JJ SENT PP VBZ TO VB RBR IN RB JJ NNS SENT NP DT NN PP VBP DT JJ NN WDT VBZ DT NN IN DT NN NN NN SENT </pos></review>
