<?xml version="1.0" encoding="ISO-8859-1" standalone="no"?>
<!DOCTYPE review SYSTEM "derev.dtd">
<review ID="0167" title="ADangerousFortune" writer="KenFollett" author="VeronicaKing" date="December 13, 2001" stars="5" suspectbook="0" unknownpurchase="1" nickname="1" cluster="0" allcluesclass="1" threecluesclass="0" sumclues="2" realclass="2" fold="1"><object>Follett's best</object><body>I'm a HUGE Tim Curry fan, and a HUGE Ken Follett fan, so I couldn't be more pleased with the audio book combination.  I'd read the book when it was first published, and was completely immersed in the storyline.  Mr. Follett can draw you into any story he choses to tell like few other authors, and this book is one of his very best.  As for Tim Curry, I can NOT get enough of that gorgeous Brisish accent that makes him one of the busiest audio readers today.</body><tokens>i 'm a huge tim curry fan , and a huge ken follett fan , so i could n't be more pleased with the audio book combination . i &quot; d read the book when it was first published , and was completely immersed in the storyline . mr . follett can draw you into any story he choses to tell like few other authors , and this book is one of his very best . as for tim curry , i can not get enough of that gorgeous brisish accent that makes him one of the busiest audio readers today .</tokens><lemmas>i be a huge &lt;unknown&gt; curry fan , and a huge ken &lt;unknown&gt; fan , so i could n't be more pleased with the audio book combination . i &quot; d read the book when it be first publish , and be completely immerse in the storyline . Mr . Follett can draw you into any story he chose to tell like few other author , and this book be one of his very good . as for &lt;unknown&gt; curry , i can not get enough of that gorgeous &lt;unknown&gt; accent that make him one of the busy audio reader today . </lemmas><pos>NP VBP DT JJ NN NN NN , CC DT JJ NN NN NN , RB NP MD RB VB RBR JJ IN DT JJ NN NN SENT NP '' SYM VB DT NN WRB PP VBD RB VBN , CC VBD RB VBN IN DT NN SENT NN SENT NP MD VB PP IN DT NN PP NNS TO VB IN JJ JJ NNS , CC DT NN VBZ CD IN PP$ JJ JJS SENT RB IN NN NN , NP MD RB VB RB IN DT JJ JJ NN WDT VBZ PP CD IN DT JJS JJ NNS NN SENT </pos></review>
