<?xml version="1.0" encoding="ISO-8859-1" standalone="no"?>
<!DOCTYPE review SYSTEM "derev.dtd">
<review ID="0168" title="ADangerousFortune" writer="KenFollett" author="TheZ" date="November 14, 2001" stars="5" suspectbook="0" unknownpurchase="1" nickname="1" cluster="0" allcluesclass="1" threecluesclass="0" sumclues="2" realclass="2" fold="2"><object>AWESOME BEYOND WORDS!</object><body>I HATE novels, but Ken Follett is the only modern author I read other than the great classic writers.  No other book has captivated me quite like this one, and I never wanted the story to end.  Don't let the size scare you...I savored every word of it.  Screw Shakespeare, if you only read one book in your lifetime-- read this one. Ken Follett, if you ever happen to read this (haha)-- Thank you for writing such an amazing story!  You are totally awesome!</body><tokens>i hate novels , but ken follett is the only modern author i read other than the great classic writers . no other book has captivated me quite like this one , and i never wanted the story to end . do n't let the size scare you ... i savored every word of it . screw shakespeare , if you only read one book in your lifetime-- read this one . ken follett , if you ever happen to read this ( haha ) -- thank you for writing such an amazing story ! you are totally awesome !</tokens><lemmas>i hate novel , but ken &lt;unknown&gt; be the only modern author i read other than the great classic writer . no other book have captivate me quite like this one , and i never want the story to end . do n't let the size scare you ... i savor every word of it . screw Shakespeare , if you only read one book in your &lt;unknown&gt; read this one . ken &lt;unknown&gt; , if you ever happen to read this ( &lt;unknown&gt; ) -- thank you for write such an amazing story ! you be totally awesome ! </lemmas><pos>NP NN NNS , CC NN NN VBZ DT RB JJ NN NNS VBP JJ IN DT JJ JJ NNS SENT DT JJ NN VBZ VBN PP RB VBP DT CD , CC NP RB VBD DT NN TO VB SENT VBP RB VB DT NN VB PP : NP VBD DT NN IN PP SENT NN NN , IN PP RB VBP CD NN IN PP$ NN VBD DT CD SENT NN NN , IN PP RB VBP TO VB DT ( NN ) : VB PP IN VBG PDT DT JJ NN SENT PP VBP RB JJ SENT </pos></review>
