<?xml version="1.0" encoding="ISO-8859-1" standalone="no"?>
<!DOCTYPE review SYSTEM "derev.dtd">
<review ID="0174" title="ADangerousFortune" writer="KenFollett" author="AReader" date="September 13, 2008" stars="3" suspectbook="0" unknownpurchase="1" nickname="1" cluster="0" allcluesclass="1" threecluesclass="0" sumclues="2" realclass="2" fold="8"><object>Entertaining but predictable</object><body>I checked this out of the library as an audio book, and I would say this is a perfect choice for a road trip.  I would not have wasted my time reading, nor would I purchase this book.  The characters are unbelievable--the main character is the ethical Hugh who is crossed over and over by his purely evil Aunt Augusta, and yet he never sees it coming and keeps coming back for more.  By the end of the book I could barely care about Hugh--there's innocent and then there's obtuse.  The plot is pretty predictable at times, the characters are flat and mostly one dimensional, the &quot;coincidences&quot; are as unbelievable as those of any Gothic novel, and much of the story is hard to believe given the time setting. However, for a long car ride, it was perfect--certainly didn't have to think too much and the story does mostly keep you engaged.</body><tokens>i checked this out of the library as an audio book , and i would say this is a perfect choice for a road trip . i would not have wasted my time reading , nor would i purchase this book . the characters are unbelievable--the main character is the ethical hugh who is crossed over and over by his purely evil aunt augusta , and yet he never sees it coming and keeps coming back for more . by the end of the book i could barely care about hugh--there 's innocent and then there 's obtuse . the plot is pretty predictable at times , the characters are flat and mostly one dimensional , the &quot; coincidences &quot; are as unbelievable as those of any gothic novel , and much of the story is hard to believe given the time setting . however , for a long car ride , it was perfect--certainly did n't have to think too much and the story does mostly keep you engaged .</tokens><lemmas>i check this out of the library as an audio book , and i would say this be a perfect choice for a road trip . i would not have waste my time reading , nor would i purchase this book . the character be &lt;unknown&gt; main character be the ethical &lt;unknown&gt; who be cross over and over by his purely evil aunt &lt;unknown&gt; , and yet he never see it come and keep come back for more . by the end of the book i could barely care about &lt;unknown&gt; 's innocent and then there be obtuse . the plot be pretty predictable at time , the character be flat and mostly one dimensional , the &quot; coincidence &quot; be as unbelievable as those of any Gothic novel , and much of the story be hard to believe give the time setting . however , for a long car ride , it be &lt;unknown&gt; do n't have to think too much and the story do mostly keep you engage . </lemmas><pos>NP VBD DT RP IN DT NN IN DT JJ NN , CC NP MD VB DT VBZ DT JJ NN IN DT NN NN SENT NP MD RB VB VBN PP$ NN NN , CC MD NNS VB DT NN SENT DT NNS VBP VBG JJ NN VBZ DT JJ NN WP VBZ VBN RP CC RP IN PP$ RB JJ NN NN , CC RB PP RB VBZ PP VBG CC VBZ VBG RB IN JJR SENT IN DT NN IN DT NN NP MD RB VB IN NN POS JJ CC RB EX VBZ JJ SENT DT NN VBZ RB JJ IN NNS , DT NNS VBP JJ CC RB CD JJ , DT `` NNS '' VBP RB JJ IN DT IN DT JJ NN , CC RB IN DT NN VBZ JJ TO VB VBN DT NN NN SENT RB , IN DT JJ NN NN , PP VBD RB VBD RB VB TO VB RB JJ CC DT NN VBZ RB VB PP VBN SENT </pos></review>
