<?xml version="1.0" encoding="ISO-8859-1" standalone="no"?>
<!DOCTYPE review SYSTEM "derev.dtd">
<review ID="0171" title="ADangerousFortune" writer="KenFollett" author="FWS" date="October 24, 2010" stars="2" suspectbook="0" unknownpurchase="0" nickname="1" cluster="1" allcluesclass="1" threecluesclass="0" sumclues="2" realclass="2" fold="5"><object>A Tiresome Fortune</object><body>Follett uses his familiar formula for this 19th Century financial saga. Weakened by predictable characters and excessive, unnecessary and tiresome sex scenes. I gave up at the half-way point. Too many good books out there to put up with this mediocre tale.</body><tokens>follett uses his familiar formula for this 19th century financial saga . weakened by predictable characters and excessive , unnecessary and tiresome sex scenes . i gave up at the half-way point . too many good books out there to put up with this mediocre tale .</tokens><lemmas>Follett use his familiar formula for this 19th century financial saga . weaken by predictable character and excessive , unnecessary and tiresome sex scene . i give up at the half-way point . too many good book out there to put up with this mediocre tale . </lemmas><pos>NP VBZ PP$ JJ NN IN DT JJ NN JJ NN SENT VBN IN JJ NNS CC JJ , JJ CC JJ NN NNS SENT NP VBD RP IN DT JJ NN SENT RB JJ JJ NNS RB RB TO VB RP IN DT JJ NN SENT </pos></review>
