<?xml version="1.0" encoding="ISO-8859-1" standalone="no"?>
<!DOCTYPE review SYSTEM "derev.dtd">
<review ID="0169" title="ADangerousFortune" writer="KenFollett" author="MelissaOcheltree" date="September 20, 2001" stars="5" suspectbook="0" unknownpurchase="1" nickname="1" cluster="0" allcluesclass="1" threecluesclass="0" sumclues="2" realclass="2" fold="3"><object>As usual</object><body>This was an interesting, exciting book. Pillars of the Earth is my ultimate favorite, but this book is not far behind.</body><tokens>this was an interesting , exciting book . pillars of the earth is my ultimate favorite , but this book is not far behind .</tokens><lemmas>this be an interesting , exciting book . pillar of the earth be my ultimate favorite , but this book be not far behind . </lemmas><pos>DT VBD DT JJ , JJ NN SENT NNS IN DT NN VBZ PP$ JJ NN , CC DT NN VBZ RB RB RB SENT </pos></review>
