<?xml version="1.0" encoding="ISO-8859-1" standalone="no"?>
<!DOCTYPE review SYSTEM "derev.dtd">
<review ID="0175" title="ADangerousFortune" writer="KenFollett" author="WClark" date="April 6, 2008" stars="4" suspectbook="0" unknownpurchase="1" nickname="0" cluster="1" allcluesclass="1" threecluesclass="0" sumclues="2" realclass="2" fold="9"><object>Good not Great</object><body>I thought this was a good book it started off a little slow but picked up with the deciept, mystery, and intrigue. It was easy so figure out in some parts but still good.</body><tokens>i thought this was a good book it started off a little slow but picked up with the deciept , mystery , and intrigue . it was easy so figure out in some parts but still good .</tokens><lemmas>i think this be a good book it start off a little slow but pick up with the &lt;unknown&gt; , mystery , and intrigue . it be easy so figure out in some part but still good . </lemmas><pos>NP VBD DT VBD DT JJ NN PP VBD RP DT JJ JJ CC VBD RP IN DT NN , NN , CC NN SENT PP VBD RB RB VB RP IN DT NNS CC RB JJ SENT </pos></review>
