<?xml version="1.0" encoding="ISO-8859-1" standalone="no"?>
<!DOCTYPE review SYSTEM "derev.dtd">
<review ID="0179" title="ADangerousFortune" writer="KenFollett" author="prempseudoobie" date="November 3, 2006" stars="3" suspectbook="0" unknownpurchase="1" nickname="1" cluster="0" allcluesclass="1" threecluesclass="0" sumclues="2" realclass="2" fold="3"><object>not upto Ken's standards</object><body>easy reading...good character descriptions..but not a very gripping plot or storyline like the usual follett style...an overnight time-killer read though</body><tokens>easy reading ... good character descriptions .. but not a very gripping plot or storyline like the usual follett style ... an overnight time-killer read though</tokens><lemmas>easy reading ... good character description ... but not a very gripping plot or storyline like the usual &lt;unknown&gt; style ... an overnight &lt;unknown&gt; read though </lemmas><pos>JJ NN : JJ NN NNS : CC RB DT RB JJ NN CC NN IN DT JJ NN NN : DT JJ NN VBN IN </pos></review>
