<?xml version="1.0" encoding="ISO-8859-1" standalone="no"?>
<!DOCTYPE review SYSTEM "derev.dtd">
<review ID="0182" title="ADangerousFortune" writer="KenFollett" author="TillieRay" date="October 2, 2010" stars="5" suspectbook="0" unknownpurchase="0" nickname="1" cluster="0" allcluesclass="1" threecluesclass="1" sumclues="1" realclass="2" fold="6"><object>Another great book from K. Follet</object><body>I really enjoyed this book as I do most written by Ken Follet. He is one of my all time favorite authors and did not disappoint with this book.</body><tokens>i really enjoyed this book as i do most written by ken follet . he is one of my all time favorite authors and did not disappoint with this book .</tokens><lemmas>i really enjoy this book as i do most write by ken &lt;unknown&gt; . he be one of my all time favorite author and do not disappoint with this book . </lemmas><pos>NP RB VBD DT NN IN NP VBP RBS VBN IN NN NN SENT PP VBZ CD IN PP$ DT NN JJ NNS CC VBD RB VB IN DT NN SENT </pos></review>
