<?xml version="1.0" encoding="ISO-8859-1" standalone="no"?>
<!DOCTYPE review SYSTEM "derev.dtd">
<review ID="0176" title="ADangerousFortune" writer="KenFollett" author="anonymous" date="June 14, 2001" stars="5" suspectbook="0" unknownpurchase="1" nickname="1" cluster="0" allcluesclass="1" threecluesclass="0" sumclues="2" realclass="2" fold="0"><object>the best follett book i have read!</object><body>there are so many twists and turns, you never know what to expect on the next page - phenomenal!  the story is great, extremely interesting.  i can't wait for some time to go by so i can read it again.</body><tokens>there are so many twists and turns , you never know what to expect on the next page - phenomenal ! the story is great , extremely interesting . i ca n't wait for some time to go by so i can read it again .</tokens><lemmas>there be so many twist and turn , you never know what to expect on the next page - phenomenal ! the story be great , extremely interesting . i ca n't wait for some time to go by so i can read it again . </lemmas><pos>EX VBP RB JJ NNS CC VBZ , PP RB VBP WP TO VB IN DT JJ NN : JJ SENT DT NN VBZ JJ , RB JJ SENT NP MD RB VB IN DT NN TO VB IN RB NP MD VB PP RB SENT </pos></review>
