<?xml version="1.0" encoding="ISO-8859-1" standalone="no"?>
<!DOCTYPE review SYSTEM "derev.dtd">
<review ID="0185" title="ADangerousFortune" writer="KenFollett" author="anonymous" date="June 28, 1997" stars="4" suspectbook="0" unknownpurchase="1" nickname="1" cluster="1" allcluesclass="0" threecluesclass="0" sumclues="3" realclass="2" fold="9"><object>pretty good but notnhing new.</object><body>Follet's good.  Real good, but it doesn't seem like there's anything new.  I read richard greenwald's spear of golgotha - first of series of thrillers and couldn't believe the stuf they publish down under- the aussies know how to make you buckle up and take a roller coaster ride.  If you liked the earlier Follet you'll go nuts over greenwald- his stuff is too good to believe you can't put it down</body><tokens>follet 's good . real good , but it does n't seem like there 's anything new . i read richard greenwald 's spear of golgotha - first of series of thrillers and could n't believe the stuf they publish down under- the aussies know how to make you buckle up and take a roller coaster ride . if you liked the earlier follet you 'll go nuts over greenwald- his stuff is too good to believe you ca n't put it down</tokens><lemmas>&lt;unknown&gt; be good . real good , but it do n't seem like there be anything new . i read Richard Greenwald 's spear of &lt;unknown&gt; - first of series of thriller and could n't believe the &lt;unknown&gt; they publish down &lt;unknown&gt; the Aussie know how to make you buckle up and take a roller coaster ride . if you like the early &lt;unknown&gt; you will go nut over &lt;unknown&gt; his stuff be too good to believe you ca n't put it down </lemmas><pos>NN VBZ JJ SENT JJ JJ , CC PP VBZ RB VB IN EX VBZ NN JJ SENT NP VBD NP NP POS NN IN NN : RB IN NN IN NNS CC MD RB VB DT NN PP VBP RP NN DT NNS VBP WRB TO VB PP VB RP CC VB DT NN NN NN SENT IN PP VBD DT JJR NN PP MD VB NNS IN NN PP$ NN VBZ RB JJ TO VB PP MD RB VB PP RP </pos></review>
