<?xml version="1.0" encoding="ISO-8859-1" standalone="no"?>
<!DOCTYPE review SYSTEM "derev.dtd">
<review ID="0178" title="ADangerousFortune" writer="KenFollett" author="anonymous" date="June 27, 1999" stars="4" suspectbook="0" unknownpurchase="1" nickname="1" cluster="0" allcluesclass="1" threecluesclass="0" sumclues="2" realclass="2" fold="2"><object>Great entertainment (no more, but no less either..)</object><body>Ken Follett has always been a favourite of mine. As other 'bestseller writers' he has a cash-proven ability to spin together plots that make you stay up much longer than you ought to. This offering proves that this skill  is still with him.  However this book is a bit of a soap opera. An  entertaing one, but still. I miss Follett's normal 'added value' in  comparison with the likes of Ludlum an Wilbur Smith, namely the ability to  people his books with people rather than cartoon figures. The plot and the  scenes are all a bit too predictable, the main characters too  one-dimensional.  If you are on the lookout for a book that will leave  you with a pensive smile and new insights, give this one a pass. If,  however, you are looking for an entertaining and well-crafted saga to keep  you company on a plane ride or in your bed, this is a good choice. And  don't be put off by the 'smut' warning above. Follett is a romantic at  heart and while intimate scenes abound, they are well written and there for  a purpose.   But Mr Ken, please play it a little less safe next time  around.</body><tokens>ken follett has always been a favourite of mine . as other &quot; bestseller writers &quot; he has a cash-proven ability to spin together plots that make you stay up much longer than you ought to . this offering proves that this skill is still with him . however this book is a bit of a soap opera . an entertaing one , but still . i miss follett 's normal &quot; added value &quot; in comparison with the likes of ludlum an wilbur smith , namely the ability to people his books with people rather than cartoon figures . the plot and the scenes are all a bit too predictable , the main characters too one-dimensional . if you are on the lookout for a book that will leave you with a pensive smile and new insights , give this one a pass . if , however , you are looking for an entertaining and well-crafted saga to keep you company on a plane ride or in your bed , this is a good choice . and do n't be put off by the &quot; smut &quot; warning above . follett is a romantic at heart and while intimate scenes abound , they are well written and there for a purpose . but mr ken , please play it a little less safe next time around .</tokens><lemmas>ken &lt;unknown&gt; have always be a favourite of mine . as other &quot; bestseller writer &quot; he have a &lt;unknown&gt; ability to spin together plot that make you stay up much longer than you ought to . this offering prove IN this skill be still with him . however this book be a bit of a soap opera . an &lt;unknown&gt; one , but still . i miss Follett 's normal &quot; added value &quot; in comparison with the like of &lt;unknown&gt; an &lt;unknown&gt; smith , namely the ability to people his book with people rather than cartoon figure . the plot and the scene be all a bit too predictable , the main character too one-dimensional . if you be on the lookout for a book that will leave you with a pensive smile and new insight , give this one a pass . if , however , you be look for an entertaining and well-crafted saga to keep you company on a plane ride or in your bed , this be a good choice . and do n't be put off by the &quot; smut &quot; warn above . Follett be a romantic at heart and while intimate scene abound , they be well write and there for a purpose . but Mr ken , please play it a little less safe next time around . </lemmas><pos>NN NN VBZ RB VBN DT NN IN NN SENT IN JJ `` NN NNS `` PP VBZ DT JJ NN TO VB RB NNS WDT VBP PP VB RP RB RBR IN PP MD TO SENT DT NN VBZ  DT NN VBZ RB IN PP SENT RB DT NN VBZ DT NN IN DT NN NN SENT DT VBG CD , CC RB SENT NNS VBP NP POS JJ `` JJ NN '' IN NN IN DT NNS IN NN DT NN NN , RB DT NN TO VB PP$ NNS IN NNS RB IN NN NNS SENT DT NN CC DT NNS VBP PDT DT NN RB JJ , DT JJ NNS RB JJ SENT IN PP VBP IN DT NN IN DT NN WDT MD VB PP IN DT JJ NN CC JJ NNS , VBP DT CD DT NN SENT IN , RB , PP VBP VBG IN DT JJ CC JJ NN TO VB PP NN IN DT NN NN CC IN PP$ NN , DT VBZ DT JJ NN SENT CC VBP RB VB VBN RP IN DT `` NN '' VBG IN SENT NP VBZ DT NN IN NN CC IN JJ NNS VBP , PP VBP RB VBN CC RB IN DT NN SENT CC NN NN , VB VB PP DT RB RBR JJ JJ NN RB SENT </pos></review>
