<?xml version="1.0" encoding="ISO-8859-1" standalone="no"?>
<!DOCTYPE review SYSTEM "derev.dtd">
<review ID="0184" title="ADangerousFortune" writer="KenFollett" author="anonymous" date="October 18, 2000" stars="4" suspectbook="0" unknownpurchase="1" nickname="1" cluster="0" allcluesclass="1" threecluesclass="0" sumclues="2" realclass="2" fold="8"><object>Follett on murder, politics andamp; money in Victorian England</object><body>A fast paced story of great intrigue in Victorian England.  He captures the life of high society whose morals were meant to be somewhat prim andamp; proper but were in fact almost the exact opposite. A great easy read, ideal for a vacation on the beach or a long plane ride - but don't expect a masterpiece.</body><tokens>a fast paced story of great intrigue in victorian england . he captures the life of high society whose morals were meant to be somewhat prim andamp ; proper but were in fact almost the exact opposite . a great easy read , ideal for a vacation on the beach or a long plane ride - but do n't expect a masterpiece .</tokens><lemmas>a fast pace story of great intrigue in Victorian &lt;unknown&gt; . he capture the life of high society whose moral be mean to be somewhat prim &lt;unknown&gt; ; proper but be in fact almost the exact opposite . a great easy read , ideal for a vacation on the beach or a long plane ride - but do n't expect a masterpiece . </lemmas><pos>DT RB VBN NN IN JJ NN IN JJ NN SENT PP VBZ DT NN IN JJ NN WP$ NNS VBD VBN TO VB RB JJ NN : NN CC VBD IN NN RB DT JJ NN SENT DT JJ JJ NN , JJ IN DT NN IN DT NN CC DT JJ NN NN : CC VBP RB VB DT NN SENT </pos></review>
