<?xml version="1.0" encoding="ISO-8859-1" standalone="no"?>
<!DOCTYPE review SYSTEM "derev.dtd">
<review ID="0183" title="ADangerousFortune" writer="KenFollett" author="StephenGRoufa" date="December 12, 2008" stars="4" suspectbook="0" unknownpurchase="0" nickname="0" cluster="0" allcluesclass="1" threecluesclass="1" sumclues="0" realclass="2" fold="7"><object>Typical Follett</object><body>An interesting glimpse of life in England 1860 through turn of the century.  Typical Follett with obvious predictability, however, gripping with quick twists.</body><tokens>an interesting glimpse of life in england 1860 through turn of the century . typical follett with obvious predictability , however , gripping with quick twists .</tokens><lemmas>an interesting glimpse of life in England @card@ through turn of the century . typical &lt;unknown&gt; with obvious predictability , however , grip with quick twist . </lemmas><pos>DT JJ NN IN NN IN NP CD IN NN IN DT NN SENT JJ NN IN JJ NN , RB , VBG IN JJ NNS SENT </pos></review>
