<?xml version="1.0" encoding="ISO-8859-1" standalone="no"?>
<!DOCTYPE review SYSTEM "derev.dtd">
<review ID="0181" title="ADangerousFortune" writer="KenFollett" author="JTothbooklover" date="September 6, 2012" stars="5" suspectbook="0" unknownpurchase="0" nickname="0" cluster="1" allcluesclass="1" threecluesclass="1" sumclues="1" realclass="2" fold="5"><object>A Dangerous Fortune (Amazon Verified Review)</object><body>I loved this book......I love this author as all his books are rich in historical background.....I hated to see the book come to an end.  As always, the ending provides the reader with a surprise and isn't always what you expected.</body><tokens>i loved this book ...... i love this author as all his books are rich in historical background ..... i hated to see the book come to an end . as always , the ending provides the reader with a surprise and is n't always what you expected .</tokens><lemmas>i love this book &lt;unknown&gt; i love this author as all his book be rich in historical background &lt;unknown&gt; i hate to see the book come to an end . as always , the ending provide the reader with a surprise and be n't always what you expect . </lemmas><pos>NP VBD DT NN NP NP VBP DT NN IN PDT PP$ NNS VBP JJ IN JJ NN NP NP VBD TO VB DT NN VBN TO DT NN SENT RB RB , DT NN VBZ DT NN IN DT NN CC VBZ RB RB WP PP VBD SENT </pos></review>
