<?xml version="1.0" encoding="ISO-8859-1" standalone="no"?>
<!DOCTYPE review SYSTEM "derev.dtd">
<review ID="0177" title="ADangerousFortune" writer="KenFollett" author="GarrettRiley" date="May 13, 2000" stars="4" suspectbook="0" unknownpurchase="1" nickname="0" cluster="0" allcluesclass="1" threecluesclass="1" sumclues="1" realclass="2" fold="1"><object>Fantastic book by Ken Follett</object><body>Dangerous Fortune is highly recommened by this reader.  The plot was tight and fast moving and it was fascinating to be in the world of Victorian England.  Read this book, it is great entertainment.</body><tokens>dangerous fortune is highly recommened by this reader . the plot was tight and fast moving and it was fascinating to be in the world of victorian england . read this book , it is great entertainment .</tokens><lemmas>dangerous fortune be highly &lt;unknown&gt; by this reader . the plot be tight and fast move and it be fascinating to be in the world of Victorian &lt;unknown&gt; . read this book , it be great entertainment . </lemmas><pos>JJ NN VBZ RB JJ IN DT NN SENT DT NN VBD JJ CC JJ VBG CC PP VBD JJ TO VB IN DT NN IN JJ NN SENT VB DT NN , PP VBZ JJ NN SENT </pos></review>
