<?xml version="1.0" encoding="ISO-8859-1" standalone="no"?>
<!DOCTYPE review SYSTEM "derev.dtd">
<review ID="0180" title="ADangerousFortune" writer="KenFollett" author="anonymous" date="September 8, 1999" stars="3" suspectbook="0" unknownpurchase="1" nickname="1" cluster="0" allcluesclass="1" threecluesclass="0" sumclues="2" realclass="2" fold="4"><object>Great entertainment</object><body>The last 200 pages of this book simply fly. Some of the plot twists aren't particularly original, but the author certainly knows how to hook the reader with his prose. A worthwhile, memorable read, but definitely not classic literature.</body><tokens>the last 200 pages of this book simply fly . some of the plot twists are n't particularly original , but the author certainly knows how to hook the reader with his prose . a worthwhile , memorable read , but definitely not classic literature .</tokens><lemmas>the last @card@ page of this book simply fly . some of the plot twist be n't particularly original , but the author certainly know how to hook the reader with his prose . a worthwhile , memorable read , but definitely not classic literature . </lemmas><pos>DT JJ CD NNS IN DT NN RB VB SENT DT IN DT NN NNS VBP RB RB JJ , CC DT NN RB VBZ WRB TO VB DT NN IN PP$ NN SENT DT JJ , JJ NN , CC RB RB JJ NN SENT </pos></review>
