<?xml version="1.0" encoding="ISO-8859-1" standalone="no"?>
<!DOCTYPE review SYSTEM "derev.dtd">
<review ID="0192" title="ADangerousFortune" writer="KenFollett" author="booshkindoggin" date="March 27, 2001" stars="5" suspectbook="0" unknownpurchase="1" nickname="1" cluster="0" allcluesclass="1" threecluesclass="0" sumclues="2" realclass="2" fold="5"><object>A Winner for Him and Her!</object><body>RE: AUDIO CASSETTE VERSION. The setting and tone are a departure from other Follett novels I've read but this story grabs hold and pulls you right along.  It works for both the action thriller enthusiast (read-dude) and for the romance fan (read-babe).  I knew my wife would like the love story and stylized society antics, ala Jane Austin, when I recommended it to her and I was right.  Special bonus from this cross-over appeal: we both found the the steamier scenes had, how shall I put it, a lingering stimulating effect.</body><tokens>re : audio cassette version . the setting and tone are a departure from other follett novels i 've read but this story grabs hold and pulls you right along . it works for both the action thriller enthusiast ( read-dude ) and for the romance fan ( read-babe ) . i knew my wife would like the love story and stylized society antics , ala jane austin , when i recommended it to her and i was right . special bonus from this cross-over appeal : we both found the the steamier scenes had , how shall i put it , a lingering stimulating effect .</tokens><lemmas>re : audio cassette version . the setting and tone be a departure from other Follett novel i have read but this story grab hold and pull you right along . it work for both the action thriller enthusiast ( &lt;unknown&gt; ) and for the romance fan ( &lt;unknown&gt; ) . i know my wife would like the love story and stylize society antic , ala jane &lt;unknown&gt; , when i recommend it to her and i be right . special bonus from this &lt;unknown&gt; appeal : we both find the the steamy scene have , how shall i put it , a linger stimulating effect . </lemmas><pos>NN : JJ NN NN SENT DT NN CC NN VBP DT NN IN JJ NP NNS NNS VBP VBN CC DT NN NNS VBP CC VBZ PP RB RP SENT PP VBZ IN CC DT NN NN NN ( NN ) CC IN DT NN NN ( NN ) SENT NP VBD PP$ NN MD VB DT NN NN CC VBN NN NNS , NN NN NN , WRB NP VBD PP TO PP CC NP VBD JJ SENT JJ NN IN DT NN NN : PP CC VBN DT DT JJR NNS VBD , WRB MD NNS VB PP , DT VBG JJ NN SENT </pos></review>
