<?xml version="1.0" encoding="ISO-8859-1" standalone="no"?>
<!DOCTYPE review SYSTEM "derev.dtd">
<review ID="0191" title="ADangerousFortune" writer="KenFollett" author="HelenACavallo" date="December 10, 2009" stars="4" suspectbook="0" unknownpurchase="0" nickname="0" cluster="0" allcluesclass="1" threecluesclass="1" sumclues="0" realclass="2" fold="4"><object>good condition</object><body>This took a bit longer to arrive than I anticipated but the condition was as promised and I am already enjoying it.</body><tokens>this took a bit longer to arrive than i anticipated but the condition was as promised and i am already enjoying it .</tokens><lemmas>this take a bit longer to arrive than i anticipate but the condition be as promise and i be already enjoy it . </lemmas><pos>DT VBD DT NN RBR TO VB IN NP VBN CC DT NN VBD RB VBN CC NP VBP RB VBG PP SENT </pos></review>
