<?xml version="1.0" encoding="ISO-8859-1" standalone="no"?>
<!DOCTYPE review SYSTEM "derev.dtd">
<review ID="0196" title="ADangerousFortune" writer="KenFollett" author="anonymous" date="January 13, 1996" stars="5" suspectbook="0" unknownpurchase="1" nickname="1" cluster="0" allcluesclass="1" threecluesclass="0" sumclues="2" realclass="2" fold="9"><object>Finally a good thriller from Follett</object><body>After reading low rate novels from this author I find this one deserving a good credit.</body><tokens>after reading low rate novels from this author i find this one deserving a good credit .</tokens><lemmas>after read low rate novel from this author i find this one deserve a good credit . </lemmas><pos>IN VBG JJ NN NNS IN DT NN NNS VBP DT CD VBG DT JJ NN SENT </pos></review>
