<?xml version="1.0" encoding="ISO-8859-1" standalone="no"?>
<!DOCTYPE review SYSTEM "derev.dtd">
<review ID="0194" title="ADangerousFortune" writer="KenFollett" author="avdr" date="February 19, 2000" stars="5" suspectbook="0" unknownpurchase="1" nickname="1" cluster="0" allcluesclass="1" threecluesclass="0" sumclues="2" realclass="2" fold="7"><object>another winner by follett!</object><body>this book is very good reading.it reels you in with its characters and their situations of murder,betrayal,and lust.the characters are amazing.read this book!</body><tokens>this book is very good reading . it reels you in with its characters and their situations of murder , betrayal , and lust . the characters are amazing . read this book !</tokens><lemmas>this book be very good reading . it reel you in with its character and their situation of murder , betrayal , and lust . the character be amazing . read this book ! </lemmas><pos>DT NN VBZ RB JJ NN SENT PP VBZ PP IN IN PP$ NNS CC PP$ NNS IN NN , NN , CC NN SENT DT NNS VBP JJ SENT VB DT NN SENT </pos></review>
