<?xml version="1.0" encoding="ISO-8859-1" standalone="no"?>
<!DOCTYPE review SYSTEM "derev.dtd">
<review ID="0193" title="ADangerousFortune" writer="KenFollett" author="MikeWilson" date="October 21, 2000" stars="4" suspectbook="0" unknownpurchase="1" nickname="1" cluster="0" allcluesclass="1" threecluesclass="0" sumclues="2" realclass="2" fold="6"><object>Fortunate enough to read it</object><body>I agree that Follett tends to follow a similar pattern in all his books that's why I take a break between his novels, however it is a successful pattern that contains memorable characters, action and intrigue. After I was finished I wanted to return to find our more about the Pilasters.</body><tokens>i agree that follett tends to follow a similar pattern in all his books that 's why i take a break between his novels , however it is a successful pattern that contains memorable characters , action and intrigue . after i was finished i wanted to return to find our more about the pilasters .</tokens><lemmas>i agree IN Follett tend to follow a similar pattern in all his book that be why i take a break between his novel , however it be a successful pattern that contain memorable character , action and intrigue . after i be finish i want to return to find our more about the pilaster . </lemmas><pos>NNS VBP  NP VBZ TO VB DT JJ NN IN PDT PP$ NNS WDT VBZ WRB NNS VBP DT NN IN PP$ NNS , RB PP VBZ DT JJ NN WDT VBZ JJ NNS , NN CC NN SENT IN NP VBD VBN NP VBD TO VB TO VB PP$ JJR IN DT NNS SENT </pos></review>
