<?xml version="1.0" encoding="ISO-8859-1" standalone="no"?>
<!DOCTYPE review SYSTEM "derev.dtd">
<review ID="0186" title="ADangerousFortune" writer="KenFollett" author="anonymous" date="June 26, 1997" stars="4" suspectbook="0" unknownpurchase="1" nickname="1" cluster="1" allcluesclass="0" threecluesclass="0" sumclues="3" realclass="2" fold="0"><object>Real good stuff.</object><body>Follet's been around for a while and can keep things going.  His earlier stuff was more exciting - a new author out of australia is richard greenwald, spear of golgotha- he can keep those pages turning.  i think his books are banned in our country- who knows why but he is the new kid on  the block and folks don't seem to like it.  check it out</body><tokens>follet 's been around for a while and can keep things going . his earlier stuff was more exciting - a new author out of australia is richard greenwald , spear of golgotha- he can keep those pages turning . i think his books are banned in our country- who knows why but he is the new kid on the block and folks do n't seem to like it . check it out</tokens><lemmas>&lt;unknown&gt; have be around for a while and can keep thing go . his early stuff be more exciting - a new author out of &lt;unknown&gt; be Richard Greenwald , spear of &lt;unknown&gt; he can keep those page turn . i think his book be ban in our &lt;unknown&gt; who know why but he be the new kid on the block and folk do n't seem to like it . check it out </lemmas><pos>NN VBZ VBN RB IN DT NN CC MD VB NNS VBG SENT PP$ JJR NN VBD RBR JJ : DT JJ NN IN IN NN VBZ NP NP , NN IN NN PP MD VB DT NNS VBG SENT NNS VBP PP$ NNS VBP VBN IN PP$ NN WP VBZ WRB CC PP VBZ DT JJ NN IN DT NN CC NNS VBP RB VB TO VB PP SENT VB PP RP </pos></review>
