<?xml version="1.0" encoding="ISO-8859-1" standalone="no"?>
<!DOCTYPE review SYSTEM "derev.dtd">
<review ID="0195" title="ADangerousFortune" writer="KenFollett" author="judybooks4me" date="January 11, 2003" stars="5" suspectbook="0" unknownpurchase="1" nickname="1" cluster="0" allcluesclass="1" threecluesclass="0" sumclues="2" realclass="2" fold="8"><object>amazing</object><body>This book is one that I have not forgotten.  Most books, I can hardly remember.  Ken Follett rules.</body><tokens>this book is one that i have not forgotten . most books , i can hardly remember . ken follett rules .</tokens><lemmas>this book be one IN i have not forget . most book , i can hardly remember . ken &lt;unknown&gt; rule . </lemmas><pos>DT NN VBZ CD  NNS VBP RB VBN SENT JJS NNS , NP MD RB VB SENT NN NN NNS SENT </pos></review>
