<?xml version="1.0" encoding="ISO-8859-1" standalone="no"?>
<!DOCTYPE review SYSTEM "derev.dtd">
<review ID="0188" title="ADangerousFortune" writer="KenFollett" author="anonymous" date="November 4, 1999" stars="5" suspectbook="0" unknownpurchase="1" nickname="1" cluster="0" allcluesclass="1" threecluesclass="0" sumclues="2" realclass="2" fold="2"><object>Fantastic, sophisticated novel about banker's family</object><body>I can't leave this book without reading next chapter. I like books about human envy, intrigues and will to gain power and money.</body><tokens>i ca n't leave this book without reading next chapter . i like books about human envy , intrigues and will to gain power and money .</tokens><lemmas>i ca n't leave this book without read next chapter . i like book about human envy , intrigue and will to gain power and money . </lemmas><pos>NP MD RB VB DT NN IN VBG JJ NN SENT NP IN NNS IN JJ NN , NNS CC MD TO VB NN CC NN SENT </pos></review>
