<?xml version="1.0" encoding="ISO-8859-1" standalone="no"?>
<!DOCTYPE review SYSTEM "derev.dtd">
<review ID="0190" title="ADangerousFortune" writer="KenFollett" author="JorgeFrid" date="February 19, 2002" stars="3" suspectbook="0" unknownpurchase="1" nickname="0" cluster="0" allcluesclass="1" threecluesclass="1" sumclues="1" realclass="2" fold="3"><object>It is not the best book</object><body>The main story of the book is interesting and keeps you reading (when you can find it) all the time but it has to many explanations of the streets, houses, how  the people is dressed in each party, gardens etc. that makes boring a big part of the story.</body><tokens>the main story of the book is interesting and keeps you reading ( when you can find it ) all the time but it has to many explanations of the streets , houses , how the people is dressed in each party , gardens etc . that makes boring a big part of the story .</tokens><lemmas>the main story of the book be interesting and keep you reading ( when you can find it ) all the time but it have to many explanation of the street , house , how the people be dress in each party , garden etc . IN make bore a big part of the story . </lemmas><pos>DT JJ NN IN DT NN VBZ JJ CC VBZ PP NN ( WRB PP MD VB PP ) RB DT NN CC PP VBZ TO JJ NNS IN DT NNS , NNS , WRB DT NNS VBZ VBN IN DT NN , NNS NN SENT  VBZ VBG DT JJ NN IN DT NN SENT </pos></review>
