<?xml version="1.0" encoding="ISO-8859-1" standalone="no"?>
<!DOCTYPE review SYSTEM "derev.dtd">
<review ID="0187" title="ADangerousFortune" writer="KenFollett" author="MLutton" date="April 18, 2009" stars="3" suspectbook="0" unknownpurchase="1" nickname="0" cluster="0" allcluesclass="1" threecluesclass="1" sumclues="1" realclass="2" fold="1"><object>Bank on Follett</object><body>You can bank on Follett for the following when you read one of his books: clear good vs evil themes, a historical setting, a compelling story full of plot twists, and explicit sex scenes every 100 pages or so.  Unlike Pillars of the Earth, the setting he paints in A Dangerous Fortune seems less distant, less intriguing, than his account of 12th century England in Pillars. 19th century England and the politics and characters of a banking family keep this novel moving.  As alwyas, the story is fun to follow and Follett is a master at telling a captivating tale.  After reading four of his novels, it seems his ability to let the reader root for the good characters and despise the bad is part of his skill as a writer.  If you haven't read anything by him, and might be intimidated by the size of Pillars of the Earth, try reading The Eye of the Needle, or A Dangeous Fortune to get a feel for his style and ability.  He's no literary giant, but is certainly fun to read.</body><tokens>you can bank on follett for the following when you read one of his books : clear good vs evil themes , a historical setting , a compelling story full of plot twists , and explicit sex scenes every 100 pages or so . unlike pillars of the earth , the setting he paints in a dangerous fortune seems less distant , less intriguing , than his account of 12th century england in pillars . 19th century england and the politics and characters of a banking family keep this novel moving . as alwyas , the story is fun to follow and follett is a master at telling a captivating tale . after reading four of his novels , it seems his ability to let the reader root for the good characters and despise the bad is part of his skill as a writer . if you have n't read anything by him , and might be intimidated by the size of pillars of the earth , try reading the eye of the needle , or a dangeous fortune to get a feel for his style and ability . he 's no literary giant , but is certainly fun to read .</tokens><lemmas>you can bank on &lt;unknown&gt; for the following when you read one of his book : clear good vs evil theme , a historical setting , a compelling story full of plot twist , and explicit sex scene every @card@ page or so . unlike pillar of the earth , the setting he paint in a dangerous fortune seem less distant , less intriguing , than his account of 12th century &lt;unknown&gt; in pillar . 19th century &lt;unknown&gt; and the politics and character of a banking family keep this novel move . as &lt;unknown&gt; , the story be fun to follow and Follett be a master at tell a captivating tale . after read four of his novel , it seem his ability to let the reader root for the good character and despise the bad be part of his skill as a writer . if you have n't read anything by him , and might be intimidate by the size of pillar of the earth , try read the eye of the needle , or a &lt;unknown&gt; fortune to get a feel for his style and ability . he be no literary giant , but be certainly fun to read . </lemmas><pos>PP MD VB IN NN IN DT NN WRB PP VBP CD IN PP$ NNS : JJ JJ NP NN NNS , DT JJ NN , DT JJ NN JJ IN NN NNS , CC JJ NN NNS DT CD NNS CC RB SENT IN NNS IN DT NN , DT NN PP VBZ IN DT JJ NN VBZ RBR JJ , RBR JJ , IN PP$ NN IN JJ NN NN IN NNS SENT JJ NN NN CC DT NNS CC NNS IN DT NN NN VB DT NN VBG SENT IN NNS , DT NN VBZ NN TO VB CC NP VBZ DT NN IN VBG DT JJ NN SENT IN VBG CD IN PP$ NNS , PP VBZ PP$ NN TO VB DT NN NN IN DT JJ NNS CC VB DT JJ VBZ NN IN PP$ NN IN DT NN SENT IN PP VBP RB VBN NN IN PP , CC MD VB VBN IN DT NN IN NNS IN DT NN , VBP VBG DT NN IN DT NN , CC DT JJ NN TO VB DT NN IN PP$ NN CC NN SENT PP VBZ DT JJ NN , CC VBZ RB NN TO VB SENT </pos></review>
