<?xml version="1.0" encoding="ISO-8859-1" standalone="no"?>
<!DOCTYPE review SYSTEM "derev.dtd">
<review ID="0199" title="ADubiousPlan" writer="GeraldKubicki" author="WiLoveBooksMombloggerandloverofbooks" date="November 12, 2012" stars="4" suspectbook="1" unknownpurchase="1" nickname="0" cluster="0" allcluesclass="1" threecluesclass="1" sumclues="2" realclass="2" fold="2"><object>Fun, fast-paced action/adventure/mystery</object><body>I'm not really a history person, so when I saw this was about Nazis, I wasn't sure if I would be that interested. I ended up really enjoying it. This book is fast-paced with an intriguing mystery, action, suspense, shooting, explosions, a spirit who talks to people, curses, and a great cast of characters. I especially like Loni, with her guns and attitude. I love this quote about her by Banyon, after she takes out one of the bad guy's bodyguards: &quot;She is my bodyguard. I only need one. Now take this crybaby and get out now.&quot; Loni and Banyon are detectives who, I believe, hunt down old Nazis and/or Nazi artifacts. This is the fifth book and I haven't ready any of the others, but I think that's right. I currently have the sixth book, A Dubious Artifact, waiting for me and I am anxious to read it. It is due out 11-15. There are also four more waiting to be published, so if you don't like to wait long between books this is a good series to start. *I received a copy for my honest review.</body><tokens>i 'm not really a history person , so when i saw this was about nazis , i was n't sure if i would be that interested . i ended up really enjoying it . this book is fast-paced with an intriguing mystery , action , suspense , shooting , explosions , a spirit who talks to people , curses , and a great cast of characters . i especially like loni , with her guns and attitude . i love this quote about her by banyon , after she takes out one of the bad guy 's bodyguards : &quot; she is my bodyguard . i only need one . now take this crybaby and get out now . &quot; loni and banyon are detectives who , i believe , hunt down old nazis and / or nazi artifacts . this is the fifth book and i have n't ready any of the others , but i think that 's right . i currently have the sixth book , a dubious artifact , waiting for me and i am anxious to read it . it is due out 11-15 . there are also four more waiting to be published , so if you do n't like to wait long between books this is a good series to start . *i received a copy for my honest review .</tokens><lemmas>i be not really a history person , so when i see this be about Nazi , i be n't sure if i would be that interested . i end up really enjoy it . this book be fast-paced with an intriguing mystery , action , suspense , shoot , explosion , a spirit who talk to people , curse , and a great cast of character . i especially like &lt;unknown&gt; , with her gun and attitude . i love this quote about her by &lt;unknown&gt; , after she take out one of the bad guy 's bodyguard : &quot; she be my bodyguard . i only need one . now take this crybaby and get out now . &quot; &lt;unknown&gt; and &lt;unknown&gt; be detective who , i believe , hunt down old Nazi and / or Nazi artifact . this be the fifth book and i have n't ready any of the other , but i think that be right . i currently have the sixth book , a dubious artifact , wait for me and i be anxious to read it . it be due out @card@ . there be also four more wait to be publish , so if you do n't like to wait long between book this be a good series to start . &lt;unknown&gt; receive a copy for my honest review . </lemmas><pos>NNS VBP RB RB DT NN NN , RB WRB NP VBD DT VBD IN NNS , NP VBD RB JJ IN NP MD VB RB JJ SENT NP VBD RP RB VBG PP SENT DT NN VBZ JJ IN DT JJ NN , NN , NN , VBG , NNS , DT NN WP VBZ TO NNS , NNS , CC DT JJ NN IN NNS SENT NP RB IN NN , IN PP$ NNS CC NN SENT NNS VBP DT NN IN PP IN NN , IN PP VBZ RP CD IN DT JJ NN POS NNS : `` PP VBZ PP$ NN SENT NP RB VBP PP SENT RB VB DT NN CC VB RP RB SENT '' NNS CC NN VBP NNS WP , NNS VBP , VBP RP JJ NNS CC SYM CC NN NNS SENT DT VBZ DT JJ NN CC NP VBP RB JJ DT IN DT NNS , CC NP VBP WDT VBZ JJ SENT NP RB VBP DT JJ NN , DT JJ NN , VBG IN PP CC NP VBP JJ TO VB PP SENT PP VBZ JJ IN CD SENT EX VBP RB CD JJR VBG TO VB VBN , RB IN PP VBP RB VB TO VB RB IN NNS DT VBZ DT JJ NN TO VB SENT NP VBD DT NN IN PP$ JJ NN SENT </pos></review>
