<?xml version="1.0" encoding="ISO-8859-1" standalone="no"?>
<!DOCTYPE review SYSTEM "derev.dtd">
<review ID="0204" title="ADubiousPlan" writer="GeraldKubicki" author="Texasgirl" date="August 8, 2012" stars="5" suspectbook="1" unknownpurchase="1" nickname="1" cluster="0" allcluesclass="0" threecluesclass="0" sumclues="3" realclass="2" fold="7"><object>Great Adventure!</object><body>Although I haven't read all the books before this one, I definitely enjoyed this book. This is the 5th book in the Colton Banyon series by Kubicki and it did not disappoint. The story takes Banyon and his sidekick, Loni to Death Valley but while there a huge discovery was made. An old German war plane has been found in the sand dunes of Death Valley and there are many mysteries surrounding this finding. I would definitely recommend reading this very fun and interesting book.</body><tokens>although i have n't read all the books before this one , i definitely enjoyed this book . this is the 5th book in the colton banyon series by kubicki and it did not disappoint . the story takes banyon and his sidekick , loni to death valley but while there a huge discovery was made . an old german war plane has been found in the sand dunes of death valley and there are many mysteries surrounding this finding . i would definitely recommend reading this very fun and interesting book .</tokens><lemmas>although i have n't read all the book before this one , i definitely enjoy this book . this be the 5th book in the &lt;unknown&gt; &lt;unknown&gt; series by Kubicki and it do not disappoint . the story take &lt;unknown&gt; and his sidekick , &lt;unknown&gt; to death valley but while there a huge discovery be make . an old german war plane have be find in the sand dune of death valley and there be many mystery surround this finding . i would definitely recommend read this very fun and interesting book . </lemmas><pos>IN NP VBP RB VBN PDT DT NNS IN DT CD , NP RB VBD DT NN SENT DT VBZ DT JJ NN IN DT NN NN NN IN NP CC PP VBD RB VB SENT DT NN VBZ NN CC PP$ NN , NNS TO NN NN CC IN RB DT JJ NN VBD VBN SENT DT JJ JJ NN NN VBZ VBN VBN IN DT NN NNS IN NN NN CC EX VBP JJ NNS VBG DT NN SENT NP MD RB VB VBG DT JJ NN CC JJ NN SENT </pos></review>
