<?xml version="1.0" encoding="ISO-8859-1" standalone="no"?>
<!DOCTYPE review SYSTEM "derev.dtd">
<review ID="0200" title="ADubiousPlan" writer="GeraldKubicki" author="Juls" date="November 5, 2012" stars="5" suspectbook="1" unknownpurchase="0" nickname="1" cluster="0" allcluesclass="1" threecluesclass="1" sumclues="2" realclass="2" fold="3"><object>Best Yet</object><body>I thought this book was the best in the series so far, even more intiging than &quot;A Dubious Mission&quot;. Great characters and dialogue. I am eagerly awaiting the next &quot;Dubious&quot; book.</body><tokens>i thought this book was the best in the series so far , even more intiging than &quot; a dubious mission &quot; . great characters and dialogue . i am eagerly awaiting the next &quot; dubious &quot; book .</tokens><lemmas>i think this book be the good in the series so far , even more &lt;unknown&gt; than &quot; a dubious mission &quot; . great character and dialogue . i be eagerly await the next &quot; dubious &quot; book . </lemmas><pos>NP VBD DT NN VBD DT JJS IN DT NN RB RB , RB JJR NN IN `` DT JJ NN '' SENT JJ NNS CC NN SENT NNS VBP RB VBG DT JJ `` JJ '' NN SENT </pos></review>
