<?xml version="1.0" encoding="ISO-8859-1" standalone="no"?>
<!DOCTYPE review SYSTEM "derev.dtd">
<review ID="0205" title="ADubiousPlan" writer="GeraldKubicki" author="MH" date="August 4, 2012" stars="4" suspectbook="1" unknownpurchase="1" nickname="1" cluster="1" allcluesclass="0" threecluesclass="0" sumclues="4" realclass="2" fold="8"><object>Interesting Plot</object><body>A Dubious Plan was an interesting read.  I haven't had the opportunity to read the first four  Colton Banyon mysteries by Gerald J.. Kubicki; however, that did not deter me from enjoying the action in this one.  The premise of a long-lost German plane on American soil was very intriguing</body><tokens>a dubious plan was an interesting read . i have n't had the opportunity to read the first four colton banyon mysteries by gerald j .. kubicki ; however , that did not deter me from enjoying the action in this one . the premise of a long-lost german plane on american soil was very intriguing</tokens><lemmas>a dubious plan be an interesting read . i have n't have the opportunity to read the first four &lt;unknown&gt; &lt;unknown&gt; mystery by &lt;unknown&gt; j ... &lt;unknown&gt; ; however , that do not deter me from enjoy the action in this one . the premise of a long-lost german plane on American soil be very intriguing </lemmas><pos>DT JJ NN VBD DT JJ NN SENT NNS VBP RB VBN DT NN TO VB DT JJ CD NN NN NNS IN JJ NN : NNS : RB , WDT VBD RB VB PP IN VBG DT NN IN DT CD SENT DT NN IN DT JJ JJ NN IN JJ NN VBD RB JJ </pos></review>
