<?xml version="1.0" encoding="ISO-8859-1" standalone="no"?>
<!DOCTYPE review SYSTEM "derev.dtd">
<review ID="0202" title="ADubiousPlan" writer="GeraldKubicki" author="MrCHeadley" date="October 15, 2012" stars="5" suspectbook="1" unknownpurchase="1" nickname="1" cluster="0" allcluesclass="0" threecluesclass="0" sumclues="3" realclass="2" fold="5"><object>Must Read!!</object><body>As the Kubicki's fifth addition of the Colton Banyon series, &quot;A Dubious Plan&quot; is by far the most daring of all the series. It's amazing how Kubicki incorporates history into a mix of mystery and sensuality. There are a significant amount of mysteries surrounding the finding of an old war plane in Death Valley, which is centered around the World War II era. Although the story begins with such a romantic spin, it transitions into action and suspense with the unraveling of a journey of survival. Do yourself a favor and make time to please yourself by reading this book.</body><tokens>as the kubicki 's fifth addition of the colton banyon series , &quot; a dubious plan &quot; is by far the most daring of all the series . it 's amazing how kubicki incorporates history into a mix of mystery and sensuality . there are a significant amount of mysteries surrounding the finding of an old war plane in death valley , which is centered around the world war ii era . although the story begins with such a romantic spin , it transitions into action and suspense with the unraveling of a journey of survival . do yourself a favor and make time to please yourself by reading this book .</tokens><lemmas>as the &lt;unknown&gt; 's fifth addition of the &lt;unknown&gt; &lt;unknown&gt; series , &quot; a dubious plan &quot; be by far the most daring of all the series . it be amazing how Kubicki incorporate history into a mix of mystery and sensuality . there be a significant amount of mystery surround the finding of an old war plane in death valley , which be center around the world war &lt;unknown&gt; era . although the story begin with such a romantic spin , it transition into action and suspense with the unraveling of a journey of survival . do yourself a favor and make time to please yourself by read this book . </lemmas><pos>IN DT NN POS JJ NN IN DT NN NN NN , '' DT JJ NN '' VBZ IN RB DT RBS JJ IN PDT DT NN SENT PP VBZ JJ WRB NP VBZ NN IN DT NN IN NN CC NN SENT EX VBP DT JJ NN IN NNS VBG DT NN IN DT JJ NN NN IN NN NN , WDT VBZ VBN IN DT NN NN NN NN SENT IN DT NN VBZ IN PDT DT JJ NN , PP NNS IN NN CC NN IN DT NN IN DT NN IN NN SENT VB PP DT VBP CC VBP NN TO VB PP IN VBG DT NN SENT </pos></review>
