<?xml version="1.0" encoding="ISO-8859-1" standalone="no"?>
<!DOCTYPE review SYSTEM "derev.dtd">
<review ID="0203" title="ADubiousPlan" writer="GeraldKubicki" author="NSena" date="August 12, 2012" stars="4" suspectbook="1" unknownpurchase="1" nickname="1" cluster="0" allcluesclass="0" threecluesclass="0" sumclues="3" realclass="2" fold="6"><object>More action from Colton Banyon</object><body>Gerald Kubicki's &quot;A Dubious Plan&quot; is an intriguing follow-up to the first four books. I have read them and can say that this latest installment provides another fascinating twist to the adventures of Colton and his partner, Loni. A fast-paced story with a dose of mystery and fantasy added to the mix, it also captured my attention because of the consistency in using history to add a fascinating dimension to this piece of fiction. It might be useful to note that this is for adult reading. Some of the suggestive parts can be a bit distracting. On the other hand, though, they should be taken as part and parcel of this engaging and relatively easy read. I would recommend this book for an afternoon by the poolside or the beach.</body><tokens>gerald kubicki 's &quot; a dubious plan &quot; is an intriguing follow-up to the first four books . i have read them and can say that this latest installment provides another fascinating twist to the adventures of colton and his partner , loni . a fast-paced story with a dose of mystery and fantasy added to the mix , it also captured my attention because of the consistency in using history to add a fascinating dimension to this piece of fiction . it might be useful to note that this is for adult reading . some of the suggestive parts can be a bit distracting . on the other hand , though , they should be taken as part and parcel of this engaging and relatively easy read . i would recommend this book for an afternoon by the poolside or the beach .</tokens><lemmas>Gerald Kubicki 's &quot; a dubious plan &quot; be an intriguing follow-up to the first four book . i have read them and can say IN this late installment provide another fascinating twist to the adventure of &lt;unknown&gt; and his partner , Loni . a fast-paced story with a dose of mystery and fantasy add to the mix , it also capture my attention because of the consistency in use history to add a fascinating dimension to this piece of fiction . it might be useful to note IN this be for adult reading . some of the suggestive part can be a bit distract . on the other hand , though , they should be take as part and parcel of this engaging and relatively easy read . i would recommend this book for an afternoon by the poolside or the beach . </lemmas><pos>NP NP POS `` DT JJ NN '' VBZ DT JJ NN TO DT JJ CD NNS SENT NNS VBP VBN PP CC MD VB  DT JJS NN VBZ DT JJ NN TO DT NNS IN NN CC PP$ NN , NP SENT DT JJ NN IN DT NN IN NN CC NN VBD TO DT NN , PP RB VBD PP$ NN IN IN DT NN IN VBG NN TO VB DT JJ NN TO DT NN IN NN SENT PP MD VB JJ TO VB  DT VBZ IN NN NN SENT DT IN DT JJ NNS MD VB DT NN VBG SENT IN DT JJ NN , RB , PP MD VB VBN IN NN CC NN IN DT JJ CC RB RB VBN SENT NP MD VB DT NN IN DT NN IN DT NN CC DT NN SENT </pos></review>
