<?xml version="1.0" encoding="ISO-8859-1" standalone="no"?>
<!DOCTYPE review SYSTEM "derev.dtd">
<review ID="0201" title="ADubiousPlan" writer="GeraldKubicki" author="GeorgeRJohnsonRandyJohnson" date="October 23, 2012" stars="4" suspectbook="1" unknownpurchase="1" nickname="0" cluster="0" allcluesclass="1" threecluesclass="1" sumclues="2" realclass="2" fold="4"><object>Great Story, But The Execution...</object><body>I was sent this book with a request for review. There's a great story here: an old Nazi plane discovered in Death Valley, a Nazi organization with tendrils all through American government, a cave full of important things that organization is intent on getting a hold of. I did have a few problems though. Another good edit or two was needed, Missing words, wrongly used words(one: I've never heard a horse whining, though I have heard them whinnying), and the hero of the story, Colton Banyon, is Banyon about half the time, Ban-yon the other half. And virtually every character is pre-occupied with sex. Hey, I'm male and I know that is a frequent thought among us. But more than once, characters, in tense moments stop to have sex. When they know a horde of Mafia shooters are headed their way, two characters slip out for a little sex. Naw, not happening in real life. I don't know, maybe that's the main point of the series. Never read any of the first four. Great story here, just not pleased with the execution.</body><tokens>i was sent this book with a request for review . there 's a great story here : an old nazi plane discovered in death valley , a nazi organization with tendrils all through american government , a cave full of important things that organization is intent on getting a hold of . i did have a few problems though . another good edit or two was needed , missing words , wrongly used words ( one : i 've never heard a horse whining , though i have heard them whinnying ) , and the hero of the story , colton banyon , is banyon about half the time , ban-yon the other half . and virtually every character is pre-occupied with sex . hey , i 'm male and i know that is a frequent thought among us . but more than once , characters , in tense moments stop to have sex . when they know a horde of mafia shooters are headed their way , two characters slip out for a little sex . naw , not happening in real life . i do n't know , maybe that 's the main point of the series . never read any of the first four . great story here , just not pleased with the execution .</tokens><lemmas>i be send this book with a request for review . there be a great story here : an old Nazi plane discover in death valley , a Nazi organization with tendril all through American government , a cave full of important thing IN organization be intent on get a hold of . i do have a few problem though . another good edit or two be need , miss word , wrongly use word ( one : i have never hear a horse whine , though i have hear them whinny ) , and the hero of the story , &lt;unknown&gt; &lt;unknown&gt; , be &lt;unknown&gt; about half the time , &lt;unknown&gt; the other half . and virtually every character be &lt;unknown&gt; with sex . hey , i be male and i know that be a frequent thought among us . but more than once , character , in tense moment stop to have sex . when they know a horde of mafia shooter be head their way , two character slip out for a little sex . &lt;unknown&gt; , not happen in real life . i do n't know , maybe that be the main point of the series . never read any of the first four . great story here , just not please with the execution . </lemmas><pos>NP VBD VBN DT NN IN DT NN IN NN SENT EX VBZ DT JJ NN RB : DT JJ NN NN VBN IN NN NN , DT NN NN IN NNS RB IN JJ NN , DT NN JJ IN JJ NNS  NN VBZ JJ IN VBG DT NN IN SENT NP VBD VBP DT JJ NNS RB SENT DT JJ VB CC CD VBD VBN , VBG NNS , RB VBN NNS ( CD : NNS VBP RB VBN DT NN VBG , IN NP VBP VBN PP VBG ) , CC DT NN IN DT NN , NN NN , VBZ NN IN PDT DT NN , NN DT JJ NN SENT CC RB DT NN VBZ VBN IN NN SENT UH , NNS VBP JJ CC NP VBP DT VBZ DT JJ NN IN PP SENT CC RBR IN RB , NNS , IN JJ NNS VBP TO VB NN SENT WRB PP VBP DT NN IN NN NNS VBP VBN PP$ NN , CD NNS VBP RP IN DT JJ NN SENT NP , RB VBG IN JJ NN SENT NNS VBP RB VB , RB DT VBZ DT JJ NN IN DT NN SENT RB VB DT IN DT JJ CD SENT JJ NN RB , RB RB VBN IN DT NN SENT </pos></review>
