<?xml version="1.0" encoding="ISO-8859-1" standalone="no"?>
<!DOCTYPE review SYSTEM "derev.dtd">
<review ID="0197" title="ADangerousFortune" writer="KenFollett" author="anonymous" date="June 11, 1999" stars="1" suspectbook="0" unknownpurchase="1" nickname="1" cluster="0" allcluesclass="1" threecluesclass="0" sumclues="2" realclass="2" fold="0"><object>Smut at Best</object><body>I picked up this book expecting mystery and suspense with a tinge of romance.  I was wrong.  If you're looking for smut, this book is for you. Also, the language is dull and riddled with grammatical errors (andquot;The  family were...andquot;). Contrary to other reviews, I found few characters  truely memorable.</body><tokens>i picked up this book expecting mystery and suspense with a tinge of romance . i was wrong . if you &quot; re looking for smut , this book is for you . also , the language is dull and riddled with grammatical errors ( andquot ; the family were ... andquot ; ) . contrary to other reviews , i found few characters truely memorable .</tokens><lemmas>i pick up this book expect mystery and suspense with a tinge of romance . i be wrong . if you &quot; re look for smut , this book be for you . also , the language be dull and riddle with grammatical error ( &lt;unknown&gt; ; the family be ... &lt;unknown&gt; ; ) . contrary to other review , i find few character &lt;unknown&gt; memorable . </lemmas><pos>NP VBD RP DT NN VBG NN CC NN IN DT NN IN NN SENT NP VBD JJ SENT IN PP '' IN VBG IN NN , DT NN VBZ IN PP SENT RB , DT NN VBZ JJ CC VBN IN JJ NNS ( NN : DT NN VBD : NN : ) SENT JJ TO JJ NNS , NP VBD JJ NNS RB JJ SENT </pos></review>
