<?xml version="1.0" encoding="ISO-8859-1" standalone="no"?>
<!DOCTYPE review SYSTEM "derev.dtd">
<review ID="0198" title="ADubiousPlan" writer="GeraldKubicki" author="CarolDonahoCarolDonaho" date="October 6, 2012" stars="3" suspectbook="1" unknownpurchase="1" nickname="0" cluster="0" allcluesclass="1" threecluesclass="1" sumclues="2" realclass="2" fold="1"><object>Good  but......</object><body>I received a free copy of this book for a written review. There are some basic things that make a book interesting or fun to read for me:  plot/story, story design, character, and character development.  Since this was the 5th book in the series and I haven't read any of the other books, I've given Mr. Kubicki a bye on the characters. The plot was quite interesting, hence the 3 stars which should be 3 1/2.  A WWII airplane is discovered buried in a desert.  A hidden cave storing  secrets from WWII.  With historical facts as a background, this is a story of adventure, mystery and drama. The reasons for the loss of stars were the need for editing.  Small words were missing throughout the book such as a, an, the,  but still disconcerting.  I'm not sure the addition of the suggestive references added to the story at all.  The sexual orientation of various characters was superfluous and detracted from the story development. This is an easy and fast read for a summer day on the lake.</body><tokens>i received a free copy of this book for a written review . there are some basic things that make a book interesting or fun to read for me : plot / story , story design , character , and character development . since this was the 5th book in the series and i have n't read any of the other books , i 've given mr . kubicki a bye on the characters . the plot was quite interesting , hence the 3 stars which should be 3 1 / 2 . a wwii airplane is discovered buried in a desert . a hidden cave storing secrets from wwii . with historical facts as a background , this is a story of adventure , mystery and drama . the reasons for the loss of stars were the need for editing . small words were missing throughout the book such as a , an , the , but still disconcerting . i 'm not sure the addition of the suggestive references added to the story at all . the sexual orientation of various characters was superfluous and detracted from the story development . this is an easy and fast read for a summer day on the lake .</tokens><lemmas>i receive a free copy of this book for a written review . there be some basic thing that make a book interesting or fun to read for me : plot / story , story design , character , and character development . since this be the 5th book in the series and i have n't read any of the other book , i have give Mr . Kubicki a bye on the character . the plot be quite interesting , hence the 3 star which should be 3 1 / 2 . a &lt;unknown&gt; airplane be discover bury in a desert . a hidden cave store secret from &lt;unknown&gt; . with historical fact as a background , this be a story of adventure , mystery and drama . the reason for the loss of star be the need for edit . small word be miss throughout the book such as a , an , the , but still disconcert . i be not sure the addition of the suggestive reference add to the story at all . the sexual orientation of various character be superfluous and detract from the story development . this be an easy and fast read for a summer day on the lake . </lemmas><pos>NP VBD DT JJ NN IN DT NN IN DT JJ NN SENT EX VBP DT JJ NNS WDT VBP DT NN JJ CC NN TO VB IN PP : NN SYM NN , NN NN , NN , CC NN NN SENT IN DT VBD DT JJ NN IN DT NN CC NP VBP RB VBN DT IN DT JJ NNS , NNS VBP VBN NN SENT NP DT NN IN DT NNS SENT DT NN VBD RB JJ , RB DT CD NNS WDT MD VB CD CD SYM CD SENT DT NN NN VBZ VBN VBN IN DT NN SENT DT JJ NN VBG NNS IN NNS SENT IN JJ NNS IN DT NN , DT VBZ DT NN IN NN , NN CC NN SENT DT NNS IN DT NN IN NNS VBD DT NN IN VBG SENT JJ NNS VBD VBG IN DT NN JJ IN DT , DT , DT , CC RB VBG SENT NNS VBP RB JJ DT NN IN DT JJ NNS VBD TO DT NN IN DT SENT DT JJ NN IN JJ NNS VBD JJ CC VBN IN DT NN NN SENT DT VBZ DT JJ CC RB VB IN DT NN NN IN DT NN SENT </pos></review>
