<?xml version="1.0" encoding="ISO-8859-1" standalone="no"?>
<!DOCTYPE review SYSTEM "derev.dtd">
<review ID="0206" title="ADubiousPlan" writer="GeraldKubicki" author="Larisa" date="August 3, 2012" stars="5" suspectbook="1" unknownpurchase="1" nickname="1" cluster="1" allcluesclass="0" threecluesclass="0" sumclues="4" realclass="2" fold="9"><object>Interesting Read!</object><body>Another great book from Gerald Kubicki!  If you are looking for an entertaining book, you found it here. Perfect for reading while travelling or in the comfort of your home, , the fifth installment of the Colton Banyon mysteries, offers plenty of action and intrigue for all readers.  Definitely a great read!</body><tokens>another great book from gerald kubicki ! if you are looking for an entertaining book , you found it here . perfect for reading while travelling or in the comfort of your home , , the fifth installment of the colton banyon mysteries , offers plenty of action and intrigue for all readers . definitely a great read !</tokens><lemmas>another great book from Gerald Kubicki ! if you be look for an entertaining book , you find it here . perfect for read while travel or in the comfort of your home , , the fifth installment of the &lt;unknown&gt; &lt;unknown&gt; mystery , offer plenty of action and intrigue for all reader . definitely a great read ! </lemmas><pos>DT JJ NN IN NP NP SENT IN PP VBP VBG IN DT JJ NN , PP VBD PP RB SENT JJ IN VBG IN VBG CC IN DT NN IN PP$ NN , , DT JJ NN IN DT NN NN NNS , VBZ NN IN NN CC NN IN DT NNS SENT RB DT JJ NN SENT </pos></review>
