<?xml version="1.0" encoding="ISO-8859-1" standalone="no"?>
<!DOCTYPE review SYSTEM "derev.dtd">
<review ID="0212" title="AttheGatesofWalhalla" writer="JustenForge" author="frugalfotonc" date="August 19, 2012" stars="4" suspectbook="1" unknownpurchase="1" nickname="1" cluster="1" allcluesclass="0" threecluesclass="0" sumclues="4" realclass="2" fold="4"><object>Exciting, disturbing thriller</object><body>This plot is fascinating with plenty of twists, turns and transformations. It centers on a border patrol agent, Kurt Sorensen, whose life is brutally turned inside out by a gang in the pay of a drug lord in Mexico. The agent, a native of Canada, returns to his homeland to rebuild his life. He is a dedicated customs agent and an honorable man, but he recognizes that honorable means may not be enough to protect his beloved town from the evils of the drug trade. The collusion of government agencies with the drug criminals makes the fight even more frightening. Sorensen's solution, while effective, is disturbing. We cannot help but admire his dedication, but his methods verge on vigilantism and are chilling. The plot is snappy but the characters seem a bit flat. The dialogue, unfortunately, sometimes sounds less like conversation than `speechifying.' But the novel is redeemed by well-crafted description of the Canadian countryside and by a wealth of technical detail. It's always fun to learn about an unfamiliar profession and locale while enjoying an exciting adventure. If you enjoy military and police thrillers this novel will be a satisfying read - well worth acquiring!</body><tokens>this plot is fascinating with plenty of twists , turns and transformations . it centers on a border patrol agent , kurt sorensen , whose life is brutally turned inside out by a gang in the pay of a drug lord in mexico . the agent , a native of canada , returns to his homeland to rebuild his life . he is a dedicated customs agent and an honorable man , but he recognizes that honorable means may not be enough to protect his beloved town from the evils of the drug trade . the collusion of government agencies with the drug criminals makes the fight even more frightening . sorensen 's solution , while effective , is disturbing . we cannot help but admire his dedication , but his methods verge on vigilantism and are chilling . the plot is snappy but the characters seem a bit flat . the dialogue , unfortunately , sometimes sounds less like conversation than `speechifying . &quot; but the novel is redeemed by well-crafted description of the canadian countryside and by a wealth of technical detail . it 's always fun to learn about an unfamiliar profession and locale while enjoying an exciting adventure . if you enjoy military and police thrillers this novel will be a satisfying read - well worth acquiring !</tokens><lemmas>this plot be fascinating with plenty of twist , turn and transformation . it center on a border patrol agent , &lt;unknown&gt; &lt;unknown&gt; , whose life be brutally turn inside out by a gang in the pay of a drug lord in &lt;unknown&gt; . the agent , a native of Canada , return to his homeland to rebuild his life . he be a dedicated custom agent and an honorable man , but he recognize IN honorable mean may not be enough to protect his beloved town from the evil of the drug trade . the collusion of government agency with the drug criminal make the fight even more frightening . Sorensen 's solution , while effective , be disturbing . we can help but admire his dedication , but his method verge on vigilantism and be chilling . the plot be snappy but the character seem a bit flat . the dialogue , unfortunately , sometimes sound less like conversation than &lt;unknown&gt; . &quot; but the novel be redeem by well-crafted description of the Canadian countryside and by a wealth of technical detail . it be always fun to learn about an unfamiliar profession and locale while enjoy an exciting adventure . if you enjoy military and police thriller this novel will be a satisfying read - well worth acquire ! </lemmas><pos>DT NN VBZ JJ IN NN IN NNS , NNS CC NNS SENT PP VBZ IN DT NN NN NN , NN NN , WP$ NN VBZ RB VBN RB RB IN DT NN IN DT NN IN DT NN NN IN NN SENT DT NN , DT NN IN NP , VBZ TO PP$ NN TO VB PP$ NN SENT PP VBZ DT JJ NNS NN CC DT JJ NN , CC PP VBZ  JJ NNS MD RB VB JJ TO VB PP$ JJ NN IN DT NNS IN DT NN NN SENT DT NN IN NN NNS IN DT NN NNS VBZ DT NN RB RBR JJ SENT NP POS NN , IN JJ , VBZ JJ SENT PP MD VB CC VB PP$ NN , CC PP$ NNS NN IN NN CC VBP JJ SENT DT NN VBZ JJ CC DT NNS VBP DT NN JJ SENT DT NN , RB , RB VBZ JJR IN NN IN VBG SENT '' CC DT NN VBZ VBN IN JJ NN IN DT JJ NN CC IN DT NN IN JJ NN SENT PP VBZ RB NN TO VB IN DT JJ NN CC NN IN VBG DT JJ NN SENT IN PP VBP JJ CC NN NNS DT NN MD VB DT JJ NN : RB JJ VBG SENT </pos></review>
