<?xml version="1.0" encoding="ISO-8859-1" standalone="no"?>
<!DOCTYPE review SYSTEM "derev.dtd">
<review ID="0209" title="ADubiousPlan" writer="GeraldKubicki" author="KalieLyn" date="July 16, 2012" stars="5" suspectbook="1" unknownpurchase="1" nickname="1" cluster="0" allcluesclass="0" threecluesclass="0" sumclues="3" realclass="2" fold="1"><object>Kubicki Has Done it Again!</object><body>Gerald Kubicki is back with the fifth book of the Colton Banyon series.  Set in Death Valley, it starts off innocently enough, but the plot soon thickens with intrigue when a German war plane is discovered.  Banyon and his team must solve many mysteries, along with engaging in a battle for their lives, and for the lives of the present-day world. Filled with even more adventure, sex, and suspense, A Dubious Plan proves that the Banyon series is unstoppable.  Short and attention grabbing chapters make this book an easy read, and one that you will not be able to put down.  Topping off its success is the non-stop action, realistic dialogue, and come on, who doesn't love a good World War II story with some Nazis thrown in?! Drama, suspense, and mystery, Kubicki provides another fun and engaging read.  A Dubious Plan is as good, if not better than the first four books in the series, and is a must if looking for some weekend entertainment!</body><tokens>gerald kubicki is back with the fifth book of the colton banyon series . set in death valley , it starts off innocently enough , but the plot soon thickens with intrigue when a german war plane is discovered . banyon and his team must solve many mysteries , along with engaging in a battle for their lives , and for the lives of the present-day world . filled with even more adventure , sex , and suspense , a dubious plan proves that the banyon series is unstoppable . short and attention grabbing chapters make this book an easy read , and one that you will not be able to put down . topping off its success is the non-stop action , realistic dialogue , and come on , who does n't love a good world war ii story with some nazis thrown in ?! drama , suspense , and mystery , kubicki provides another fun and engaging read . a dubious plan is as good , if not better than the first four books in the series , and is a must if looking for some weekend entertainment !</tokens><lemmas>Gerald Kubicki be back with the fifth book of the &lt;unknown&gt; &lt;unknown&gt; series . set in death valley , it start off innocently enough , but the plot soon thicken with intrigue when a german war plane be discover . &lt;unknown&gt; and his team must solve many mystery , along with engage in a battle for their life , and for the life of the present-day world . fill with even more adventure , sex , and suspense , a dubious plan prove IN the &lt;unknown&gt; series be unstoppable . short and attention grab chapter make this book an easy read , and one that you will not be able to put down . top off its success be the non-stop action , realistic dialogue , and come on , who do n't love a good world war &lt;unknown&gt; story with some Nazi throw in &lt;unknown&gt; drama , suspense , and mystery , Kubicki provide another fun and engaging read . a dubious plan be as good , if not good than the first four book in the series , and be a must if look for some weekend entertainment ! </lemmas><pos>NP NP VBZ RB IN DT JJ NN IN DT NN NN NN SENT VBN IN NN NN , PP VBZ RP RB RB , CC DT NN RB VBZ IN NN WRB DT JJ NN NN VBZ VBN SENT NN CC PP$ NN MD VB JJ NNS , RB IN VBG IN DT NN IN PP$ NNS , CC IN DT NNS IN DT JJ NN SENT VBN IN RB JJR NN , NN , CC NN , DT JJ NN VBZ  DT NN NN VBZ JJ SENT JJ CC NN VBG NNS VB DT NN DT JJ NN , CC CD WDT PP MD RB VB JJ TO VB RP SENT VBG RP PP$ NN VBZ DT JJ NN , JJ NN , CC VB RP , WP VBZ RB VB DT JJ NN NN NN NN IN DT NNS VBN IN JJ NN , NN , CC NN , NP VBZ DT NN CC JJ NN SENT DT JJ NN VBZ RB JJ , IN RB JJR IN DT JJ CD NNS IN DT NN , CC VBZ DT NN IN VBG IN DT NN NN SENT </pos></review>
