<?xml version="1.0" encoding="ISO-8859-1" standalone="no"?>
<!DOCTYPE review SYSTEM "derev.dtd">
<review ID="0207" title="ADubiousPlan" writer="GeraldKubicki" author="MarcusBarcus" date="July 30, 2012" stars="5" suspectbook="1" unknownpurchase="1" nickname="1" cluster="0" allcluesclass="0" threecluesclass="0" sumclues="3" realclass="2" fold="0"><object>Held My Attention the Whole Time</object><body>This book intrigued me from the very beginning especially being a fan of submarines and airplanes. It is very well written. Would definitely recommend it to my friends.</body><tokens>this book intrigued me from the very beginning especially being a fan of submarines and airplanes . it is very well written . would definitely recommend it to my friends .</tokens><lemmas>this book intrigue me from the very beginning especially be a fan of submarine and airplane . it be very well write . would definitely recommend it to my friend . </lemmas><pos>DT NN VBD PP IN DT JJ NN RB VBG DT NN IN NNS CC NNS SENT PP VBZ RB RB VBN SENT MD RB VB PP TO PP$ NNS SENT </pos></review>
