<?xml version="1.0" encoding="ISO-8859-1" standalone="no"?>
<!DOCTYPE review SYSTEM "derev.dtd">
<review ID="0211" title="ADubiousPlan" writer="GeraldKubicki" author="Pinu" date="July 9, 2012" stars="5" suspectbook="1" unknownpurchase="1" nickname="1" cluster="1" allcluesclass="0" threecluesclass="0" sumclues="4" realclass="2" fold="3"><object>A Dubious Plan</object><body>This one is the fifth book that I have read from Dubious series, after reading this book I got to tell you am hungry for the sixth one. It was very well executed; this book will tells you about World War II, German's were destructive and their planes.  `Operation Paperclip `was thriller packed I liked that part of the book most. Chapter about the Death Valley was enjoyable. I would encourage user to read this action and thriller packed book, it tells you about German and American relationship in World War II. Once you start reading this book I am damn sure you won't be able to take off your eyes from this book. Awesome book, all the characters in this book executed very well. Waiting for the sixth one....</body><tokens>this one is the fifth book that i have read from dubious series , after reading this book i got to tell you am hungry for the sixth one . it was very well executed ; this book will tells you about world war ii , german 's were destructive and their planes . `operation paperclip `was thriller packed i liked that part of the book most . chapter about the death valley was enjoyable . i would encourage user to read this action and thriller packed book , it tells you about german and american relationship in world war ii . once you start reading this book i am damn sure you wo n't be able to take off your eyes from this book . awesome book , all the characters in this book executed very well . waiting for the sixth one ....</tokens><lemmas>this one be the fifth book IN i have read from dubious series , after read this book i get to tell you be hungry for the sixth one . it be very well execute ; this book will tell you about world war &lt;unknown&gt; , german 's be destructive and their plane . &lt;unknown&gt; &lt;unknown&gt; &lt;unknown&gt; thriller pack i like that part of the book most . chapter about the death valley be enjoyable . i would encourage user to read this action and thriller packed book , it tell you about german and American relationship in world war &lt;unknown&gt; . once you start read this book i be damn sure you wo n't be able to take off your eye from this book . awesome book , all the character in this book execute very well . wait for the sixth one ... </lemmas><pos>DT CD VBZ DT JJ NN  NNS VBP VBN IN JJ NN , IN VBG DT NN NP VBD TO VB PP VBP JJ IN DT JJ CD SENT PP VBD RB RB VBN : DT NN NN VBZ PP IN NN NN NNS , NN POS VBD JJ CC PP$ NNS SENT NN NN NNS NN VBD NP VBD DT NN IN DT NN RBS SENT NN IN DT NN NN VBD JJ SENT NP MD VB NN TO VB DT NN CC NN JJ NN , PP VBZ PP RB JJ CC JJ NN IN NN NN NNS SENT RB PP VBP VBG DT NN NNS VBP RB JJ PP MD RB VB JJ TO VB RP PP$ NNS IN DT NN SENT JJ NN , PDT DT NNS IN DT NN VBD RB RB SENT VBG IN DT JJ CD : </pos></review>
