<?xml version="1.0" encoding="ISO-8859-1" standalone="no"?>
<!DOCTYPE review SYSTEM "derev.dtd">
<review ID="0216" title="AttheGatesofWalhalla" writer="JustenForge" author="DKF4" date="September 1, 2012" stars="5" suspectbook="1" unknownpurchase="1" nickname="1" cluster="1" allcluesclass="0" threecluesclass="0" sumclues="4" realclass="2" fold="8"><object>Exciting, Thriller and a page turner</object><body>Wonderful story.  I couldn't put it down. Written in a way you can't put down until the last page.  Then think is that all?  Where is the 2nd. book?  Very engaging life of ups and downs.  Good and Evil.  That area between right or wrong.  Loved it. Can't wait to read other books by Justin.</body><tokens>wonderful story . i could n't put it down . written in a way you ca n't put down until the last page . then think is that all ? where is the 2nd . book ? very engaging life of ups and downs . good and evil . that area between right or wrong . loved it . ca n't wait to read other books by justin .</tokens><lemmas>wonderful story . i could n't put it down . write in a way you ca n't put down until the last page . then think be IN all ? where be the 2nd . book ? very engaging life of up and down . good and evil . that area between right or wrong . love it . ca n't wait to read other book by &lt;unknown&gt; . </lemmas><pos>JJ NN SENT NP MD RB VB PP RP SENT VBN IN DT NN PP MD RB VB RP IN DT JJ NN SENT RB VB VBZ  DT SENT WRB VBZ DT JJ SENT NN SENT RB JJ NN IN NNS CC NNS SENT JJ CC JJ SENT DT NN IN JJ CC JJ SENT VBD PP SENT MD RB VB TO VB JJ NNS IN NN SENT </pos></review>
