<?xml version="1.0" encoding="ISO-8859-1" standalone="no"?>
<!DOCTYPE review SYSTEM "derev.dtd">
<review ID="0214" title="AttheGatesofWalhalla" writer="JustenForge" author="JimGilliam" date="August 29, 2012" stars="5" suspectbook="1" unknownpurchase="1" nickname="1" cluster="1" allcluesclass="0" threecluesclass="0" sumclues="4" realclass="2" fold="6"><object>From cover to cover and border to border this book will have you turning pages and gulping black coffee way into the night!</object><body>At the Gates of Walhalla is like Collateral Damage with Arnold Swarzenegger, The Star Chamber with Michael Douglas, interwoven with just about any Steven Segal movies you've seen. Being a huge fan of all those guys, it follows that I've become a huge fan of Justen Forge. The development of the main character Kurt Sorensen is particularly well done. Can you imagine the guilt he must have felt when his wife and one of his two sons was killed in an ambush by enforcers of a ruthless drug cartel? More so, because he insisted that they use his unmarked (like the Unicorn it is a myth) police vehicle. At first I thought that his taking time to explain a Japanese sword awarded for valor was kind of an information dump. Let me assure you fellow readers, every word Justen Forge puts down on paper has a purpose. Stay with him, you will be supprised and delighted that you did. That's as close to a spoiler as I'm going to give you. After reading this book, you will view Canada, our neighbor to the north, and its people in a new and different light. If you're looking for a different slant on the border drug war that is currently raging out of control, read this book. I can't wait for Justin Forge's next book! Jim Gilliam Author</body><tokens>at the gates of walhalla is like collateral damage with arnold swarzenegger , the star chamber with michael douglas , interwoven with just about any steven segal movies you 've seen . being a huge fan of all those guys , it follows that i 've become a huge fan of justen forge . the development of the main character kurt sorensen is particularly well done . can you imagine the guilt he must have felt when his wife and one of his two sons was killed in an ambush by enforcers of a ruthless drug cartel ? more so , because he insisted that they use his unmarked ( like the unicorn it is a myth ) police vehicle . at first i thought that his taking time to explain a japanese sword awarded for valor was kind of an information dump . let me assure you fellow readers , every word justen forge puts down on paper has a purpose . stay with him , you will be supprised and delighted that you did . that 's as close to a spoiler as i 'm going to give you . after reading this book , you will view canada , our neighbor to the north , and its people in a new and different light . if you &quot; re looking for a different slant on the border drug war that is currently raging out of control , read this book . i ca n't wait for justin forge 's next book ! jim gilliam author</tokens><lemmas>at the gate of &lt;unknown&gt; be like collateral damage with Arnold &lt;unknown&gt; , the star chamber with Michael &lt;unknown&gt; , interweave with just about any &lt;unknown&gt; &lt;unknown&gt; movie you have see . be a huge fan of all those guy , it follow IN i have become a huge fan of &lt;unknown&gt; forge . the development of the main character &lt;unknown&gt; &lt;unknown&gt; be particularly well do . can you imagine the guilt he must have feel when his wife and one of his two son be kill in an ambush by enforcer of a ruthless drug cartel ? more so , because he insist IN they use his unmarked ( like the unicorn it be a myth ) police vehicle . at first i think IN his take time to explain a Japanese sword award for valor be kind of an information dump . let me assure you fellow reader , every word &lt;unknown&gt; forge put down on paper have a purpose . stay with him , you will be &lt;unknown&gt; and delight IN you do . that be as close to a spoiler as i be go to give you . after read this book , you will view &lt;unknown&gt; , our neighbor to the north , and its people in a new and different light . if you &quot; re look for a different slant on the border drug war that be currently rage out of control , read this book . i ca n't wait for &lt;unknown&gt; forge 's next book ! Jim Gilliam author </lemmas><pos>IN DT NNS IN NN VBZ IN NN NN IN NP NP , DT NN NN IN NP NNS , VBN IN RB IN DT JJ JJ NNS PP VBP VBN SENT VBG DT JJ NN IN PDT DT NNS , PP VBZ  NNS VBP VBN DT JJ NN IN NN NN SENT DT NN IN DT JJ NN NN NN VBZ RB RB VBN SENT MD PP VB DT NN PP MD VB VBN WRB PP$ NN CC CD IN PP$ CD NNS VBD VBN IN DT NN IN NNS IN DT JJ NN NN SENT RBR RB , IN PP VBD  PP VBP PP$ JJ ( IN DT NN PP VBZ DT NN ) NN NN SENT IN JJ NP VBD  PP$ VBG NN TO VB DT JJ NN VBN IN NN VBD NN IN DT NN NN SENT VB PP VB PP JJ NNS , DT NN NN NN VBZ RP IN NN VBZ DT NN SENT VB IN PP , PP MD VB VBN CC VBN  PP VBD SENT DT VBZ RB JJ TO DT NN IN NP VBP VBG TO VB PP SENT IN VBG DT NN , PP MD VB NN , PP$ NN TO DT NN , CC PP$ NNS IN DT JJ CC JJ NN SENT IN PP '' IN VBG IN DT JJ NN IN DT NN NN NN WDT VBZ RB VBG RP IN NN , VBD DT NN SENT NP MD RB VB IN NN NN POS JJ NN SENT NP NP NN </pos></review>
