<?xml version="1.0" encoding="ISO-8859-1" standalone="no"?>
<!DOCTYPE review SYSTEM "derev.dtd">
<review ID="0210" title="ADubiousPlan" writer="GeraldKubicki" author="PayalSinhawriterpayal" date="July 11, 2012" stars="5" suspectbook="1" unknownpurchase="1" nickname="1" cluster="1" allcluesclass="0" threecluesclass="0" sumclues="4" realclass="2" fold="2"><object>Perfect Adventure Story</object><body>I am always on the lookout for Colton Banyon Mysteries for their brilliant layouts and spell bounding adventure.This series is characteristic of intrinsic plots, sexy moments,extraordinary situations and intriguing mysteries. The latest on the scene- A Dubious Plan, proved to be as delectable as the rest of them and maintained the same fast pace adventure. It consists of a number of sub plots that combine together to finish the puzzle. It has a basic Nazi theme that seem a continuation of World War 2. A seemingly sexual adventure in the wilderness of Death Valley transforms into a dangerous game of survival. Cindy, Loni's lesbian sexy niece spots the fins of an old war plane hidden in one of the largest dunes and calls up her aunt who was on a visit to Las Vegas. The incredible start build up to heighten moments of drama and suspense. This adventure story is quite spell bounding in its appeal and leaves the reader thoroughly satisfied. I have just completed reading the book and want to go through it once again to revive the moments of pleasure.</body><tokens>i am always on the lookout for colton banyon mysteries for their brilliant layouts and spell bounding adventure . this series is characteristic of intrinsic plots , sexy moments , extraordinary situations and intriguing mysteries . the latest on the scene- a dubious plan , proved to be as delectable as the rest of them and maintained the same fast pace adventure . it consists of a number of sub plots that combine together to finish the puzzle . it has a basic nazi theme that seem a continuation of world war 2 . a seemingly sexual adventure in the wilderness of death valley transforms into a dangerous game of survival . cindy , loni 's lesbian sexy niece spots the fins of an old war plane hidden in one of the largest dunes and calls up her aunt who was on a visit to las vegas . the incredible start build up to heighten moments of drama and suspense . this adventure story is quite spell bounding in its appeal and leaves the reader thoroughly satisfied . i have just completed reading the book and want to go through it once again to revive the moments of pleasure .</tokens><lemmas>i be always on the lookout for &lt;unknown&gt; &lt;unknown&gt; mystery for their brilliant layout and spell bound adventure . this series be characteristic of intrinsic plot , sexy moment , extraordinary situation and intriguing mystery . the late on the &lt;unknown&gt; a dubious plan , prove to be as delectable as the rest of them and maintain the same fast pace adventure . it consist of a number of sub plot that combine together to finish the puzzle . it have a basic Nazi theme that seem a continuation of world war 2 . a seemingly sexual adventure in the wilderness of death valley transform into a dangerous game of survival . &lt;unknown&gt; , Loni 's lesbian sexy niece spot the fin of an old war plane hide in one of the large dune and call up her aunt who be on a visit to la &lt;unknown&gt; . the incredible start build up to heighten moment of drama and suspense . this adventure story be quite spell bound in its appeal and leave the reader thoroughly satisfy . i have just complete read the book and want to go through it once again to revive the moment of pleasure . </lemmas><pos>NNS VBP RB IN DT NN IN NN NN NNS IN PP$ JJ NNS CC VB VBG NN SENT DT NN VBZ JJ IN JJ NNS , JJ NNS , JJ NNS CC JJ NNS SENT DT JJS IN DT NN DT JJ NN , VBD TO VB RB JJ IN DT NN IN PP CC VBD DT JJ JJ NN NN SENT PP VBZ IN DT NN IN NN NNS WDT VBP RB TO VB DT NN SENT PP VBZ DT JJ NN NN WDT VBP DT NN IN NN NN CD SENT DT RB JJ NN IN DT NN IN NN NN VBZ IN DT JJ NN IN NN SENT NN , NP POS JJ JJ NN VBZ DT NNS IN DT JJ NN NN VBN IN CD IN DT JJS NNS CC VBZ RP PP$ NN WP VBD IN DT NN TO NNS NNS SENT DT JJ NN VB RP TO VB NNS IN NN CC NN SENT DT NN NN VBZ RB NN VBG IN PP$ NN CC VBZ DT NN RB VBN SENT NNS VBP RB VBN VBG DT NN CC VBP TO VB IN PP RB RB TO VB DT NNS IN NN SENT </pos></review>
