<?xml version="1.0" encoding="ISO-8859-1" standalone="no"?>
<!DOCTYPE review SYSTEM "derev.dtd">
<review ID="0213" title="AttheGatesofWalhalla" writer="JustenForge" author="areader" date="August 15, 2012" stars="5" suspectbook="1" unknownpurchase="1" nickname="1" cluster="1" allcluesclass="0" threecluesclass="0" sumclues="4" realclass="2" fold="5"><object>Still relevant today</object><body>The timing of this book was serendipitous in light of the recent Fast and Furious scandal, which is still being investigated at the time of this writing. Younger readers who have never known a time when small towns were not known for high levels of meth and pot may need to suspend disbelief a bit at how innocent the town at the center of the story seems at first. However, having lived in a state that in the space of five years went from nothing happening to a new lab being busted every week, I can verify that the changes brought by the drug trade can happen just as fast in real life as it did in the book. It was fortunate that Kurt had a strong moral compass, considering the gray area he found himself in. Having the equipment and support of the town made this story plausible- this was not a one-man job, but it was still a good read. The ending seemed to be an homage to Great Expectations, but certainly left a good story open to a modern day sequel (the story takes place in the 1980s, although, considering how long the drug war has gone on, and how messy it's gotten, generations of stories could be mined from the headlines).</body><tokens>the timing of this book was serendipitous in light of the recent fast and furious scandal , which is still being investigated at the time of this writing . younger readers who have never known a time when small towns were not known for high levels of meth and pot may need to suspend disbelief a bit at how innocent the town at the center of the story seems at first . however , having lived in a state that in the space of five years went from nothing happening to a new lab being busted every week , i can verify that the changes brought by the drug trade can happen just as fast in real life as it did in the book . it was fortunate that kurt had a strong moral compass , considering the gray area he found himself in . having the equipment and support of the town made this story plausible- this was not a one-man job , but it was still a good read . the ending seemed to be an homage to great expectations , but certainly left a good story open to a modern day sequel ( the story takes place in the 1980s , although , considering how long the drug war has gone on , and how messy it 's gotten , generations of stories could be mined from the headlines ) .</tokens><lemmas>the timing of this book be serendipitous in light of the recent fast and furious scandal , which be still be investigate at the time of this writing . young reader who have never know a time when small town be not know for high level of &lt;unknown&gt; and pot may need to suspend disbelief a bit at how innocent the town at the center of the story seem at first . however , have live in a state IN in the space of five year go from nothing happen to a new lab be bust every week , i can verify IN the change bring by the drug trade can happen just as fast in real life as it do in the book . it be fortunate IN &lt;unknown&gt; have a strong moral compass , consider the gray area he find himself in . have the equipment and support of the town make this story &lt;unknown&gt; this be not a one-man job , but it be still a good read . the ending seem to be an homage to great expectation , but certainly leave a good story open to a modern day sequel ( the story take place in the 1980s , although , consider how long the drug war have go on , and how messy it be get , generation of storey could be mine from the headline ) . </lemmas><pos>DT NN IN DT NN VBD JJ IN NN IN DT JJ JJ CC JJ NN , WDT VBZ RB VBG VBN IN DT NN IN DT NN SENT JJR NNS WP VBP RB VBN DT NN WRB JJ NNS VBD RB VBN IN JJ NNS IN NN CC NN MD VB TO VB NN DT NN IN WRB JJ DT NN IN DT NN IN DT NN VBZ IN JJ SENT RB , VBG VBN IN DT NN  IN DT NN IN CD NNS VBD IN NN VBG TO DT JJ NN VBG VBN DT NN , NP MD VB  DT NNS VBN IN DT NN NN MD VB RB RB RB IN JJ NN IN PP VBD IN DT NN SENT PP VBD JJ  NN VBD DT JJ JJ NN , VBG DT JJ NN PP VBD PP RP SENT VBG DT NN CC NN IN DT NN VBD DT NN NN DT VBD RB DT JJ NN , CC PP VBD RB DT JJ NN SENT DT NN VBD TO VB DT NN TO JJ NNS , CC RB VBD DT JJ NN JJ TO DT JJ NN NN ( DT NN VBZ NN IN DT NNS , IN , VBG WRB JJ DT NN NN VBZ VBN RP , CC WRB JJ PP VBZ VBN , NNS IN NNS MD VB VBN IN DT NNS ) SENT </pos></review>
