<?xml version="1.0" encoding="ISO-8859-1" standalone="no"?>
<!DOCTYPE review SYSTEM "derev.dtd">
<review ID="0215" title="AttheGatesofWalhalla" writer="JustenForge" author="DolceViognierDolceViognier" date="August 29, 2012" stars="4" suspectbook="1" unknownpurchase="1" nickname="1" cluster="1" allcluesclass="0" threecluesclass="0" sumclues="4" realclass="2" fold="7"><object>Good Plot</object><body>Kurt is a stand up guy who's responsible and caring. His family are his pride. When tragedy overcomes them, he finds he needs to move on. The character is very knowledgeable and responsible in his line of work. When he, finally, finds a certain peace of mind, trouble finds him again. This book is adventurous and logistical, and very logical. It definitely has twists, like I didn't expect for the villain to be who he was. How the story unfolded was a surprise. At first, it's a little rough, but past that it really picks up and becomes a page turner. It's a true action mystery, and nice suspense work. The ending was equally satisfying. It's definitely a very realistic reflection on how corruption is spreading across the states, and even up into Canada. The border patrol really risks their necks for a job that is just as dangerous, if not more, than police work. And it really is a miracle that more incidents like depicted in this story don't happen. While the story is brilliant, it does need  some polish. &quot;Show don't tell,&quot; and basic editing. It was strange how Kurt didn't spend more time looking for his son, or mourning. When it came to logistics, the story was spot on and enticing, but when it came to the characters, there was room for polish.</body><tokens>kurt is a stand up guy who 's responsible and caring . his family are his pride . when tragedy overcomes them , he finds he needs to move on . the character is very knowledgeable and responsible in his line of work . when he , finally , finds a certain peace of mind , trouble finds him again . this book is adventurous and logistical , and very logical . it definitely has twists , like i did n't expect for the villain to be who he was . how the story unfolded was a surprise . at first , it 's a little rough , but past that it really picks up and becomes a page turner . it 's a true action mystery , and nice suspense work . the ending was equally satisfying . it 's definitely a very realistic reflection on how corruption is spreading across the states , and even up into canada . the border patrol really risks their necks for a job that is just as dangerous , if not more , than police work . and it really is a miracle that more incidents like depicted in this story do n't happen . while the story is brilliant , it does need some polish . &quot; show do n't tell , &quot; and basic editing . it was strange how kurt did n't spend more time looking for his son , or mourning . when it came to logistics , the story was spot on and enticing , but when it came to the characters , there was room for polish .</tokens><lemmas>&lt;unknown&gt; be a stand up guy who be responsible and caring . his family be his pride . when tragedy overcome them , he find he need to move on . the character be very knowledgeable and responsible in his line of work . when he , finally , find a certain peace of mind , trouble find him again . this book be adventurous and logistical , and very logical . it definitely have twist , like i do n't expect for the villain to be who he be . how the story unfold be a surprise . at first , it be a little rough , but past IN it really pick up and become a page turner . it be a true action mystery , and nice suspense work . the end be equally satisfying . it be definitely a very realistic reflection on how corruption be spread across the state , and even up into &lt;unknown&gt; . the border patrol really risk their neck for a job that be just as dangerous , if not more , than police work . and it really be a miracle IN more incident like depict in this story do n't happen . while the story be brilliant , it do need some polish . &quot; show do n't tell , &quot; and basic edit . it be strange how &lt;unknown&gt; do n't spend more time look for his son , or mourn . when it come to logistic , the story be spot on and entice , but when it come to the character , there be room for polish . </lemmas><pos>NN VBZ DT NN IN NN WP VBZ JJ CC JJ SENT PP$ NN VBP PP$ NN SENT WRB NN VBZ PP , PP VBZ PP VBZ TO VB RP SENT DT NN VBZ RB JJ CC JJ IN PP$ NN IN NN SENT WRB PP , RB , VBZ DT JJ NN IN NN , NN VBZ PP RB SENT DT NN VBZ JJ CC JJ , CC RB JJ SENT PP RB VBZ NNS , IN NP VBD RB VB IN DT NN TO VB WP PP VBD SENT WRB DT NN VBD VBD DT NN SENT IN JJ , PP VBZ DT RB JJ , CC JJ  PP RB VBZ RB CC VBZ DT NN NN SENT PP VBZ DT JJ NN NN , CC JJ NN NN SENT DT VBG VBD RB JJ SENT PP VBZ RB DT RB JJ NN IN WRB NN VBZ VBG IN DT NNS , CC RB RB IN NN SENT DT NN NN RB VBZ PP$ NNS IN DT NN WDT VBZ RB RB JJ , IN RB JJR , IN NN NN SENT CC PP RB VBZ DT NN  JJR NNS IN VBN IN DT NN VBP RB VB SENT IN DT NN VBZ JJ , PP VBZ VB DT NN SENT `` VB VBP RB VB , '' CC JJ VBG SENT PP VBD JJ WRB NN VBD RB VB JJR NN VBG IN PP$ NN , CC VBG SENT WRB PP VBD TO NNS , DT NN VBD JJ IN CC VBG , CC WRB PP VBD TO DT NNS , EX VBD NN IN NN SENT </pos></review>
