<?xml version="1.0" encoding="ISO-8859-1" standalone="no"?>
<!DOCTYPE review SYSTEM "derev.dtd">
<review ID="0227" title="AttheGatesofWalhalla" writer="JustenForge" author="Maureen" date="August 10, 2012" stars="4" suspectbook="1" unknownpurchase="1" nickname="1" cluster="1" allcluesclass="0" threecluesclass="0" sumclues="4" realclass="2" fold="9"><object>Engaging Read</object><body>The story is the most important thing to me as a reader.  Is it a good story?  Yes.  The character of Kurt is very empathetic in the loss of his family and the eventual fight to right the wrong of their deaths.  I found his journey especially well written and thought out.  I also like the uniqueness; I don't read too many stories about drug trafficking and its mixture with the government. The pace picked up and kept me engaged and wanting to read more. My only complaint is that the beginning is a little slow, but luckily, not for too long. I highly recommend this book and the author to anyone who likes crime/suspense/thrillers.</body><tokens>the story is the most important thing to me as a reader . is it a good story ? yes . the character of kurt is very empathetic in the loss of his family and the eventual fight to right the wrong of their deaths . i found his journey especially well written and thought out . i also like the uniqueness ; i do n't read too many stories about drug trafficking and its mixture with the government . the pace picked up and kept me engaged and wanting to read more . my only complaint is that the beginning is a little slow , but luckily , not for too long . i highly recommend this book and the author to anyone who likes crime / suspense / thrillers .</tokens><lemmas>the story be the most important thing to me as a reader . be it a good story ? yes . the character of &lt;unknown&gt; be very empathetic in the loss of his family and the eventual fight to right the wrong of their death . i find his journey especially well write and think out . i also like the uniqueness ; i do n't read too many storey about drug trafficking and its mixture with the government . the pace pick up and keep me engage and want to read more . my only complaint be IN the beginning be a little slow , but luckily , not for too long . i highly recommend this book and the author to anyone who like crime / suspense / thriller . </lemmas><pos>DT NN VBZ DT RBS JJ NN TO PP IN DT NN SENT VBZ PP DT JJ NN SENT UH SENT DT NN IN NN VBZ RB JJ IN DT NN IN PP$ NN CC DT JJ NN TO VB DT JJ IN PP$ NNS SENT NP VBD PP$ NN RB RB VBN CC VBN RP SENT NP RB IN DT NN : NNS VBP RB VB RB JJ NNS IN NN NN CC PP$ NN IN DT NN SENT DT NN VBD RP CC VBD PP VBD CC VBG TO VB RBR SENT PP$ JJ NN VBZ  DT NN VBZ DT RB JJ , CC RB , RB IN RB JJ SENT NP RB VBP DT NN CC DT NN TO NN WP VBZ NN SYM NN SYM NNS SENT </pos></review>
