<?xml version="1.0" encoding="ISO-8859-1" standalone="no"?>
<!DOCTYPE review SYSTEM "derev.dtd">
<review ID="0225" title="AttheGatesofWalhalla" writer="JustenForge" author="dwgodby" date="August 27, 2012" stars="4" suspectbook="1" unknownpurchase="1" nickname="1" cluster="1" allcluesclass="0" threecluesclass="0" sumclues="4" realclass="2" fold="7"><object>Captured</object><body>Kurt was a very knowledgeable officer who participated with the United States Custom's Office trying to cut down the drugs and illegial money coming into the states.  This book provides insight into the drug cartel and how they have invaded Mexico, the US and Canada.  While there is a great discussion about these three locations and how the drugs and money travel back and forth there is also the element of a person's life and what goes along with this type of job. While this wasn't the type of book I normally read I did enjoy the parts where the drug raids occurred.  When they would capture a truck at the border and how they would inspect it using dogs, and various forms of equipment was very good reading. 4 of 5 stars.</body><tokens>kurt was a very knowledgeable officer who participated with the united states custom 's office trying to cut down the drugs and illegial money coming into the states . this book provides insight into the drug cartel and how they have invaded mexico , the us and canada . while there is a great discussion about these three locations and how the drugs and money travel back and forth there is also the element of a person 's life and what goes along with this type of job . while this was n't the type of book i normally read i did enjoy the parts where the drug raids occurred . when they would capture a truck at the border and how they would inspect it using dogs , and various forms of equipment was very good reading . 4 of 5 stars .</tokens><lemmas>&lt;unknown&gt; be a very knowledgeable officer who participate with the unite state custom 's office try to cut down the drug and &lt;unknown&gt; money come into the state . this book provide insight into the drug cartel and how they have invade &lt;unknown&gt; , the us and Canada . while there be a great discussion about these three location and how the drug and money travel back and forth there be also the element of a person 's life and what go along with this type of job . while this be n't the type of book i normally read i do enjoy the part where the drug raid occur . when they would capture a truck at the border and how they would inspect it use dog , and various form of equipment be very good reading . 4 of 5 star . </lemmas><pos>NN VBD DT RB JJ NN WP VBD IN DT VBN NNS NN POS NN VBG TO VB RP DT NNS CC JJ NN VBG IN DT NNS SENT DT NN VBZ NN IN DT NN NN CC WRB PP VBP VBN NN , DT PP CC NP SENT IN EX VBZ DT JJ NN IN DT CD NNS CC WRB DT NNS CC NN NN RB CC RB EX VBZ RB DT NN IN DT NN POS NN CC WP VBZ RP IN DT NN IN NN SENT IN DT VBD RB DT NN IN NN NP RB VBD NP VBD VB DT NNS WRB DT NN NNS VBD SENT WRB PP MD VB DT NN IN DT NN CC WRB PP MD VB PP VBG NNS , CC JJ NNS IN NN VBD RB JJ NN SENT CD IN CD NNS SENT </pos></review>
