<?xml version="1.0" encoding="ISO-8859-1" standalone="no"?>
<!DOCTYPE review SYSTEM "derev.dtd">
<review ID="0221" title="AttheGatesofWalhalla" writer="JustenForge" author="km" date="August 10, 2012" stars="5" suspectbook="1" unknownpurchase="1" nickname="1" cluster="1" allcluesclass="0" threecluesclass="0" sumclues="4" realclass="2" fold="3"><object>good plotline</object><body>I really enjoyed the character development and following the protagonist's struggles and growth as he is caught in the midst of something he can't escape. You will be very empathetic towards him. Anyone who has lost someone close can relate and saddening to read a storyline like this but also in ways refreshing because it's something different/not what I usually encounter in stories. Engrossing, fast paced story-line. Really like the cover photo too, although that is irrelevant haha.</body><tokens>i really enjoyed the character development and following the protagonist 's struggles and growth as he is caught in the midst of something he ca n't escape . you will be very empathetic towards him . anyone who has lost someone close can relate and saddening to read a storyline like this but also in ways refreshing because it 's something different / not what i usually encounter in stories . engrossing , fast paced story-line . really like the cover photo too , although that is irrelevant haha .</tokens><lemmas>i really enjoy the character development and follow the protagonist 's struggle and growth as he be catch in the midst of something he ca n't escape . you will be very empathetic towards him . anyone who have lose someone close can relate and sadden to read a storyline like this but also in way refresh because it be something different / not what i usually encounter in storey . engross , fast pace &lt;unknown&gt; . really like the cover photo too , although that be irrelevant &lt;unknown&gt; . </lemmas><pos>NP RB VBD DT NN NN CC VBG DT NN POS NNS CC NN IN PP VBZ VBN IN DT NN IN NN PP MD RB VB SENT PP MD VB RB JJ IN PP SENT NN WP VBZ VBN NN NN MD VB CC VBG TO VB DT NN IN DT CC RB IN NNS VBG IN PP VBZ NN JJ SYM RB WP NP RB VB IN NNS SENT VBG , RB VBN NN SENT RB IN DT NN NN RB , IN WDT VBZ JJ NN SENT </pos></review>
