<?xml version="1.0" encoding="ISO-8859-1" standalone="no"?>
<!DOCTYPE review SYSTEM "derev.dtd">
<review ID="0226" title="AttheGatesofWalhalla" writer="JustenForge" author="Harriet" date="August 10, 2012" stars="4" suspectbook="1" unknownpurchase="1" nickname="1" cluster="1" allcluesclass="0" threecluesclass="0" sumclues="4" realclass="2" fold="8"><object>Lively and In-depth</object><body>I love a good twist within a book. Justen Forge's At the Gates of Walhalla delivers just the thing, with interesting characters and a fascinating plot. The novel centers around Kurt Sorensen's fight against the powerful drug wars threatening the Canadian border, especially the antics of the menacing drug overlord El Cabron. Immense sorrow overtakes Sorensen after a horrific tragedy, prompting him to leave the U.S. and go back to his hometown in Canada. Yet things don't go as he anticipated when he discovers the sinister presence and undertakings of drug cartels along the Canadian border, along with an unexpected participant in the whole circumstance. The beginning set the tone for the rest of the novel; the book was a bit difficult to get into at first, but quickly picked up speed. The straightforward writing style made it an understandable, fast read, but also overly simplified things to a degree. Additionally, at an organizational level, things seemed to go down rabbit trails at times. Regardless, Forge superbly connects to human ethos, presenting genuine emotion in his writing. I like the strong emphasis on Nordic background, how it ties into the plot of the novel. The twist of events captured my attention, and gave me a different perspective on the multifaceted nature of the drug wars plaguing North America. I have enormous respect for Justen Forge for writing this stirring, exciting novel.</body><tokens>i love a good twist within a book . justen forge 's at the gates of walhalla delivers just the thing , with interesting characters and a fascinating plot . the novel centers around kurt sorensen 's fight against the powerful drug wars threatening the canadian border , especially the antics of the menacing drug overlord el cabron . immense sorrow overtakes sorensen after a horrific tragedy , prompting him to leave the u . s . and go back to his hometown in canada . yet things do n't go as he anticipated when he discovers the sinister presence and undertakings of drug cartels along the canadian border , along with an unexpected participant in the whole circumstance . the beginning set the tone for the rest of the novel ; the book was a bit difficult to get into at first , but quickly picked up speed . the straightforward writing style made it an understandable , fast read , but also overly simplified things to a degree . additionally , at an organizational level , things seemed to go down rabbit trails at times . regardless , forge superbly connects to human ethos , presenting genuine emotion in his writing . i like the strong emphasis on nordic background , how it ties into the plot of the novel . the twist of events captured my attention , and gave me a different perspective on the multifaceted nature of the drug wars plaguing north america . i have enormous respect for justen forge for writing this stirring , exciting novel .</tokens><lemmas>i love a good twist within a book . &lt;unknown&gt; forge be at the gate of &lt;unknown&gt; deliver just the thing , with interesting character and a fascinating plot . the novel center around &lt;unknown&gt; &lt;unknown&gt; 's fight against the powerful drug war threaten the Canadian border , especially the antic of the menace drug overlord el &lt;unknown&gt; . immense sorrow overtake &lt;unknown&gt; after a horrific tragedy , prompt him to leave the u . &lt;unknown&gt; . and go back to his hometown in &lt;unknown&gt; . yet thing do n't go as he anticipate when he discover the sinister presence and undertaking of drug cartel along the Canadian border , along with an unexpected participant in the whole circumstance . the beginning set the tone for the rest of the novel ; the book be a bit difficult to get into at first , but quickly pick up speed . the straightforward writing style make it an understandable , fast read , but also overly simplify thing to a degree . additionally , at an organizational level , thing seem to go down rabbit trail at time . regardless , forge superbly connect to human ethos , present genuine emotion in his writing . i like the strong emphasis on Nordic background , how it tie into the plot of the novel . the twist of event capture my attention , and give me a different perspective on the multifaceted nature of the drug war plague north &lt;unknown&gt; . i have enormous respect for &lt;unknown&gt; forge for write this stirring , exciting novel . </lemmas><pos>NNS VBP DT JJ NN IN DT NN SENT NN NN VBZ IN DT NNS IN NN VBZ RB DT NN , IN JJ NNS CC DT JJ NN SENT DT NN NNS IN NN NN POS NN IN DT JJ NN NNS VBG DT JJ NN , RB DT NNS IN DT VBG NN NN NN NP SENT JJ NN VBZ NN IN DT JJ NN , VBG PP TO VB DT NN SENT NNS SENT CC VB RB TO PP$ NN IN NN SENT CC NNS VBP RB VB IN PP VBD WRB PP VBZ DT JJ NN CC NNS IN NN NNS IN DT JJ NN , RB IN DT JJ NN IN DT JJ NN SENT DT NN VBD DT NN IN DT NN IN DT NN : DT NN VBD DT NN JJ TO VB IN IN JJ , CC RB VBD RB VB SENT DT JJ NN NN VBD PP DT JJ , RB VBN , CC RB RB VBN NNS TO DT NN SENT RB , IN DT JJ NN , NNS VBD TO VB RP NN NNS IN NNS SENT RB , VB RB VBZ TO JJ NN , VBG JJ NN IN PP$ NN SENT NP IN DT JJ NN IN JJ NN , WRB PP VBZ IN DT NN IN DT NN SENT DT NN IN NNS VBD PP$ NN , CC VBD PP DT JJ NN IN DT JJ NN IN DT NN NNS VBG JJ NN SENT NNS VBP JJ NN IN NN NN IN VBG DT JJ , JJ NN SENT </pos></review>
