<?xml version="1.0" encoding="ISO-8859-1" standalone="no"?>
<!DOCTYPE review SYSTEM "derev.dtd">
<review ID="0222" title="AttheGatesofWalhalla" writer="JustenForge" author="timcar" date="September 18, 2012" stars="5" suspectbook="1" unknownpurchase="1" nickname="1" cluster="1" allcluesclass="0" threecluesclass="0" sumclues="4" realclass="2" fold="4"><object>Great thriller</object><body>At the Gates of Walhalla is a mystery thriller that centers around the life of Kurt Sorenson who is a border patrol officer.  Without giving away too much detail, the book starts off with Kurt and his family, his wife Lupe and twin sons Matt and Mark,  living in Texas. Certain circumstances find Kurt relocating to his home town of Walhalla in Canada. Drugs have infiltrated Walhalla and along with this comes crime. Kurt is on a mission to stop the drugs from entering and to restore Walhalla back to the beautiful, peaceful town it used to be. In order to do this he enlists the help of 2 other officers, John and Steve, and also 10 other residents from the town. I recently read another similar book about border patrol officers and drug trafficking called The Smell of Duty (Neglected War) by Elias Rodriguez. I found this book filled with a lot of suspense and mystery at the very beginning, however, I thought that some of the first quarter of the book lost my interest. Some of the background history of the main character could have been left out. But soon after that, the book became very suspenseful and I found it hard to put down. The way Kurt dealt with the drug dealers was a little gruesome but I thought it was an original, although shocking, idea. I loved the twist of who was involved with the drug dealers (I don't want to reveal a spoiler). I couldn't put the book down, I loved it! If you like mysteries or thrillers, you would be sure to love this also.</body><tokens>at the gates of walhalla is a mystery thriller that centers around the life of kurt sorenson who is a border patrol officer . without giving away too much detail , the book starts off with kurt and his family , his wife lupe and twin sons matt and mark , living in texas . certain circumstances find kurt relocating to his home town of walhalla in canada . drugs have infiltrated walhalla and along with this comes crime . kurt is on a mission to stop the drugs from entering and to restore walhalla back to the beautiful , peaceful town it used to be . in order to do this he enlists the help of 2 other officers , john and steve , and also 10 other residents from the town . i recently read another similar book about border patrol officers and drug trafficking called the smell of duty ( neglected war ) by elias rodriguez . i found this book filled with a lot of suspense and mystery at the very beginning , however , i thought that some of the first quarter of the book lost my interest . some of the background history of the main character could have been left out . but soon after that , the book became very suspenseful and i found it hard to put down . the way kurt dealt with the drug dealers was a little gruesome but i thought it was an original , although shocking , idea . i loved the twist of who was involved with the drug dealers ( i do n't want to reveal a spoiler ) . i could n't put the book down , i loved it ! if you like mysteries or thrillers , you would be sure to love this also .</tokens><lemmas>at the gate of &lt;unknown&gt; be a mystery thriller that center around the life of &lt;unknown&gt; &lt;unknown&gt; who be a border patrol officer . without give away too much detail , the book start off with &lt;unknown&gt; and his family , his wife &lt;unknown&gt; and twin son matt and mark , live in &lt;unknown&gt; . certain circumstance find &lt;unknown&gt; relocate to his home town of &lt;unknown&gt; in &lt;unknown&gt; . drug have infiltrate &lt;unknown&gt; and along with this come crime . &lt;unknown&gt; be on a mission to stop the drug from enter and to restore &lt;unknown&gt; back to the beautiful , peaceful town it use to be . in order to do this he enlist the help of 2 other officer , john and &lt;unknown&gt; , and also @card@ other resident from the town . i recently read another similar book about border patrol officer and drug trafficking call the smell of duty ( neglected war ) by &lt;unknown&gt; &lt;unknown&gt; . i find this book fill with a lot of suspense and mystery at the very beginning , however , i think IN some of the first quarter of the book lose my interest . some of the background history of the main character could have be leave out . but soon after that , the book become very suspenseful and i find it hard to put down . the way &lt;unknown&gt; deal with the drug dealer be a little gruesome but i think it be an original , although shocking , idea . i love the twist of who be involve with the drug dealer ( i do n't want to reveal a spoiler ) . i could n't put the book down , i love it ! if you like mystery or thriller , you would be sure to love this also . </lemmas><pos>IN DT NNS IN NN VBZ DT NN NN WDT VBZ IN DT NN IN NN NN WP VBZ DT NN NN NN SENT IN VBG RB RB JJ NN , DT NN VBZ RP IN NN CC PP$ NN , PP$ NN NN CC JJ NNS NN CC NN , VBG IN NNS SENT JJ NNS VBP NN VBG TO PP$ NN NN IN NN IN NN SENT NNS VBP VBN NN CC RB IN DT VBZ NN SENT NN VBZ IN DT NN TO VB DT NNS IN VBG CC TO VB NN RB TO DT JJ , JJ NN PP VBD TO VB SENT IN NN TO VB DT PP VBZ DT NN IN CD JJ NNS , NN CC NN , CC RB CD JJ NNS IN DT NN SENT NP RB VBD DT JJ NN IN NN NN NNS CC NN NN VBD DT NN IN NN ( JJ NN ) IN NNS NN SENT NP VBD DT NN VBN IN DT NN IN NN CC NN IN DT JJ NN , RB , NP VBD  DT IN DT JJ NN IN DT NN VBD PP$ NN SENT DT IN DT NN NN IN DT JJ NN MD VB VBN VBN RP SENT CC RB IN DT , DT NN VBD RB JJ CC NP VBD PP JJ TO VB RP SENT DT NN NN VBN IN DT NN NNS VBD DT JJ JJ CC NP VBD PP VBD DT JJ , IN JJ , NN SENT NP VBD DT NN IN WP VBD VBN IN DT NN NNS ( NNS VBP RB VB TO VB DT NN ) SENT NP MD RB VB DT NN RB , NP VBD PP SENT IN PP VBP NNS CC NNS , PP MD VB JJ TO VB DT RB SENT </pos></review>
