<?xml version="1.0" encoding="ISO-8859-1" standalone="no"?>
<!DOCTYPE review SYSTEM "derev.dtd">
<review ID="0219" title="AttheGatesofWalhalla" writer="JustenForge" author="Simplelife1967" date="August 12, 2012" stars="5" suspectbook="1" unknownpurchase="1" nickname="1" cluster="1" allcluesclass="0" threecluesclass="0" sumclues="4" realclass="2" fold="1"><object>Excellent Thriller with Real Life Undertones</object><body>Received this a gift copy and was surprised by the reading enjoyment. Excellent Thriller with Real Life Undertones......Justin Forge has created a fictional thriller that hinges on the real issues in our society today, while still captivating the readers imagination and keeping the pages turning.  Vividly written, Forge takes you to Mexico, to Texas and to Canada, all of which is clearly imagined within the readers mind as they travel with Kurt.  His descriptive language and exemplary writing take you on a journey through deception, drug cartels, conspiracies, and Kurt's own struggles.  At the Gates of Walalla has robust writing, a fantastic plot that keeps your attention and curiosity peaked throughout the book.  The question is what is evil and who is evil, that is the greatest surprise.  Exceptional reading.....recommended for anyone who enjoys a great thriller.</body><tokens>received this a gift copy and was surprised by the reading enjoyment . excellent thriller with real life undertones ...... justin forge has created a fictional thriller that hinges on the real issues in our society today , while still captivating the readers imagination and keeping the pages turning . vividly written , forge takes you to mexico , to texas and to canada , all of which is clearly imagined within the readers mind as they travel with kurt . his descriptive language and exemplary writing take you on a journey through deception , drug cartels , conspiracies , and kurt 's own struggles . at the gates of walalla has robust writing , a fantastic plot that keeps your attention and curiosity peaked throughout the book . the question is what is evil and who is evil , that is the greatest surprise . exceptional reading ..... recommended for anyone who enjoys a great thriller .</tokens><lemmas>receive this a gift copy and be surprise by the reading enjoyment . excellent thriller with real life undertone &lt;unknown&gt; &lt;unknown&gt; forge have create a fictional thriller that hinge on the real issue in our society today , while still captivate the reader imagination and keep the page turn . vividly write , forge take you to &lt;unknown&gt; , to &lt;unknown&gt; and to &lt;unknown&gt; , all of which be clearly imagine within the reader mind as they travel with &lt;unknown&gt; . his descriptive language and exemplary writing take you on a journey through deception , drug cartel , conspiracy , and &lt;unknown&gt; 's own struggle . at the gate of &lt;unknown&gt; have robust writing , a fantastic plot that keep your attention and curiosity peak throughout the book . the question be what be evil and who be evil , that be the great surprise . exceptional reading &lt;unknown&gt; recommend for anyone who enjoy a great thriller . </lemmas><pos>VBN DT DT NN NN CC VBD VBN IN DT NN NN SENT JJ NN IN JJ NN NNS JJ NN NN VBZ VBN DT JJ NN WDT VBZ IN DT JJ NNS IN PP$ NN NN , IN RB VBG DT NNS NN CC VBG DT NNS VBG SENT RB VBN , NN VBZ PP TO NN , TO NNS CC TO NN , DT IN WDT VBZ RB VBN IN DT NNS NN IN PP VBP IN NN SENT PP$ JJ NN CC JJ NN VB PP IN DT NN IN NN , NN NNS , NNS , CC NN POS JJ NNS SENT IN DT NNS IN NN VBZ JJ NN , DT JJ NN WDT VBZ PP$ NN CC NN VBN IN DT NN SENT DT NN VBZ WP VBZ JJ CC WP VBZ JJ , WDT VBZ DT JJS NN SENT JJ NN NN VBN IN NN WP VBZ DT JJ NN SENT </pos></review>
