<?xml version="1.0" encoding="ISO-8859-1" standalone="no"?>
<!DOCTYPE review SYSTEM "derev.dtd">
<review ID="0224" title="AttheGatesofWalhalla" writer="JustenForge" author="JWallace" date="September 12, 2012" stars="5" suspectbook="1" unknownpurchase="1" nickname="1" cluster="1" allcluesclass="0" threecluesclass="0" sumclues="4" realclass="2" fold="6"><object>Good read and worth the price</object><body>At the Gates of Walhalla by Justen Forge is a gripping thriller that will keep you hooked through all 319 pages. The story revolves around fictional border enforcement officer Kurt Sorensen. The veteran agent loses his beloved wife and twin boys in a vicious attack and soon leaves the wild Mexican-American border and head north back to his hometown. He joins the border agency at the Canadian border in the little town of north Walhalla. He goes along his job of apprehending contraband before it can get into Canada. His job soon get more complicated then he ever dreamed when he finds out a secret that could prove deadly if he isn't careful. He devises a plan to fight the new enemy and recruits some of his co-workers and citizens of Walhalla as warriors in the fight. The 'sons of Thor' as Kurt and his group are know wage their own war even though the stakes are high and they may not survive. Mr. Forge does a marvelous job of making the characters and surrounds so vivid that you are drawn into the story. You can actually picture yourself in the crop duster as Steve, one of Kurt's co-workers and a 'son of Thor', as he takes to the air. In other parts of the book you can easily find yourself with the group as they search through vehicles looking for drugs. In another part the description is so vivid you can actually see the tattoo that every member of the 'sons of Thor' wear on their neck. I would recommend this book to anyone that enjoys action, the struggling the underdog and a little blood mixed into the storyline.</body><tokens>at the gates of walhalla by justen forge is a gripping thriller that will keep you hooked through all 319 pages . the story revolves around fictional border enforcement officer kurt sorensen . the veteran agent loses his beloved wife and twin boys in a vicious attack and soon leaves the wild mexican-american border and head north back to his hometown . he joins the border agency at the canadian border in the little town of north walhalla . he goes along his job of apprehending contraband before it can get into canada . his job soon get more complicated then he ever dreamed when he finds out a secret that could prove deadly if he is n't careful . he devises a plan to fight the new enemy and recruits some of his co-workers and citizens of walhalla as warriors in the fight . the &quot; sons of thor &quot; as kurt and his group are know wage their own war even though the stakes are high and they may not survive . mr . forge does a marvelous job of making the characters and surrounds so vivid that you are drawn into the story . you can actually picture yourself in the crop duster as steve , one of kurt 's co-workers and a &quot; son of thor &quot; , as he takes to the air . in other parts of the book you can easily find yourself with the group as they search through vehicles looking for drugs . in another part the description is so vivid you can actually see the tattoo that every member of the &quot; sons of thor &quot; wear on their neck . i would recommend this book to anyone that enjoys action , the struggling the underdog and a little blood mixed into the storyline .</tokens><lemmas>at the gate of &lt;unknown&gt; by &lt;unknown&gt; forge be a gripping thriller that will keep you hook through all @card@ page . the story revolve around fictional border enforcement officer &lt;unknown&gt; &lt;unknown&gt; . the veteran agent lose his beloved wife and twin boy in a vicious attack and soon leave the wild &lt;unknown&gt; border and head north back to his hometown . he join the border agency at the Canadian border in the little town of north &lt;unknown&gt; . he go along his job of apprehend contraband before it can get into &lt;unknown&gt; . his job soon get more complicate then he ever dream when he find out a secret that could prove deadly if he be n't careful . he devise a plan to fight the new enemy and recruit some of his co-worker and citizen of &lt;unknown&gt; as warrior in the fight . the &quot; son of &lt;unknown&gt; &quot; as &lt;unknown&gt; and his group are know wage their own war even though the stake be high and they may not survive . Mr . forge do a marvelous job of make the character and surround so vivid IN you be draw into the story . you can actually picture yourself in the crop duster as &lt;unknown&gt; , one of &lt;unknown&gt; 's co-worker and a &quot; son of &lt;unknown&gt; &quot; , as he take to the air . in other part of the book you can easily find yourself with the group as they search through vehicle look for drug . in another part the description be so vivid you can actually see the tattoo IN every member of the &quot; son of &lt;unknown&gt; &quot; wear on their neck . i would recommend this book to anyone that enjoy action , the struggle the underdog and a little blood mix into the storyline . </lemmas><pos>IN DT NNS IN NN IN NN NN VBZ DT JJ NN WDT MD VB PP VBN IN DT CD NNS SENT DT NN VBZ IN JJ NN NN NN NN NN SENT DT JJ NN VBZ PP$ JJ NN CC JJ NNS IN DT JJ NN CC RB VBZ DT JJ NN NN CC NN RB RB TO PP$ NN SENT PP VBZ DT NN NN IN DT JJ NN IN DT JJ NN IN JJ NN SENT PP VBZ IN PP$ NN IN VBG JJ IN PP MD VB IN NN SENT PP$ NN RB VB RBR VBN RB PP RB VBD WRB PP VBZ RP DT NN WDT MD VB JJ IN PP VBZ RB JJ SENT PP VBZ DT NN TO VB DT JJ NN CC VBZ DT IN PP$ NNS CC NNS IN NN IN NNS IN DT NN SENT DT `` NNS IN NN '' IN NN CC PP$ NN NN VBP VB PP$ JJ NN RB IN DT NNS VBP JJ CC PP MD RB VB SENT NN SENT NN VBZ DT JJ NN IN VBG DT NNS CC VBZ RB JJ  PP VBP VBN IN DT NN SENT PP MD RB VB PP IN DT NN NN IN NN , CD IN NN POS NNS CC DT `` NN IN NN '' , IN PP VBZ TO DT NN SENT IN JJ NNS IN DT NN PP MD RB VB PP IN DT NN IN PP VBP IN NNS VBG IN NNS SENT IN DT NN DT NN VBZ RB JJ PP MD RB VB DT NN  DT NN IN DT `` NNS IN NN '' NN IN PP$ NN SENT NP MD VB DT NN TO NN WDT VBZ NN , DT VBG DT NN CC DT JJ NN VBN IN DT NN SENT </pos></review>
