<?xml version="1.0" encoding="ISO-8859-1" standalone="no"?>
<!DOCTYPE review SYSTEM "derev.dtd">
<review ID="0218" title="AttheGatesofWalhalla" writer="JustenForge" author="MChi" date="August 13, 2012" stars="5" suspectbook="1" unknownpurchase="1" nickname="0" cluster="1" allcluesclass="0" threecluesclass="0" sumclues="3" realclass="2" fold="0"><object>Unexpectedly entertaining</object><body>This book is about the drug trafficking trade ranging from Mexico to the US to Canada.  It is an interesting perspective on the role of the government, citizens and law enforcement and what happens when getting involved with this type of trade.  The story follows Kurt, a law enforcement official involved in stopping drug traffickers.  He moved from the border of Mexico to the border of Canada due to a tragedy in his family and he is working hard while trying to get over the despair.  This book was a good read and opened my eyes to the dangers of drug trade.  When I first started reading this book, I thought the writing was a little disjointed, but after a few chapters, it really picked up.  As I got to know the characters more, they really grew on me and I appreciated the twists and turns of the storyline, which definitely kept me engaged. I have to admit, from the title this book would not have caught my attention, but after I started getting into it, the book became more interesting.  Overall, great read and very entertaining!</body><tokens>this book is about the drug trafficking trade ranging from mexico to the us to canada . it is an interesting perspective on the role of the government , citizens and law enforcement and what happens when getting involved with this type of trade . the story follows kurt , a law enforcement official involved in stopping drug traffickers . he moved from the border of mexico to the border of canada due to a tragedy in his family and he is working hard while trying to get over the despair . this book was a good read and opened my eyes to the dangers of drug trade . when i first started reading this book , i thought the writing was a little disjointed , but after a few chapters , it really picked up . as i got to know the characters more , they really grew on me and i appreciated the twists and turns of the storyline , which definitely kept me engaged . i have to admit , from the title this book would not have caught my attention , but after i started getting into it , the book became more interesting . overall , great read and very entertaining !</tokens><lemmas>this book be about the drug trafficking trade range from &lt;unknown&gt; to the us to &lt;unknown&gt; . it be an interesting perspective on the role of the government , citizen and law enforcement and what happen when get involve with this type of trade . the story follow &lt;unknown&gt; , a law enforcement official involve in stop drug trafficker . he move from the border of &lt;unknown&gt; to the border of &lt;unknown&gt; due to a tragedy in his family and he be work hard while try to get over the despair . this book be a good read and open my eye to the danger of drug trade . when i first start read this book , i think the writing be a little disjoint , but after a few chapter , it really pick up . as i get to know the character more , they really grow on me and i appreciate the twist and turn of the storyline , which definitely keep me engage . i have to admit , from the title this book would not have catch my attention , but after i start get into it , the book become more interesting . overall , great read and very entertaining ! </lemmas><pos>DT NN VBZ RB DT NN NN NN VBG IN NN TO DT PP TO NN SENT PP VBZ DT JJ NN IN DT NN IN DT NN , NNS CC NN NN CC WP VBZ WRB VBG VBN IN DT NN IN NN SENT DT NN VBZ NN , DT NN NN NN VBN IN VBG NN NNS SENT PP VBD IN DT NN IN NN TO DT NN IN NN JJ TO DT NN IN PP$ NN CC PP VBZ VBG RB IN VBG TO VB IN DT NN SENT DT NN VBD DT JJ NN CC VBD PP$ NNS TO DT NNS IN NN NN SENT WRB NP RB VBD VBG DT NN , NP VBD DT NN VBD DT RB VBN , CC IN DT JJ NNS , PP RB VBD RP SENT IN NP VBD TO VB DT NNS RBR , PP RB VBD IN PP CC NP VBD DT NNS CC VBZ IN DT NN , WDT RB VBD PP VBD SENT NNS VBP TO VB , IN DT NN DT NN MD RB VB VBN PP$ NN , CC IN NP VBD VBG IN PP , DT NN VBD RBR JJ SENT JJ , JJ NN CC RB JJ SENT </pos></review>
