<?xml version="1.0" encoding="ISO-8859-1" standalone="no"?>
<!DOCTYPE review SYSTEM "derev.dtd">
<review ID="0223" title="AttheGatesofWalhalla" writer="JustenForge" author="StayPositive" date="September 17, 2012" stars="5" suspectbook="1" unknownpurchase="1" nickname="1" cluster="1" allcluesclass="0" threecluesclass="0" sumclues="4" realclass="2" fold="5"><object>A Must Read</object><body>Justen Forge is one of the most amazing mystery writers of our time and his book At the Gates of Walhalla has just proven that he should be on the New York Times Best Sellers List. The book pulls the readers in from the start, with Kurt's wife and child being killed and the mystery of one child gone missing.  It keeps you wondering what is going to take place next. You are pulled into an emotional roller coaster as Kurt try's to deal with the death of his family.  I can tell you that Kurt was a lot stronger then I would have been.  I don't know that I would be able to go back to work with so much heartbreak in my life. As the book progresses you see the mystery/thriller aspect of the book.  There are events that take place that one never would have thought of and with a surprise ending.  It is amazing how the books starts off with good and has so much evil that it has one reading to find out if it ever going to become good again. I really love the fact that the author give some history, so that one really understands about the area and what it really means.  I am not one for history, but adding the facts into this book was an excellent touch. I honestly loved the book, the characters and would rate this a 5 star.  Move over James Patterson and Tom Clancy, we have another rising author to our list.</body><tokens>justen forge is one of the most amazing mystery writers of our time and his book at the gates of walhalla has just proven that he should be on the new york times best sellers list . the book pulls the readers in from the start , with kurt 's wife and child being killed and the mystery of one child gone missing . it keeps you wondering what is going to take place next . you are pulled into an emotional roller coaster as kurt try 's to deal with the death of his family . i can tell you that kurt was a lot stronger then i would have been . i do n't know that i would be able to go back to work with so much heartbreak in my life . as the book progresses you see the mystery / thriller aspect of the book . there are events that take place that one never would have thought of and with a surprise ending . it is amazing how the books starts off with good and has so much evil that it has one reading to find out if it ever going to become good again . i really love the fact that the author give some history , so that one really understands about the area and what it really means . i am not one for history , but adding the facts into this book was an excellent touch . i honestly loved the book , the characters and would rate this a 5 star . move over james patterson and tom clancy , we have another rising author to our list .</tokens><lemmas>&lt;unknown&gt; forge be one of the most amazing mystery writer of our time and his book at the gate of &lt;unknown&gt; have just prove IN he should be on the new york time good seller list . the book pull the reader in from the start , with &lt;unknown&gt; 's wife and child be kill and the mystery of one child go missing . it keep you wonder what be go to take place next . you be pull into an emotional roller coaster as &lt;unknown&gt; try be to deal with the death of his family . i can tell you IN &lt;unknown&gt; be a lot strong then i would have be . i do n't know IN i would be able to go back to work with so much heartbreak in my life . as the book progress you see the mystery / thriller aspect of the book . there be event that take place IN one never would have think of and with a surprise ending . it be amazing how the book starts off with good and have so much evil IN it have one reading to find out if it ever go to become good again . i really love the fact IN the author give some history , so IN one really understand about the area and what it really mean . i be not one for history , but add the fact into this book be an excellent touch . i honestly love the book , the character and would rate this a 5 star . move over &lt;unknown&gt; &lt;unknown&gt; and tom &lt;unknown&gt; , we have another rise author to our list . </lemmas><pos>NN NN VBZ CD IN DT RBS JJ NN NNS IN PP$ NN CC PP$ NN IN DT NNS IN NN VBZ RB VBN  PP MD VB IN DT JJ VBP NNS JJS NNS NN SENT DT NN VBZ DT NNS IN IN DT NN , IN NN POS NN CC NN VBG VBN CC DT NN IN CD NN VBN JJ SENT PP VBZ PP VBG WP VBZ VBG TO VB NN JJ SENT PP VBP VBN IN DT JJ NN NN IN NN NN VBZ TO VB IN DT NN IN PP$ NN SENT NP MD VB PP  NN VBD DT NN JJR RB NP MD VB VBN SENT NNS VBP RB VB  NP MD VB JJ TO VB RB TO VB IN RB JJ NN IN PP$ NN SENT IN DT NN VBZ PP VB DT NN SYM NN NN IN DT NN SENT EX VBP NNS WDT VBP NN  PP RB MD VB VBN IN CC IN DT NN NN SENT PP VBZ JJ WRB DT NNS VBP RP IN JJ CC VBZ RB RB JJ  PP VBZ CD NN TO VB RP IN PP RB VBG TO VB JJ RB SENT NP RB VBP DT NN  DT NN VB DT NN , RB  PP RB VBZ IN DT NN CC WP PP RB VBZ SENT NNS VBP RB CD IN NN , CC VBG DT NNS IN DT NN VBD DT JJ NN SENT NP RB VBD DT NN , DT NNS CC MD VB DT DT CD NN SENT NN IN NNS NN CC NN NN , PP VBP DT VBG NN TO PP$ NN SENT </pos></review>
