<?xml version="1.0" encoding="ISO-8859-1" standalone="no"?>
<!DOCTYPE review SYSTEM "derev.dtd">
<review ID="0232" title="AttheGatesofWalhalla" writer="JustenForge" author="PennyBrien" date="August 7, 2012" stars="5" suspectbook="1" unknownpurchase="1" nickname="1" cluster="1" allcluesclass="0" threecluesclass="0" sumclues="4" realclass="2" fold="4"><object>Action packed and thrilling</object><body>This book had me hooked from the very beginning.  I would classify it as an action-packed, crime-fighting, thriller.  The author did a wonderful job of developing the characters into believable people.  This was a fast paced read and I couldn't put it down once I started reading. There are some extremely emotional parts in this book and I'll admit I got misty.  It made the experiences that were happening in the book seem even more realistic.  Kurt especially was a well written character. I would recommend this book to anyone who enjoys David Baldacci, James Patterson or the like. Kudos to Justen Forge, I hope to see more books written by this author.</body><tokens>this book had me hooked from the very beginning . i would classify it as an action-packed , crime-fighting , thriller . the author did a wonderful job of developing the characters into believable people . this was a fast paced read and i could n't put it down once i started reading . there are some extremely emotional parts in this book and i 'll admit i got misty . it made the experiences that were happening in the book seem even more realistic . kurt especially was a well written character . i would recommend this book to anyone who enjoys david baldacci , james patterson or the like . kudos to justen forge , i hope to see more books written by this author .</tokens><lemmas>this book have me hook from the very beginning . i would classify it as an action-packed , crime-fighting , thriller . the author do a wonderful job of develop the character into believable people . this be a fast pace read and i could n't put it down once i start reading . there be some extremely emotional part in this book and i will admit i get misty . it make the experience that be happen in the book seem even more realistic . &lt;unknown&gt; especially be a well write character . i would recommend this book to anyone who enjoy &lt;unknown&gt; &lt;unknown&gt; , &lt;unknown&gt; &lt;unknown&gt; or the like . kudos to &lt;unknown&gt; forge , i hope to see more book write by this author . </lemmas><pos>DT NN VBD PP VBN IN DT JJ NN SENT NP MD VB PP IN DT JJ , NN , NN SENT DT NN VBD DT JJ NN IN VBG DT NNS IN JJ NNS SENT DT VBD DT RB VBN NN CC NP MD RB VB PP RP IN NP VBD NN SENT EX VBP DT RB JJ NNS IN DT NN CC NP MD VB NP VBD JJ SENT PP VBD DT NNS WDT VBD VBG IN DT NN VBP RB RBR JJ SENT NN RB VBD DT RB VBN NN SENT NP MD VB DT NN TO NN WP VBZ JJ NNS , NNS NN CC DT IN SENT NN TO VB VB , NNS VBP TO VB JJR NNS VBN IN DT NN SENT </pos></review>
