<?xml version="1.0" encoding="ISO-8859-1" standalone="no"?>
<!DOCTYPE review SYSTEM "derev.dtd">
<review ID="0228" title="AttheGatesofWalhalla" writer="JustenForge" author="RainbowSparklirainbowsparkl" date="August 9, 2012" stars="5" suspectbook="1" unknownpurchase="1" nickname="1" cluster="1" allcluesclass="0" threecluesclass="0" sumclues="4" realclass="2" fold="0"><object>Great read!</object><body>At the Gates of Walhalla by Justen Forge tells the story of a border guard in Texas who is stricken by tragedy when his wife and twin sons are taken from him in an extreme act of violence by a drug cartel. Stricken with grief, he returns to his native town in Canada for a more peaceful existence.  The peace only lasts so long, and Kurt, the border guard, is faced with a scenario which would allow him to rely on incompetent officials or to take justice into his own hands. This is a story of crime, drugs, cartels, thrilling action, a classic good vs. evil tale, a conspiracy story with shocking twists at every turn. I was riveted and would recommend this book to friends.</body><tokens>at the gates of walhalla by justen forge tells the story of a border guard in texas who is stricken by tragedy when his wife and twin sons are taken from him in an extreme act of violence by a drug cartel . stricken with grief , he returns to his native town in canada for a more peaceful existence . the peace only lasts so long , and kurt , the border guard , is faced with a scenario which would allow him to rely on incompetent officials or to take justice into his own hands . this is a story of crime , drugs , cartels , thrilling action , a classic good vs . evil tale , a conspiracy story with shocking twists at every turn . i was riveted and would recommend this book to friends .</tokens><lemmas>at the gate of &lt;unknown&gt; by &lt;unknown&gt; forge tell the story of a border guard in &lt;unknown&gt; who be strike by tragedy when his wife and twin son be take from him in an extreme act of violence by a drug cartel . strike with grief , he return to his native town in &lt;unknown&gt; for a more peaceful existence . the peace only last so long , and &lt;unknown&gt; , the border guard , be face with a scenario which would allow him to rely on incompetent official or to take justice into his own hand . this be a story of crime , drug , cartel , thrill action , a classic good vs . evil tale , a conspiracy story with shocking twist at every turn . i be rivet and would recommend this book to friend . </lemmas><pos>IN DT NNS IN NN IN NN NN VBZ DT NN IN DT NN NN IN NNS WP VBZ VBN IN NN WRB PP$ NN CC JJ NNS VBP VBN IN PP IN DT JJ NN IN NN IN DT NN NN SENT VBN IN NN , PP VBZ TO PP$ JJ NN IN NN IN DT RBR JJ NN SENT DT NN RB VBZ RB JJ , CC NN , DT NN NN , VBZ VBN IN DT NN WDT MD VB PP TO VB IN JJ NNS CC TO VB NN IN PP$ JJ NNS SENT DT VBZ DT NN IN NN , NNS , NNS , VBG NN , DT JJ JJ NP SENT JJ NN , DT NN NN IN JJ NNS IN DT NN SENT NP VBD VBN CC MD VB DT NN TO NNS SENT </pos></review>
