<?xml version="1.0" encoding="ISO-8859-1" standalone="no"?>
<!DOCTYPE review SYSTEM "derev.dtd">
<review ID="0231" title="AttheGatesofWalhalla" writer="JustenForge" author="marciasplace" date="August 7, 2012" stars="5" suspectbook="1" unknownpurchase="1" nickname="1" cluster="1" allcluesclass="0" threecluesclass="0" sumclues="4" realclass="2" fold="3"><object>Very  good book</object><body>I thought this book was very interesting . It showed the drug traffic around the world. Also all the things that happen from day to on the border patrol that no one seems to care about but it does happen to their families.  This book was very well told by the author how things are done on all the borders.  he started out in TExas and goes to Canada different borders. its really good I sugest every 1 should read this book. Very great story line and still he is still wondering where his 1 son is  being at the begin his wife and 1 son dies.</body><tokens>i thought this book was very interesting . it showed the drug traffic around the world . also all the things that happen from day to on the border patrol that no one seems to care about but it does happen to their families . this book was very well told by the author how things are done on all the borders . he started out in texas and goes to canada different borders . its really good i sugest every 1 should read this book . very great story line and still he is still wondering where his 1 son is being at the begin his wife and 1 son dies .</tokens><lemmas>i think this book be very interesting . it show the drug traffic around the world . also all the thing that happen from day to on the border patrol IN no one seem to care about but it do happen to their family . this book be very well tell by the author how thing be do on all the border . he start out in &lt;unknown&gt; and go to Canada different border . its really good i &lt;unknown&gt; every 1 should read this book . very great story line and still he be still wonder where his 1 son be be at the begin his wife and 1 son die . </lemmas><pos>NP VBD DT NN VBD RB JJ SENT PP VBD DT NN NN IN DT NN SENT RB PDT DT NNS WDT VBP IN NN TO IN DT NN NN  DT CD VBZ TO VB RB CC PP VBZ VB TO PP$ NNS SENT DT NN VBD RB RB VBN IN DT NN WRB NNS VBP VBN IN PDT DT NNS SENT PP VBD RP IN NNS CC VBZ TO NP JJ NNS SENT PP$ RB JJ NP NN DT CD MD VB DT NN SENT RB JJ NN NN CC RB PP VBZ RB VBG WRB PP$ CD NN VBZ VBG IN DT VB PP$ NN CC CD NN VBZ SENT </pos></review>
