<?xml version="1.0" encoding="ISO-8859-1" standalone="no"?>
<!DOCTYPE review SYSTEM "derev.dtd">
<review ID="0230" title="AttheGatesofWalhalla" writer="JustenForge" author="KelliTriplett" date="August 8, 2012" stars="5" suspectbook="1" unknownpurchase="1" nickname="1" cluster="1" allcluesclass="0" threecluesclass="0" sumclues="4" realclass="2" fold="2"><object>Great read!</object><body>I really enjoyed this book a lot! It's very realistic and covers a lot of current issues like drugs,drug cartels, trafficking,ect. Since I love the shows, I could kind of compare some of it too Weeds and Breaking Bad, with a different twist. It was right up my alley and is definitely worth a read. The author writes his characters very well and has his own style. I'll look forward to more from Forge!</body><tokens>i really enjoyed this book a lot ! it 's very realistic and covers a lot of current issues like drugs , drug cartels , trafficking , ect . since i love the shows , i could kind of compare some of it too weeds and breaking bad , with a different twist . it was right up my alley and is definitely worth a read . the author writes his characters very well and has his own style . i 'll look forward to more from forge !</tokens><lemmas>i really enjoy this book a lot ! it be very realistic and cover a lot of current issue like drug , drug cartel , trafficking , &lt;unknown&gt; . since i love the show , i could kind of compare some of it too weed and break bad , with a different twist . it be right up my alley and be definitely worth a read . the author write his character very well and have his own style . i will look forward to more from forge ! </lemmas><pos>NP RB VBD DT NN DT NN SENT PP VBZ RB JJ CC VBZ DT NN IN JJ NNS IN NNS , NN NNS , NN , NN SENT IN NP VBP DT NNS , NP MD RB IN VB DT IN PP RB VBZ CC VBG JJ , IN DT JJ NN SENT PP VBD JJ IN PP$ NN CC VBZ RB JJ DT NN SENT DT NN VBZ PP$ NNS RB RB CC VBZ PP$ JJ NN SENT NP MD VB RB TO RBR IN VB SENT </pos></review>
