<?xml version="1.0" encoding="ISO-8859-1" standalone="no"?>
<!DOCTYPE review SYSTEM "derev.dtd">
<review ID="0235" title="AttheGatesofWalhalla" writer="JustenForge" author="Tigerman55" date="August 6, 2012" stars="5" suspectbook="1" unknownpurchase="1" nickname="1" cluster="1" allcluesclass="0" threecluesclass="0" sumclues="4" realclass="2" fold="7"><object>Tom Clancy in the making</object><body>Justen Forge book the Gates to Walhalla opens the covers to the possibility that there may well be more truth than fiction in it. It certainly shows a great deal of research on some of the many ways that drugs are transported around the country. There are also a lot of details concerning border controls and the situations that officers and men can find themselves in when carrying out their daily inspections. The book is filled with twists and turns that keeps the reader on edge. After the opening where Kurt is racked by guilt over his tragic loss, it takes time for the memory to fade. It is not until moving back some years later to his hometown and settling down, that one day he suddenly realises that his peaceful town is slowly being ruined by crime. He decides that the only way to solve the problem is by taking direct action. The idea of Kurt and his team of dedicated citizens taking the law into their own hands is not as far fetched, as some would believe. It has already happened in other countries. With the present break down in controlling the ever worsening drug situation, this story opens up all sorts of different scenarios. I love the way that Kurt returns home years later to help his long lost son in remembering who and what his father stood for. The situation where all the hidden trucks, drugs and money are found, and the subsequent meeting with others having the same tattoo, gives a clear indication that this incredible story may not yet be over.  All in all an excellent book, one that I found hard to put down. Who knows we may well have another budding Clancy on the scene.</body><tokens>justen forge book the gates to walhalla opens the covers to the possibility that there may well be more truth than fiction in it . it certainly shows a great deal of research on some of the many ways that drugs are transported around the country . there are also a lot of details concerning border controls and the situations that officers and men can find themselves in when carrying out their daily inspections . the book is filled with twists and turns that keeps the reader on edge . after the opening where kurt is racked by guilt over his tragic loss , it takes time for the memory to fade . it is not until moving back some years later to his hometown and settling down , that one day he suddenly realises that his peaceful town is slowly being ruined by crime . he decides that the only way to solve the problem is by taking direct action . the idea of kurt and his team of dedicated citizens taking the law into their own hands is not as far fetched , as some would believe . it has already happened in other countries . with the present break down in controlling the ever worsening drug situation , this story opens up all sorts of different scenarios . i love the way that kurt returns home years later to help his long lost son in remembering who and what his father stood for . the situation where all the hidden trucks , drugs and money are found , and the subsequent meeting with others having the same tattoo , gives a clear indication that this incredible story may not yet be over . all in all an excellent book , one that i found hard to put down . who knows we may well have another budding clancy on the scene .</tokens><lemmas>Justen forge book the gate to &lt;unknown&gt; open the cover to the possibility IN there may well be more truth than fiction in it . it certainly show a great deal of research on some of the many way IN drug be transport around the country . there be also a lot of detail concern border control and the situation IN officer and man can find themselves in when carry out their daily inspection . the book be fill with twist and turn that keep the reader on edge . after the opening where &lt;unknown&gt; be rack by guilt over his tragic loss , it take time for the memory to fade . it be not until move back some year later to his hometown and settle down , IN one day he suddenly realise IN his peaceful town be slowly be ruin by crime . he decide IN the only way to solve the problem be by take direct action . the idea of &lt;unknown&gt; and his team of dedicated citizen take the law into their own hand be not as far fetch , as some would believe . it have already happen in other country . with the present break down in control the ever worsen drug situation , this story open up all sort of different scenario . i love the way IN &lt;unknown&gt; return home year later to help his long lost son in remember who and what his father stand for . the situation where all the hidden truck , drug and money be find , and the subsequent meeting with other have the same tattoo , give a clear indication IN this incredible story may not yet be over . all in all an excellent book , one that i find hard to put down . who know we may well have another budding &lt;unknown&gt; on the scene . </lemmas><pos>NP NN NN DT NNS TO NN VBZ DT VBZ TO DT NN  EX MD RB VB JJR NN IN NN IN PP SENT PP RB VBZ DT JJ NN IN NN IN DT IN DT JJ NNS  NNS VBP VBN IN DT NN SENT EX VBP RB DT NN IN NNS VBG NN NNS CC DT NNS  NNS CC NNS MD VB PP IN WRB VBG RP PP$ JJ NNS SENT DT NN VBZ VBN IN NNS CC NNS WDT VBZ DT NN IN NN SENT IN DT NN WRB NN VBZ VBN IN NN IN PP$ JJ NN , PP VBZ NN IN DT NN TO VB SENT PP VBZ RB IN VBG RB DT NNS RBR TO PP$ NN CC VBG RB ,  CD NN PP RB VBZ  PP$ JJ NN VBZ RB VBG VBN IN NN SENT PP VBZ  DT JJ NN TO VB DT NN VBZ IN VBG JJ NN SENT DT NN IN NN CC PP$ NN IN JJ NNS VBG DT NN IN PP$ JJ NNS VBZ RB RB RB VBN , IN DT MD VB SENT PP VBZ RB VBN IN JJ NNS SENT IN DT JJ NN RB IN VBG DT RB VBG NN NN , DT NN VBZ RP DT NNS IN JJ NNS SENT NNS VBP DT NN  NN NNS NN NNS RBR TO VB PP$ JJ JJ NN IN VBG WP CC WP PP$ NN VBD IN SENT DT NN WRB PDT DT JJ NNS , NNS CC NN VBP VBN , CC DT JJ NN IN NNS VBG DT JJ NN , VBZ DT JJ NN  DT JJ NN MD RB RB VB RP SENT RB IN PDT DT JJ NN , CD WDT NP VBD RB TO VB RP SENT WP VBZ PP MD RB VB DT JJ NN IN DT NN SENT </pos></review>
