<?xml version="1.0" encoding="ISO-8859-1" standalone="no"?>
<!DOCTYPE review SYSTEM "derev.dtd">
<review ID="0234" title="AttheGatesofWalhalla" writer="JustenForge" author="GeneSmith" date="August 6, 2012" stars="5" suspectbook="1" unknownpurchase="1" nickname="1" cluster="1" allcluesclass="0" threecluesclass="0" sumclues="4" realclass="2" fold="6"><object>Riveting book</object><body>I really enjoyed reading this book.  Once you start reading this book, you simply cannot put it down.  The main character is Kurt, a border patrol officer, who is trying to rid his hometown Walhalla of drugs. The book goes from Mexico through the US up to the Canadian borders.  It is really relevant to the problems that we face on the borders today.  Really a great read if you enjoy action, mystery and adventure.  I would highly reccommend this book.</body><tokens>i really enjoyed reading this book . once you start reading this book , you simply cannot put it down . the main character is kurt , a border patrol officer , who is trying to rid his hometown walhalla of drugs . the book goes from mexico through the us up to the canadian borders . it is really relevant to the problems that we face on the borders today . really a great read if you enjoy action , mystery and adventure . i would highly reccommend this book .</tokens><lemmas>i really enjoy read this book . once you start read this book , you simply can put it down . the main character be &lt;unknown&gt; , a border patrol officer , who be try to rid his hometown &lt;unknown&gt; of drug . the book go from &lt;unknown&gt; through the us up to the Canadian border . it be really relevant to the problem that we face on the border today . really a great read if you enjoy action , mystery and adventure . i would highly &lt;unknown&gt; this book . </lemmas><pos>NP RB VBD VBG DT NN SENT RB PP VBP VBG DT NN , PP RB MD VB PP RP SENT DT JJ NN VBZ NN , DT NN NN NN , WP VBZ VBG TO VB PP$ NN NN IN NNS SENT DT NN VBZ IN NN IN DT PP RB TO DT JJ NNS SENT PP VBZ RB JJ TO DT NNS WDT PP VBP IN DT NNS NN SENT RB DT JJ NN IN PP VBP NN , NN CC NN SENT NP MD RB VB DT NN SENT </pos></review>
