<?xml version="1.0" encoding="ISO-8859-1" standalone="no"?>
<!DOCTYPE review SYSTEM "derev.dtd">
<review ID="0237" title="AttheGatesofWalhalla" writer="JustenForge" author="vickieb" date="August 5, 2012" stars="5" suspectbook="1" unknownpurchase="1" nickname="1" cluster="1" allcluesclass="0" threecluesclass="0" sumclues="4" realclass="2" fold="9"><object>At the Gates of Walhalla</object><body>I really liked this book about a border patrol officer and the ongoing problem of drug trafficking from Mexico into the US. This makes you think twice about things you really just push to the back of your mind in real life and kinda forget about because you think it doesn't concern you. This made for some interesting reading and the author manages to convey his story in a way that keeps you reading. Kudos to Justen Forge!</body><tokens>i really liked this book about a border patrol officer and the ongoing problem of drug trafficking from mexico into the us . this makes you think twice about things you really just push to the back of your mind in real life and kinda forget about because you think it does n't concern you . this made for some interesting reading and the author manages to convey his story in a way that keeps you reading . kudos to justen forge !</tokens><lemmas>i really like this book about a border patrol officer and the ongoing problem of drug trafficking from &lt;unknown&gt; into the us . this make you think twice about thing you really just push to the back of your mind in real life and kinda forget about because you think it do n't concern you . this make for some interesting reading and the author manage to convey his story in a way that keep you reading . kudos to &lt;unknown&gt; forge ! </lemmas><pos>NP RB VBD DT NN IN DT NN NN NN CC DT JJ NN IN NN NN IN NN IN DT PP SENT DT VBZ PP VBP RB IN NNS PP RB RB VB TO DT NN IN PP$ NN IN JJ NN CC RB VB RB IN PP VBP PP VBZ RB VB PP SENT DT VBN IN DT JJ NN CC DT NN VBZ TO VB PP$ NN IN DT NN WDT VBZ PP NN SENT NN TO VB VB SENT </pos></review>
