<?xml version="1.0" encoding="ISO-8859-1" standalone="no"?>
<!DOCTYPE review SYSTEM "derev.dtd">
<review ID="0236" title="AttheGatesofWalhalla" writer="JustenForge" author="LindaLee" date="August 5, 2012" stars="5" suspectbook="1" unknownpurchase="1" nickname="1" cluster="1" allcluesclass="0" threecluesclass="0" sumclues="4" realclass="2" fold="8"><object>Very, very good read!!!</object><body>In the beginning, I was a slightly concerned that this book was going to move a little slow, despite the fact that tragedy strikes quite early on. However, I found my concerns to be completely unfounded as the book turned out to be pretty exciting and difficult to put down. We are first introduced to our main character, Kurt Sorensen, on the Mexican border, where drug gangs and violence are the norm. When tragedy strikes, he decides to transfer to Walhalla, located in Canada, on the border with the United States. He was born there and feels like going home where he is certain that he will find peace and the healing that he needs. Unfortunately, the troubles follow and Kurt is forced to take some desperate measures and make some hard choices. I really enjoyed this book. The fact that I read it over the weekend says a lot. I simply didn't want to put it down until I was finished. There are times when the story flows along rather sleepily, but don't let your guard down. There will be times when you'll find yourself sitting on the edge of your seat. I readily recommend this book.</body><tokens>in the beginning , i was a slightly concerned that this book was going to move a little slow , despite the fact that tragedy strikes quite early on . however , i found my concerns to be completely unfounded as the book turned out to be pretty exciting and difficult to put down . we are first introduced to our main character , kurt sorensen , on the mexican border , where drug gangs and violence are the norm . when tragedy strikes , he decides to transfer to walhalla , located in canada , on the border with the united states . he was born there and feels like going home where he is certain that he will find peace and the healing that he needs . unfortunately , the troubles follow and kurt is forced to take some desperate measures and make some hard choices . i really enjoyed this book . the fact that i read it over the weekend says a lot . i simply did n't want to put it down until i was finished . there are times when the story flows along rather sleepily , but do n't let your guard down . there will be times when you 'll find yourself sitting on the edge of your seat . i readily recommend this book .</tokens><lemmas>in the beginning , i be a slightly concern IN this book be go to move a little slow , despite the fact IN tragedy strike quite early on . however , i find my concern to be completely unfounded as the book turn out to be pretty exciting and difficult to put down . we be first introduce to our main character , &lt;unknown&gt; &lt;unknown&gt; , on the Mexican border , where drug gang and violence be the norm . when tragedy strike , he decide to transfer to &lt;unknown&gt; , locate in &lt;unknown&gt; , on the border with the unite state . he be bear there and feel like go home where he be certain IN he will find peace and the healing IN he need . unfortunately , the trouble follow and &lt;unknown&gt; be force to take some desperate measure and make some hard choice . i really enjoy this book . the fact IN i read it over the weekend say a lot . i simply do n't want to put it down until i be finish . there be time when the story flow along rather sleepily , but do n't let your guard down . there will be time when you will find yourself sit on the edge of your seat . i readily recommend this book . </lemmas><pos>IN DT NN , NP VBD DT RB VBN  DT NN VBD VBG TO VB DT RB JJ , IN DT NN  NN NNS RB RB IN SENT RB , NP VBD PP$ NNS TO VB RB JJ IN DT NN VBD RP TO VB RB JJ CC JJ TO VB RP SENT PP VBP RB VBN TO PP$ JJ NN , NN NN , IN DT JJ NN , WRB NN NNS CC NN VBP DT NN SENT WRB NN NNS , PP VBZ TO VB TO NN , VBN IN NN , IN DT NN IN DT VBN NNS SENT PP VBD VBN RB CC VBZ IN VBG NN WRB PP VBZ JJ  PP MD VB NN CC DT NN  PP VBZ SENT RB , DT NNS VBP CC NN VBZ VBN TO VB DT JJ NNS CC VB DT JJ NNS SENT NP RB VBD DT NN SENT DT NN  NP VBD PP IN DT NN VBZ DT NN SENT NP RB VBD RB VB TO VB PP RP IN NP VBD VBN SENT EX VBP NNS WRB DT NN VBZ RP RB RB , CC VBP RB VB PP$ NN RB SENT EX MD VB NNS WRB PP MD VB PP VBG IN DT NN IN PP$ NN SENT NP RB VBP DT NN SENT </pos></review>
