<?xml version="1.0" encoding="ISO-8859-1" standalone="no"?>
<!DOCTYPE review SYSTEM "derev.dtd">
<review ID="0233" title="AttheGatesofWalhalla" writer="JustenForge" author="DeannaDeLong" date="August 6, 2012" stars="5" suspectbook="1" unknownpurchase="1" nickname="1" cluster="1" allcluesclass="0" threecluesclass="0" sumclues="4" realclass="2" fold="5"><object>Battleground of Good and Evil</object><body>At the Gates of Walhalla, by Justen Forge, is a crime drama turned conspiracy novel.  The book has a slow start and occasionally becomes bogged in detail, but eventually creates an exciting read with an interesting turn at the end.  The storyline deals with some very current issues involving drug trafficking on both northern and southern borders.  The main character, Kurt Sorenson, a border control agent, seems to incur more than his share of violence and tragedy.  His absence of depression / vengeance seems unbelievable if not unrealistic.  The story progression travels through some historical beliefs surrounding the Vikings and their gods.  The story provokes introspection and consideration that it may involve more fact than fiction.  Though I am not a proponent of vigilante justice, it is a compelling read and you may want to mark this author for future efforts.  I believe this book might have increased appeal for the male readership.</body><tokens>at the gates of walhalla , by justen forge , is a crime drama turned conspiracy novel . the book has a slow start and occasionally becomes bogged in detail , but eventually creates an exciting read with an interesting turn at the end . the storyline deals with some very current issues involving drug trafficking on both northern and southern borders . the main character , kurt sorenson , a border control agent , seems to incur more than his share of violence and tragedy . his absence of depression / vengeance seems unbelievable if not unrealistic . the story progression travels through some historical beliefs surrounding the vikings and their gods . the story provokes introspection and consideration that it may involve more fact than fiction . though i am not a proponent of vigilante justice , it is a compelling read and you may want to mark this author for future efforts . i believe this book might have increased appeal for the male readership .</tokens><lemmas>at the gate of &lt;unknown&gt; , by &lt;unknown&gt; forge , be a crime drama turn conspiracy novel . the book have a slow start and occasionally become bogged in detail , but eventually create an exciting read with an interesting turn at the end . the storyline deal with some very current issue involve drug trafficking on both northern and southern border . the main character , &lt;unknown&gt; &lt;unknown&gt; , a border control agent , seem to incur more than his share of violence and tragedy . his absence of depression / vengeance seem unbelievable if not unrealistic . the story progression travel through some historical belief surround the Viking and their god . the story provoke introspection and consideration IN it may involve more fact than fiction . though i be not a proponent of vigilante justice , it be a compelling read and you may want to mark this author for future effort . i believe this book might have increase appeal for the male readership . </lemmas><pos>IN DT NNS IN NN , IN NN NN , VBZ DT NN NN VBD NN NN SENT DT NN VBZ DT JJ NN CC RB VBZ RB IN NN , CC RB VBZ DT JJ NN IN DT JJ NN IN DT NN SENT DT NN NNS IN DT RB JJ NNS VBG NN NN IN DT JJ CC JJ NNS SENT DT JJ NN , NN NN , DT NN NN NN , VBZ TO VB JJR IN PP$ NN IN NN CC NN SENT PP$ NN IN NN SYM NN VBZ JJ IN RB JJ SENT DT NN NN VBZ IN DT JJ NNS VBG DT NNS CC PP$ NNS SENT DT NN VBZ NN CC NN  PP MD VB JJR NN IN NN SENT IN NP VBP RB DT NN IN NN NN , PP VBZ DT JJ NN CC PP MD VB TO VB DT NN IN JJ NNS SENT NNS VBP DT NN MD VB VBN NN IN DT JJ NN SENT </pos></review>
