<?xml version="1.0" encoding="ISO-8859-1" standalone="no"?>
<!DOCTYPE review SYSTEM "derev.dtd">
<review ID="0229" title="AttheGatesofWalhalla" writer="JustenForge" author="PennyYViaPenpoo" date="August 8, 2012" stars="4" suspectbook="1" unknownpurchase="1" nickname="0" cluster="1" allcluesclass="0" threecluesclass="0" sumclues="3" realclass="2" fold="1"><object>The Gates of Walhalla</object><body>What a rivetting story!  In the beginning you think it might be one of those slow reads, but it very quickly grabs you in and you are in the thick of what is going to happen next.  Kurt, a border patrol was thrown into a very incredible life.  What begins in a tragic start, ends in a most befitting way.  If you love great mysteries with turns and curves at every point, you will love this book and the ending is amazing.  This is a book that will keep you going until the end when all is revealed.  Happy Reading!</body><tokens>what a rivetting story ! in the beginning you think it might be one of those slow reads , but it very quickly grabs you in and you are in the thick of what is going to happen next . kurt , a border patrol was thrown into a very incredible life . what begins in a tragic start , ends in a most befitting way . if you love great mysteries with turns and curves at every point , you will love this book and the ending is amazing . this is a book that will keep you going until the end when all is revealed . happy reading !</tokens><lemmas>what a &lt;unknown&gt; story ! in the beginning you think it might be one of those slow read , but it very quickly grab you in and you be in the thick of what be go to happen next . &lt;unknown&gt; , a border patrol be throw into a very incredible life . what begin in a tragic start , end in a most befit way . if you love great mystery with turn and curve at every point , you will love this book and the ending be amazing . this be a book that will keep you go until the end when all be reveal . happy reading ! </lemmas><pos>WP DT NN NN SENT IN DT NN PP VBP PP MD VB CD IN DT JJ NNS , CC PP RB RB VBZ PP RP CC PP VBP IN DT JJ IN WP VBZ VBG TO VB JJ SENT NN , DT NN NN VBD VBN IN DT RB JJ NN SENT WP VBZ IN DT JJ NN , VBZ IN DT RBS VBG NN SENT IN PP VBP JJ NNS IN NNS CC NNS IN DT NN , PP MD VB DT NN CC DT NN VBZ JJ SENT DT VBZ DT NN WDT MD VB PP VBG IN DT NN WRB DT VBZ VBN SENT JJ NN SENT </pos></review>
