<?xml version="1.0" encoding="ISO-8859-1" standalone="no"?>
<!DOCTYPE review SYSTEM "derev.dtd">
<review ID="0240" title="AttheGatesofWalhalla" writer="JustenForge" author="LarryVFreeman" date="August 17, 2012" stars="5" suspectbook="1" unknownpurchase="1" nickname="0" cluster="1" allcluesclass="0" threecluesclass="0" sumclues="3" realclass="2" fold="2"><object>What a great book!</object><body>I picked up this book and began to read and I couldn't hardly put it down.  Everytime I had to go and eat or something I couldn't wait to pick it back up again.  This book was very well written and really kept my interest.  It really flows and brings bright pictures to mind!  The book has action, family values, camaraderie, work ethics and suspense.  You won't go wrong buying this book if you enjoy police type action dramas.</body><tokens>i picked up this book and began to read and i could n't hardly put it down . everytime i had to go and eat or something i could n't wait to pick it back up again . this book was very well written and really kept my interest . it really flows and brings bright pictures to mind ! the book has action , family values , camaraderie , work ethics and suspense . you wo n't go wrong buying this book if you enjoy police type action dramas .</tokens><lemmas>i pick up this book and begin to read and i could n't hardly put it down . &lt;unknown&gt; i have to go and eat or something i could n't wait to pick it back up again . this book be very well write and really keep my interest . it really flow and bring bright picture to mind ! the book have action , family value , camaraderie , work ethic and suspense . you wo n't go wrong buy this book if you enjoy police type action dramas . </lemmas><pos>NP VBD RP DT NN CC VBD TO VB CC NP MD RB RB VB PP RP SENT NP NP VBD TO VB CC VB CC NN NNS MD RB VB TO VB PP RB RB RB SENT DT NN VBD RB RB VBN CC RB VBD PP$ NN SENT PP RB VBZ CC VBZ JJ NNS TO VB SENT DT NN VBZ NN , NN NNS , NN , NN NNS CC NN SENT PP MD RB VB JJ VBG DT NN IN PP VBP NN NN NN NN SENT </pos></review>
