<?xml version="1.0" encoding="ISO-8859-1" standalone="no"?>
<!DOCTYPE review SYSTEM "derev.dtd">
<review ID="0245" title="AttheGatesofWalhalla" writer="JustenForge" author="SassySue" date="August 4, 2012" stars="5" suspectbook="1" unknownpurchase="1" nickname="1" cluster="1" allcluesclass="0" threecluesclass="0" sumclues="4" realclass="2" fold="7"><object>Awesome Read...At The Gates Of Walhalla  By  Justen Forge  eISBN: 978-0-9878872-0-7</object><body>This book follows Kurt a United States Border Patrol Officer,his wife Guadalupe a nurse, and two twin boys Matthew and Mark who just turns 8 years old.You are drawn into Kurt's perfect life, until a horrible accident happens.Kurt tries to stop the drug smuggling that is happening. One day Guadalupe and the twins go shopping for the twins birthday party, when on the way home she notices two large masked men on her right, and two on her left. She slowly tries to go to the far right lane, but these men wouldn't let her. They started shooting at her vehicle. Loud pops and cracks breaks the glass, the car still in gear rolls into the intersection,and was hit by another car. The men take off.Paramedics arrive victims taken to nearest hospital, Kurt is called. He thought about the good times his family had together..Finally the doctor tells Kurt the bad news, that his wife and son are deceased. Kurt is wondering about his other son, no one knows anything..Police tell Kurt that it appears to be a random accident.Kurt goes through an interesting journey to get justice..The author does a great job at writing this book, you feel like you are right there and can feel Kurt's pain.It is about good and evil, and people will do anything to get the drugs they want. And the innocent one's are the one's who pay the price, even some with their lives. A great storyline and is well written, and wonderful characters especially Kurt the hero of the book.This is a must read, this book keeps you very interested all the way through.</body><tokens>this book follows kurt a united states border patrol officer , his wife guadalupe a nurse , and two twin boys matthew and mark who just turns 8 years old . you are drawn into kurt 's perfect life , until a horrible accident happens . kurt tries to stop the drug smuggling that is happening . one day guadalupe and the twins go shopping for the twins birthday party , when on the way home she notices two large masked men on her right , and two on her left . she slowly tries to go to the far right lane , but these men would n't let her . they started shooting at her vehicle . loud pops and cracks breaks the glass , the car still in gear rolls into the intersection , and was hit by another car . the men take off . paramedics arrive victims taken to nearest hospital , kurt is called . he thought about the good times his family had together .. finally the doctor tells kurt the bad news , that his wife and son are deceased . kurt is wondering about his other son , no one knows anything .. police tell kurt that it appears to be a random accident . kurt goes through an interesting journey to get justice .. the author does a great job at writing this book , you feel like you are right there and can feel kurt 's pain . it is about good and evil , and people will do anything to get the drugs they want . and the innocent one 's are the one 's who pay the price , even some with their lives . a great storyline and is well written , and wonderful characters especially kurt the hero of the book . this is a must read , this book keeps you very interested all the way through .</tokens><lemmas>this book follow &lt;unknown&gt; a unite state border patrol officer , his wife &lt;unknown&gt; a nurse , and two twin boy &lt;unknown&gt; and mark who just turn 8 year old . you be draw into &lt;unknown&gt; 's perfect life , until a horrible accident happen . &lt;unknown&gt; try to stop the drug smuggling that be happen . one day &lt;unknown&gt; and the twin go shopping for the twin birthday party , when on the way home she notice two large masked man on her right , and two on her leave . she slowly try to go to the far right lane , but these man would n't let her . they start shoot at her vehicle . loud pop and crack break the glass , the car still in gear roll into the intersection , and be hit by another car . the man take off . paramedic arrive victim take to near hospital , &lt;unknown&gt; be call . he think about the good time his family have together ... finally the doctor tell &lt;unknown&gt; the bad news , IN his wife and son be decease . &lt;unknown&gt; be wonder about his other son , no one know anything ... police tell &lt;unknown&gt; IN it appear to be a random accident . &lt;unknown&gt; go through an interesting journey to get justice ... the author do a great job at write this book , you feel like you be right there and can feel &lt;unknown&gt; 's pain . it be about good and evil , and people will do anything to get the drug they want . and the innocent one 's be the one be who pay the price , even some with their life . a great storyline and be well write , and wonderful character especially &lt;unknown&gt; the hero of the book . this be a must read , this book keep you very interested all the way through . </lemmas><pos>DT NN VBZ NN DT VBN NNS NN NN NN , PP$ NN NN DT NN , CC CD JJ NNS NN CC NN WP RB VBZ CD NNS JJ SENT PP VBP VBN IN NN POS JJ NN , IN DT JJ NN VBZ SENT NN VBZ TO VB DT NN NN WDT VBZ VBG SENT CD NN NN CC DT NNS VBP NN IN DT NNS NN NN , WRB IN DT NN NN PP VBZ CD JJ JJ NNS IN PP$ NN , CC CD IN PP VBD SENT PP RB VBZ TO VB TO DT RB JJ NN , CC DT NNS MD RB VB PP SENT PP VBD VBG IN PP$ NN SENT JJ NNS CC NNS VBZ DT NN , DT NN RB IN NN NNS IN DT NN , CC VBD VBN IN DT NN SENT DT NNS VBP RP SENT NNS VBP NNS VBN TO JJS NN , NN VBZ VBN SENT PP VBD IN DT JJ NNS PP$ NN VBD RB : RB DT NN VBZ NN DT JJ NN ,  PP$ NN CC NN VBP VBN SENT NN VBZ VBG IN PP$ JJ NN , DT CD VBZ NN : NNS VBP NN  PP VBZ TO VB DT JJ NN SENT NN VBZ IN DT JJ NN TO VB NN : DT NN VBZ DT JJ NN IN VBG DT NN , PP VBP IN PP VBP RB RB CC MD VB NN POS NN SENT PP VBZ RB JJ CC JJ , CC NNS MD VB NN TO VB DT NNS PP VBP SENT CC DT JJ CD POS VBP DT CD VBZ WP VBP DT NN , RB DT IN PP$ NNS SENT DT JJ NN CC VBZ RB VBN , CC JJ NNS RB NN DT NN IN DT NN SENT DT VBZ DT MD VB , DT NN VBZ PP RB JJ PDT DT NN RB SENT </pos></review>
