<?xml version="1.0" encoding="ISO-8859-1" standalone="no"?>
<!DOCTYPE review SYSTEM "derev.dtd">
<review ID="0241" title="AttheGatesofWalhalla" writer="JustenForge" author="DianeM" date="August 16, 2012" stars="5" suspectbook="1" unknownpurchase="1" nickname="1" cluster="1" allcluesclass="0" threecluesclass="0" sumclues="4" realclass="2" fold="3"><object>I Could Have Read All Night</object><body>I could have read all night. But, even insomniacs need to get some sleep. This was the kind of book that made me wish I had nothing else in the world to do but read. The story was intriguing with a writing style that flowed like a gentle river. Descriptions were amazing in the pictures they made but they were crafted like poetry. The northern and southern borders of our country pose many problems. The characters in the book were charged with safety of the citizens on each side of the borders. Peppered with crime, trickery and evil, the bad was counterpointed with righteousness, dedication and goodness as the author constructed an amazing plot. Then, the forces of destruction impel decisions that cost live and leave other lives changed forever. As with events the real world, this fictional world reminds us that: Those who cannot remember the past are condemned to repeat it. George Santayana This a book that has followed me around and caused some thinking in directions not taken before. I not only recommend it, I encourage thoughtful readers to add it to their short list of books to read.</body><tokens>i could have read all night . but , even insomniacs need to get some sleep . this was the kind of book that made me wish i had nothing else in the world to do but read . the story was intriguing with a writing style that flowed like a gentle river . descriptions were amazing in the pictures they made but they were crafted like poetry . the northern and southern borders of our country pose many problems . the characters in the book were charged with safety of the citizens on each side of the borders . peppered with crime , trickery and evil , the bad was counterpointed with righteousness , dedication and goodness as the author constructed an amazing plot . then , the forces of destruction impel decisions that cost live and leave other lives changed forever . as with events the real world , this fictional world reminds us that : those who cannot remember the past are condemned to repeat it . george santayana this a book that has followed me around and caused some thinking in directions not taken before . i not only recommend it , i encourage thoughtful readers to add it to their short list of books to read .</tokens><lemmas>i could have read all night . but , even insomniac need to get some sleep . this be the kind of book that make me wish i have nothing else in the world to do but read . the story be intriguing with a writing style that flow like a gentle river . description be amazing in the picture they make but they be craft like poetry . the northern and southern border of our country pose many problem . the character in the book be charge with safety of the citizen on each side of the border . pepper with crime , trickery and evil , the bad be &lt;unknown&gt; with righteousness , dedication and goodness as the author construct an amazing plot . then , the force of destruction impel decision that cost live and leave other life change forever . as with event the real world , this fictional world remind us that : those who can remember the past be condemn to repeat it . George Santayana this a book that have follow me around and cause some thinking in direction not take before . i not only recommend it , i encourage thoughtful reader to add it to their short list of book to read . </lemmas><pos>NP MD VB VBN DT NN SENT CC , RB NNS VBP TO VB DT NN SENT DT VBD DT NN IN NN WDT VBD PP VBP NP VBD NN RB IN DT NN TO VB CC VB SENT DT NN VBD JJ IN DT NN NN WDT VBD IN DT JJ NN SENT NNS VBD JJ IN DT NNS PP VBD CC PP VBD VBN IN NN SENT DT JJ CC JJ NNS IN PP$ NN VB JJ NNS SENT DT NNS IN DT NN VBD VBN IN NN IN DT NNS IN DT NN IN DT NNS SENT VBN IN NN , NN CC NN , DT JJ VBD VBN IN NN , NN CC NN IN DT NN VBD DT JJ NN SENT RB , DT NNS IN NN VBP NNS WDT VBP VB CC VB JJ NNS VBN RB SENT RB IN NNS DT JJ NN , DT JJ NN VBZ PP RB : DT WP MD VB DT NN VBP VBN TO VB PP SENT NP NP DT DT NN WDT VBZ VBN PP RP CC VBD DT NN IN NNS RB VBN RB SENT NP RB RB VB PP , NNS VBP JJ NNS TO VB PP TO PP$ JJ NN IN NNS TO VB SENT </pos></review>
