<?xml version="1.0" encoding="ISO-8859-1" standalone="no"?>
<!DOCTYPE review SYSTEM "derev.dtd">
<review ID="0238" title="AttheGatesofWalhalla" writer="JustenForge" author="EricaMWilliamsErica" date="August 4, 2012" stars="5" suspectbook="1" unknownpurchase="1" nickname="1" cluster="1" allcluesclass="0" threecluesclass="0" sumclues="4" realclass="2" fold="0"><object>Really Great Read!</object><body>I honestly didn't think I would like this book very much, but turns out, it's quite a good book. The storyline and characters were great. It's about a border patrol agent who is unfortunately caught in between a drug war, between Canada and the US. I would recommend this book to everyone.</body><tokens>i honestly did n't think i would like this book very much , but turns out , it 's quite a good book . the storyline and characters were great . it 's about a border patrol agent who is unfortunately caught in between a drug war , between canada and the us . i would recommend this book to everyone .</tokens><lemmas>i honestly do n't think i would like this book very much , but turn out , it be quite a good book . the storyline and character be great . it be about a border patrol agent who be unfortunately catch in between a drug war , between &lt;unknown&gt; and the us . i would recommend this book to everyone . </lemmas><pos>NP RB VBD RB VB NP MD VB DT NN RB RB , CC VBZ RP , PP VBZ RB DT JJ NN SENT DT NN CC NNS VBD JJ SENT PP VBZ RB DT NN NN NN WP VBZ RB VBN IN IN DT NN NN , IN NN CC DT PP SENT NP MD VB DT NN TO NN SENT </pos></review>
