<?xml version="1.0" encoding="ISO-8859-1" standalone="no"?>
<!DOCTYPE review SYSTEM "derev.dtd">
<review ID="0242" title="AttheGatesofWalhalla" writer="JustenForge" author="KevinLFreemanKevin" date="August 15, 2012" stars="5" suspectbook="1" unknownpurchase="1" nickname="0" cluster="1" allcluesclass="0" threecluesclass="0" sumclues="3" realclass="2" fold="4"><object>Delightful!</object><body>&quot;At the Gates of Walhalla&quot; is a story that many of us can identify with, in our continually struggling world filled with unavoidable corruption and the rampant circulation of the very poisons that continue to drive it further into &quot;the abyss&quot;. Not only did I find this read a swiftly moving page-turner, but I found myself growing genuinely fond of the main characters who join together to fight an unbeatable enemy to preserve their families, friends, and rural border town from a corruption that runs far deeper than they had imagined. The most likeable character of all, Kurt Sorenson, is a rare breed of strong-willed and resolute men, strikingly reminiscent of George Washington in his unquenchable mission to make the world around him a better, safer place, even if it means dying in the process. &quot;At the Gates of Walhalla&quot; combines the action and intrigue of a Hollywood hit like The Substitute, and combines it with the values and patriotism that lend a great deal of credibility and believability to the characters, the dialogue, and the well timed plot. After reading this story, I find myself wishing to read more about the characters I got to know in its pages, and I hope to see this book's sequel on shelves and online in the near future. Many thanks to Justen Forge for producing such rich descriptions, painstaking accuracy and continuity, and an all-around 5 star read. At the risk of sounding like a salesman, this book is well worth the list price for anyone who enjoys a good action story. Delightful!</body><tokens>&quot; at the gates of walhalla &quot; is a story that many of us can identify with , in our continually struggling world filled with unavoidable corruption and the rampant circulation of the very poisons that continue to drive it further into &quot; the abyss &quot; . not only did i find this read a swiftly moving page-turner , but i found myself growing genuinely fond of the main characters who join together to fight an unbeatable enemy to preserve their families , friends , and rural border town from a corruption that runs far deeper than they had imagined . the most likeable character of all , kurt sorenson , is a rare breed of strong-willed and resolute men , strikingly reminiscent of george washington in his unquenchable mission to make the world around him a better , safer place , even if it means dying in the process . &quot; at the gates of walhalla &quot; combines the action and intrigue of a hollywood hit like the substitute , and combines it with the values and patriotism that lend a great deal of credibility and believability to the characters , the dialogue , and the well timed plot . after reading this story , i find myself wishing to read more about the characters i got to know in its pages , and i hope to see this book 's sequel on shelves and online in the near future . many thanks to justen forge for producing such rich descriptions , painstaking accuracy and continuity , and an all-around 5 star read . at the risk of sounding like a salesman , this book is well worth the list price for anyone who enjoys a good action story . delightful !</tokens><lemmas>&quot; at the gate of &lt;unknown&gt; &quot; be a story IN many of us can identify with , in our continually struggling world fill with unavoidable corruption and the rampant circulation of the very poison that continue to drive it further into &quot; the abyss &quot; . not only do i find this read a swiftly move &lt;unknown&gt; , but i find myself grow genuinely fond of the main character who join together to fight an unbeatable enemy to preserve their family , friend , and rural border town from a corruption that run far deep than they have imagine . the most likeable character of all , &lt;unknown&gt; &lt;unknown&gt; , be a rare breed of strong-willed and resolute man , strikingly reminiscent of &lt;unknown&gt; &lt;unknown&gt; in his unquenchable mission to make the world around him a good , safe place , even if it mean die in the process . &quot; at the gate of &lt;unknown&gt; &quot; combine the action and intrigue of a &lt;unknown&gt; hit like the substitute , and combine it with the value and patriotism that lend a great deal of credibility and believability to the character , the dialogue , and the well time plot . after read this story , i find myself wish to read more about the character i get to know in its page , and i hope to see this book 's sequel on shelf and online in the near future . many thank to &lt;unknown&gt; forge for produce such rich description , painstaking accuracy and continuity , and an all-around 5 star read . at the risk of sound like a salesman , this book be well worth the list price for anyone who enjoy a good action story . delightful ! </lemmas><pos>'' IN DT NNS IN NN `` VBZ DT NN  JJ IN PP MD VB IN , IN PP$ RB JJ NN VBN IN JJ NN CC DT JJ NN IN DT JJ NNS WDT VBP TO VB PP RBR IN `` DT NN '' SENT RB RB VBD NP VB DT VBP DT RB VBG NN , CC NP VBD PP VBG RB JJ IN DT JJ NNS WP VBP RB TO VB DT JJ NN TO VB PP$ NNS , NNS , CC JJ NN NN IN DT NN WDT VBZ RB JJR IN PP VBD VBN SENT DT RBS JJ NN IN DT , NN NN , VBZ DT JJ NN IN JJ CC JJ NNS , RB JJ IN NN NN IN PP$ JJ NN TO VB DT NN IN PP DT JJR , JJR NN , RB IN PP VBZ VBG IN DT NN SENT '' IN DT NNS IN NN `` VBZ DT NN CC NN IN DT NN VBN IN DT NN , CC VBZ PP IN DT NNS CC NN WDT VBP DT JJ NN IN NN CC NN TO DT NNS , DT NN , CC DT RB VBN NN SENT IN VBG DT NN , NNS VBP PP VBG TO VB JJR IN DT NNS NP VBD TO VB IN PP$ NNS , CC NP VBP TO VB DT NN POS NN IN NNS CC JJ IN DT JJ NN SENT JJ NNS TO VB VB IN VBG JJ JJ NNS , JJ NN CC NN , CC DT JJ CD NN NN SENT IN DT NN IN VBG IN DT NN , DT NN VBZ RB JJ DT NN NN IN NN WP VBZ DT JJ NN NN SENT JJ SENT </pos></review>
