<?xml version="1.0" encoding="ISO-8859-1" standalone="no"?>
<!DOCTYPE review SYSTEM "derev.dtd">
<review ID="0243" title="AttheGatesofWalhalla" writer="JustenForge" author="Gnome" date="August 9, 2012" stars="5" suspectbook="1" unknownpurchase="1" nickname="1" cluster="1" allcluesclass="0" threecluesclass="0" sumclues="4" realclass="2" fold="5"><object>Detailed</object><body>This was a great book; the amount of details concerning the situations was impressive.  I feel like I actually learned some things about drug cartels and other issues.  I love a book that draws you in, even when it's not something you would usually read, and this book was definitely one of those.  The beginning seems a little slow, but the story actually progresses at a nice rate.  I was never bored while reading this book.  Do yourself a favor, and read 'At the Gates of Walhalla' if my review, or anyone else's, has caught your attention.</body><tokens>this was a great book ; the amount of details concerning the situations was impressive . i feel like i actually learned some things about drug cartels and other issues . i love a book that draws you in , even when it 's not something you would usually read , and this book was definitely one of those . the beginning seems a little slow , but the story actually progresses at a nice rate . i was never bored while reading this book . do yourself a favor , and read &quot; at the gates of walhalla &quot; if my review , or anyone else 's , has caught your attention .</tokens><lemmas>this be a great book ; the amount of detail concern the situation be impressive . i feel like i actually learn some thing about drug cartel and other issue . i love a book that draw you in , even when it be not something you would usually read , and this book be definitely one of those . the beginning seem a little slow , but the story actually progress at a nice rate . i be never bore while read this book . do yourself a favor , and read &quot; at the gate of &lt;unknown&gt; &quot; if my review , or anyone else be , have catch your attention . </lemmas><pos>DT VBD DT JJ NN : DT NN IN NNS VBG DT NNS VBD JJ SENT NNS VBP IN NP RB VBD DT NNS IN NN NNS CC JJ NNS SENT NNS VBP DT NN WDT VBZ PP RP , RB WRB PP VBZ RB NN PP MD RB VB , CC DT NN VBD RB CD IN DT SENT DT NN VBZ DT RB JJ , CC DT NN RB VBZ IN DT JJ NN SENT NP VBD RB VBN IN VBG DT NN SENT VB PP DT NN , CC VB '' IN DT NNS IN NN '' IN PP$ NN , CC NN RB VBZ , VBZ VBN PP$ NN SENT </pos></review>
