<?xml version="1.0" encoding="ISO-8859-1" standalone="no"?>
<!DOCTYPE review SYSTEM "derev.dtd">
<review ID="0239" title="AttheGatesofWalhalla" writer="JustenForge" author="martins4unc" date="January 4, 2012" stars="5" suspectbook="1" unknownpurchase="1" nickname="1" cluster="1" allcluesclass="0" threecluesclass="0" sumclues="4" realclass="2" fold="1"><object>At the Gates of Walhalla</object><body>This is a compelling book about one man's fight against the drug lords and drug trafficking across the United Staes and Canadian borders. The main character Kurt is a border patrol officer. He innocently lends his work vehicle to his wife and sons to do some shopping across the border. Drug lords see the vehicle, and to set an example, they mercilessly kill his wife and one son while the other son disapears without a trace. Kurt moves on with his life but he never forgets. He becomes a true hero and leader in the fight against drugs and a force to be reckoned with. He eventually comes face to face with the man who has caused him so much pain in his life . The book has a nice twist at the end and was a very easy book to read. I couldn't put it down.</body><tokens>this is a compelling book about one man 's fight against the drug lords and drug trafficking across the united staes and canadian borders . the main character kurt is a border patrol officer . he innocently lends his work vehicle to his wife and sons to do some shopping across the border . drug lords see the vehicle , and to set an example , they mercilessly kill his wife and one son while the other son disapears without a trace . kurt moves on with his life but he never forgets . he becomes a true hero and leader in the fight against drugs and a force to be reckoned with . he eventually comes face to face with the man who has caused him so much pain in his life . the book has a nice twist at the end and was a very easy book to read . i could n't put it down .</tokens><lemmas>this be a compelling book about one man 's fight against the drug lord and drug trafficking across the unite &lt;unknown&gt; and Canadian border . the main character &lt;unknown&gt; be a border patrol officer . he innocently lend his work vehicle to his wife and son to do some shopping across the border . drug lord see the vehicle , and to set an example , they mercilessly kill his wife and one son while the other son &lt;unknown&gt; without a trace . &lt;unknown&gt; move on with his life but he never forget . he become a true hero and leader in the fight against drug and a force to be reckon with . he eventually come face to face with the man who have cause him so much pain in his life . the book have a nice twist at the end and be a very easy book to read . i could n't put it down . </lemmas><pos>DT VBZ DT JJ NN IN CD NN POS NN IN DT NN NNS CC NN NN IN DT VBN NNS CC JJ NNS SENT DT JJ NN NN VBZ DT NN NN NN SENT PP RB VBZ PP$ NN NN TO PP$ NN CC NNS TO VB DT NN IN DT NN SENT NN NNS VBP DT NN , CC TO VB DT NN , PP RB VBP PP$ NN CC CD NN IN DT JJ NN NNS IN DT NN SENT NN NNS IN IN PP$ NN CC PP RB VBZ SENT PP VBZ DT JJ NN CC NN IN DT NN IN NNS CC DT NN TO VB VBN IN SENT PP RB VBZ NN TO VB IN DT NN WP VBZ VBN PP IN JJ NN IN PP$ NN SENT DT NN VBZ DT JJ NN IN DT NN CC VBD DT RB JJ NN TO VB SENT NP MD RB VB PP RP SENT </pos></review>
