<?xml version="1.0" encoding="ISO-8859-1" standalone="no"?>
<!DOCTYPE review SYSTEM "derev.dtd">
<review ID="0247" title="AttheGatesofWalhalla" writer="JustenForge" author="ace717" date="February 25, 2012" stars="4" suspectbook="1" unknownpurchase="1" nickname="1" cluster="0" allcluesclass="0" threecluesclass="0" sumclues="3" realclass="2" fold="9"><object>law abiding citizen</object><body>When I first read the synopsis of &quot;At the Gates of Walhalla&quot; Kurt the main character reminded me or the character in Law Abiding Citizen played by Gerard Butler, intrigued I picked it up.  I was definitely not disappointed.  Kurt was dealt a crappy hand when he loses his family in what he believed was a random ambush and act of violence, and because of the seeming &quot;random&quot; ambush he returns home determined to leave the past behind him.  That doesn't last long and Kurt takes matters of justice into his own hands.  This thriller will keep you engrossed until the very end, where you may just have a new author to follow.  I enjoyed the modern (though set in the 80s) issues that the book was centered around, and the character development of Kurt.  I would recommend this to anyone who is looking for a good thriller and hero.</body><tokens>when i first read the synopsis of &quot; at the gates of walhalla &quot; kurt the main character reminded me or the character in law abiding citizen played by gerard butler , intrigued i picked it up . i was definitely not disappointed . kurt was dealt a crappy hand when he loses his family in what he believed was a random ambush and act of violence , and because of the seeming &quot; random &quot; ambush he returns home determined to leave the past behind him . that does n't last long and kurt takes matters of justice into his own hands . this thriller will keep you engrossed until the very end , where you may just have a new author to follow . i enjoyed the modern ( though set in the 80s ) issues that the book was centered around , and the character development of kurt . i would recommend this to anyone who is looking for a good thriller and hero .</tokens><lemmas>when i first read the synopsis of &quot; at the gate of &lt;unknown&gt; &quot; &lt;unknown&gt; the main character remind me or the character in law abiding citizen play by Gerard butler , intrigue i pick it up . i be definitely not disappoint . &lt;unknown&gt; be deal a &lt;unknown&gt; hand when he lose his family in what he believe be a random ambush and act of violence , and because of the seeming &quot; random &quot; ambush he return home determine to leave the past behind him . IN do n't last long and &lt;unknown&gt; take matter of justice into his own hand . this thriller will keep you engross until the very end , where you may just have a new author to follow . i enjoy the modern ( though set in the &lt;unknown&gt; ) issue IN the book be center around , and the character development of &lt;unknown&gt; . i would recommend this to anyone who be look for a good thriller and hero . </lemmas><pos>WRB NP RB VBD DT NN IN `` IN DT NNS IN NN '' NN DT JJ NN VBD PP CC DT NN IN NN JJ NN VBN IN NP NN , VBD NP VBD PP RP SENT NP VBD RB RB VBN SENT NN VBD VBN DT JJ NN WRB PP VBZ PP$ NN IN WP PP VBD VBD DT JJ NN CC NN IN NN , CC IN IN DT JJ `` JJ '' NN PP VBZ RB VBN TO VB DT NN IN PP SENT  VBZ RB JJ JJ CC NN VBZ NNS IN NN IN PP$ JJ NNS SENT DT NN MD VB PP VBN IN DT JJ NN , WRB PP MD RB VB DT JJ NN TO VB SENT NP VBD DT JJ ( RB VBN IN DT JJ ) NNS  DT NN VBD VBN RP , CC DT NN NN IN NN SENT NP MD VB DT TO NN WP VBZ VBG IN DT JJ NN CC NN SENT </pos></review>
