<?xml version="1.0" encoding="ISO-8859-1" standalone="no"?>
<!DOCTYPE review SYSTEM "derev.dtd">
<review ID="0246" title="AttheGatesofWalhalla" writer="JustenForge" author="JLNM" date="August 4, 2012" stars="5" suspectbook="1" unknownpurchase="1" nickname="1" cluster="1" allcluesclass="0" threecluesclass="0" sumclues="4" realclass="2" fold="8"><object>Great read</object><body>Great read! Whatever you would like to categorize this book.. action, thriller, conspiracy, adventure, drama, etc.. it is sure to be entertaining and engaging. For me, this book hit home and brings back the reality of drug wars/border-related problems, living in san diego close to the border. Living in a nice area makes life seem perfect but this book really makes me wonder what kind of things go on in the dark. So many injustices occurring behind closed doors, you really sympathize with what the protagonist has to go through and you can get quite angry too. As others have said, major theme is good vs evil</body><tokens>great read ! whatever you would like to categorize this book .. action , thriller , conspiracy , adventure , drama , etc .. it is sure to be entertaining and engaging . for me , this book hit home and brings back the reality of drug wars / border-related problems , living in san diego close to the border . living in a nice area makes life seem perfect but this book really makes me wonder what kind of things go on in the dark . so many injustices occurring behind closed doors , you really sympathize with what the protagonist has to go through and you can get quite angry too . as others have said , major theme is good vs evil</tokens><lemmas>great read ! whatever you would like to categorize this book ... action , thriller , conspiracy , adventure , drama , etc ... it be sure to be entertaining and engaging . for me , this book hit home and bring back the reality of drug war / &lt;unknown&gt; problem , live in &lt;unknown&gt; &lt;unknown&gt; close to the border . live in a nice area make life seem perfect but this book really make me wonder what kind of thing go on in the dark . so many injustice occur behind closed door , you really sympathize with what the protagonist have to go through and you can get quite angry too . as other have say , major theme be good vs evil </lemmas><pos>JJ NN SENT WDT PP MD VB TO VB DT NN : NN , NN , NN , NN , NN , FW : PP VBZ JJ TO VB JJ CC JJ SENT IN PP , DT NN VBD NN CC VBZ RB DT NN IN NN NNS SYM JJ NNS , VBG IN JJ NN NN TO DT NN SENT VBG IN DT JJ NN VBZ NN VB JJ CC DT NN RB VBZ PP VBP WP NN IN NNS VBP IN IN DT NN SENT IN JJ NNS VBG IN JJ NNS , PP RB VBP IN WP DT NN VBZ TO VB RP CC PP MD VB RB JJ RB SENT IN NNS VBP VBN , JJ NN VBZ JJ NP NN </pos></review>
