<?xml version="1.0" encoding="ISO-8859-1" standalone="no"?>
<!DOCTYPE review SYSTEM "derev.dtd">
<review ID="0244" title="AttheGatesofWalhalla" writer="JustenForge" author="Leanna" date="August 5, 2012" stars="4" suspectbook="1" unknownpurchase="1" nickname="1" cluster="1" allcluesclass="0" threecluesclass="0" sumclues="4" realclass="2" fold="6"><object>Intriguing and fast-paced read</object><body>At the Gates of Walhalla is a fast paced and intriguing read. The main character is a border patrol officer that encounters more than most people do in a lifetime. The story begins in Texas and ends up in Canada. The plot turns and story arcs are compelling and make for a quick read. It is a dense, detail-filled work, which at times could be whittled down a bit more, but all in all I loved the book. The story line is different and interesting, while touching on good and evil, it is not over the top. This book was obviously well thought-out and crafted. It peaked my interest while reading the summary, although I don't believe the summary does the story justice. The is depth and ingenuity in the book, it is definitely not a cookie cutter book. The story as well as its well-written ending left me interested in reading more from this author.</body><tokens>at the gates of walhalla is a fast paced and intriguing read . the main character is a border patrol officer that encounters more than most people do in a lifetime . the story begins in texas and ends up in canada . the plot turns and story arcs are compelling and make for a quick read . it is a dense , detail-filled work , which at times could be whittled down a bit more , but all in all i loved the book . the story line is different and interesting , while touching on good and evil , it is not over the top . this book was obviously well thought-out and crafted . it peaked my interest while reading the summary , although i do n't believe the summary does the story justice . the is depth and ingenuity in the book , it is definitely not a cookie cutter book . the story as well as its well-written ending left me interested in reading more from this author .</tokens><lemmas>at the gate of &lt;unknown&gt; be a fast pace and intriguing read . the main character be a border patrol officer that encounter more than most people do in a lifetime . the story begin in &lt;unknown&gt; and end up in &lt;unknown&gt; . the plot turn and story arc be compelling and make for a quick read . it be a dense , &lt;unknown&gt; work , which at time could be whittle down a bit more , but all in all i love the book . the story line be different and interesting , while touch on good and evil , it be not over the top . this book be obviously well thought-out and craft . it peak my interest while read the summary , although i do n't believe the summary do the story justice . the be depth and ingenuity in the book , it be definitely not a cookie cutter book . the story as well as its well-write ending leave me interested in read more from this author . </lemmas><pos>IN DT NNS IN NN VBZ DT RB VBN CC JJ NN SENT DT JJ NN VBZ DT NN NN NN WDT VBZ JJR IN JJS NNS VBP IN DT NN SENT DT NN VBZ IN NNS CC VBZ RP IN NN SENT DT NN VBZ CC NN NNS VBP JJ CC VB IN DT JJ NN SENT PP VBZ DT JJ , JJ NN , WDT IN NNS MD VB VBN RP DT NN RBR , CC DT IN DT NP VBD DT NN SENT DT NN NN VBZ JJ CC JJ , IN VBG IN JJ CC JJ , PP VBZ RB IN DT NN SENT DT NN VBD RB RB JJ CC VBN SENT PP VBD PP$ NN IN VBG DT NN , IN NP VBP RB VB DT NN VBZ DT NN NN SENT DT VBZ NN CC NN IN DT NN , PP VBZ RB RB DT NN NN NN SENT DT NN RB RB IN PP$ VBN NN VBD PP JJ IN VBG JJR IN DT NN SENT </pos></review>
