<?xml version="1.0" encoding="ISO-8859-1" standalone="no"?>
<!DOCTYPE review SYSTEM "derev.dtd">
<review ID="0250" title="AttheGatesofWalhalla" writer="JustenForge" author="LeeMerrin" date="September 12, 2012" stars="5" suspectbook="1" unknownpurchase="1" nickname="1" cluster="1" allcluesclass="0" threecluesclass="0" sumclues="4" realclass="2" fold="2"><object>Great Movie!</object><body>Tagging this for a movie! Scenes move fast, suspenseful. Would like to see this developed for a major motion picture. Secondarily, the book can be used as the basis for a TV series!</body><tokens>tagging this for a movie ! scenes move fast , suspenseful . would like to see this developed for a major motion picture . secondarily , the book can be used as the basis for a tv series !</tokens><lemmas>tag this for a movie ! scene move fast , suspenseful . would like to see this develop for a major motion picture . secondarily , the book can be use as the basis for a tv series ! </lemmas><pos>VBG DT IN DT NN SENT NNS VBP RB , JJ SENT MD VB TO VB DT VBN IN DT JJ NN NN SENT RB , DT NN MD VB VBN IN DT NN IN DT NN NN SENT </pos></review>
