<?xml version="1.0" encoding="ISO-8859-1" standalone="no"?>
<!DOCTYPE review SYSTEM "derev.dtd">
<review ID="0248" title="AttheGatesofWalhalla" writer="JustenForge" author="Alicia" date="January 28, 2012" stars="4" suspectbook="1" unknownpurchase="1" nickname="1" cluster="0" allcluesclass="0" threecluesclass="0" sumclues="3" realclass="2" fold="0"><object>Great Book</object><body>While the beginning of the book was a little slow, it provides most of the information you need to know to understand the plot later. You can tell that a lot of research went into writing this book. It is interesting the journey that the main character Kurt goes through to get justice. The fast pace at the end was great and made me really want to read on to see what was going to happen next!</body><tokens>while the beginning of the book was a little slow , it provides most of the information you need to know to understand the plot later . you can tell that a lot of research went into writing this book . it is interesting the journey that the main character kurt goes through to get justice . the fast pace at the end was great and made me really want to read on to see what was going to happen next !</tokens><lemmas>while the beginning of the book be a little slow , it provide most of the information you need to know to understand the plot later . you can tell IN a lot of research go into write this book . it be interest the journey IN the main character &lt;unknown&gt; go through to get justice . the fast pace at the end be great and make me really want to read on to see what be go to happen next ! </lemmas><pos>IN DT NN IN DT NN VBD DT RB JJ , PP VBZ RBS IN DT NN PP VBP TO VB TO VB DT NN RBR SENT PP MD VB  DT NN IN NN VBD IN VBG DT NN SENT PP VBZ VBG DT NN  DT JJ NN NN VBZ RP TO VB NN SENT DT JJ NN IN DT NN VBD JJ CC VBD PP RB VBP TO VB IN TO VB WP VBD VBG TO VB JJ SENT </pos></review>
