<?xml version="1.0" encoding="ISO-8859-1" standalone="no"?>
<!DOCTYPE review SYSTEM "derev.dtd">
<review ID="0255" title="AttheGatesofWalhalla" writer="JustenForge" author="LatonyaLewissesynurse" date="December 31, 2011" stars="5" suspectbook="1" unknownpurchase="1" nickname="0" cluster="1" allcluesclass="0" threecluesclass="0" sumclues="3" realclass="2" fold="7"><object>The Tides of Evil are Steady and Swift....</object><body>The main character allows himself to let his guard down and take a moment to enjoy his life and &quot;happy existence&quot; Having forgotten, Evil has always lived right around the corner. When Evil introduces itself to him through an unthinkable tragedy, he tries to run. Run from Evil? Where? Where in the world does Evil not exist? Kurt quickly finds out, Evil exists everywhere, and running from it, is not an option. A great read. Character development is always key. The author has done an amazing job in allowing the reader to escape into his &quot;mind&quot;.</body><tokens>the main character allows himself to let his guard down and take a moment to enjoy his life and &quot; happy existence &quot; having forgotten , evil has always lived right around the corner . when evil introduces itself to him through an unthinkable tragedy , he tries to run . run from evil ? where ? where in the world does evil not exist ? kurt quickly finds out , evil exists everywhere , and running from it , is not an option . a great read . character development is always key . the author has done an amazing job in allowing the reader to escape into his &quot; mind &quot; .</tokens><lemmas>the main character allow himself to let his guard down and take a moment to enjoy his life and &quot; happy existence &quot; have forget , evil have always live right around the corner . when evil introduce itself to him through an unthinkable tragedy , he try to run . run from evil ? where ? where in the world do evil not exist ? &lt;unknown&gt; quickly find out , evil exist everywhere , and run from it , be not an option . a great read . character development be always key . the author have do an amazing job in allow the reader to escape into his &quot; mind &quot; . </lemmas><pos>DT JJ NN VBZ PP TO VB PP$ NN RP CC VB DT NN TO VB PP$ NN CC `` JJ NN '' VBG VBN , NN VBZ RB VBN RB IN DT NN SENT WRB NN VBZ PP TO PP IN DT JJ NN , PP VBZ TO VB SENT VBN IN NN SENT WRB SENT WRB IN DT NN VBZ RB RB VB SENT NN RB VBZ RP , RB VBZ RB , CC VBG IN PP , VBZ RB DT NN SENT DT JJ NN SENT NN NN VBZ RB JJ SENT DT NN VBZ VBN DT JJ NN IN VBG DT NN TO VB IN PP$ `` NN '' SENT </pos></review>
