<?xml version="1.0" encoding="ISO-8859-1" standalone="no"?>
<!DOCTYPE review SYSTEM "derev.dtd">
<review ID="0256" title="AttheGatesofWalhalla" writer="JustenForge" author="ginagina24" date="December 31, 2011" stars="5" suspectbook="1" unknownpurchase="1" nickname="1" cluster="1" allcluesclass="0" threecluesclass="0" sumclues="4" realclass="2" fold="8"><object>LOVED IT!</object><body>This book will engage you from beginning to end following the life the main character Kurt. It kind of reminds me of the TV show 'Breaking Bad' with all the twists, turns, and forever guessing what may happen next. This book was extremely hard to put down at times. If you love to read/ watch shows that are action pack and keep you on the edge of your seat - this book is for you!!</body><tokens>this book will engage you from beginning to end following the life the main character kurt . it kind of reminds me of the tv show &quot; breaking bad &quot; with all the twists , turns , and forever guessing what may happen next . this book was extremely hard to put down at times . if you love to read / watch shows that are action pack and keep you on the edge of your seat - this book is for you !!</tokens><lemmas>this book will engage you from begin to end follow the life the main character &lt;unknown&gt; . it kind of remind me of the tv show &quot; break bad &quot; with all the twist , turn , and forever guess what may happen next . this book be extremely hard to put down at time . if you love to read / watch show that be action pack and keep you on the edge of your seat - this book be for you &lt;unknown&gt; </lemmas><pos>DT NN MD VB PP IN VBG TO VB VBG DT NN DT JJ NN NN SENT PP RB IN VBZ PP IN DT NN NN '' VBG JJ '' IN PDT DT NNS , VBZ , CC RB VBG WP MD VB JJ SENT DT NN VBD RB JJ TO VB RP IN NNS SENT IN PP VBP TO VB SYM NN NNS WDT VBP NN NN CC VB PP IN DT NN IN PP$ NN : DT NN VBZ IN PP JJ </pos></review>
