<?xml version="1.0" encoding="ISO-8859-1" standalone="no"?>
<!DOCTYPE review SYSTEM "derev.dtd">
<review ID="0251" title="AttheGatesofWalhalla" writer="JustenForge" author="Horsepeople" date="January 3, 2012" stars="4" suspectbook="1" unknownpurchase="1" nickname="1" cluster="1" allcluesclass="0" threecluesclass="0" sumclues="4" realclass="2" fold="3"><object>Captivating</object><body>At the Gates of Walalla by Justen Forge is a beautifully written thriller about Kurt Sorensen, a U.S. Border Patrol agent in Texas who finds himself starting over in his Canadian hometown after his life is forever altered by the murders of his wife and 2 sons.  Kurt quickly finds out that the crimes of the Mexican drug cartels reach further than just the southern border of the U.S.  This story is a thriller with the added feature of focusing on an issue that the U.S. is currently facing. Many books of this genre use plain, unembellished language, but Mr. Forge takes the time in his writing to clearly describe the setting while keeping the action going.  While I have never been to Canada, I felt like I could visualize the bleakness of the winters there.  The characters are well developed and there are twists and turns that I never saw coming.  I don't normally root for vigilantes, but I couldn't help pulling for Kurt to win the war against drugs and corrupt government.  The author obviously researched the facts before he added them to this work of fiction.  This is an entertaining and thought provoking book.</body><tokens>at the gates of walalla by justen forge is a beautifully written thriller about kurt sorensen , a u . s . border patrol agent in texas who finds himself starting over in his canadian hometown after his life is forever altered by the murders of his wife and 2 sons . kurt quickly finds out that the crimes of the mexican drug cartels reach further than just the southern border of the u . s . this story is a thriller with the added feature of focusing on an issue that the u . s . is currently facing . many books of this genre use plain , unembellished language , but mr . forge takes the time in his writing to clearly describe the setting while keeping the action going . while i have never been to canada , i felt like i could visualize the bleakness of the winters there . the characters are well developed and there are twists and turns that i never saw coming . i do n't normally root for vigilantes , but i could n't help pulling for kurt to win the war against drugs and corrupt government . the author obviously researched the facts before he added them to this work of fiction . this is an entertaining and thought provoking book .</tokens><lemmas>at the gate of &lt;unknown&gt; by &lt;unknown&gt; forge be a beautifully write thriller about &lt;unknown&gt; &lt;unknown&gt; , a u . &lt;unknown&gt; . border patrol agent in &lt;unknown&gt; who find himself start over in his Canadian hometown after his life be forever alter by the murder of his wife and 2 son . &lt;unknown&gt; quickly find out IN the crime of the Mexican drug cartel reach further than just the southern border of the u . &lt;unknown&gt; . this story be a thriller with the added feature of focus on an issue IN the u . &lt;unknown&gt; . be currently face . many book of this genre use plain , &lt;unknown&gt; language , but Mr . forge take the time in his writing to clearly describe the setting while keep the action go . while i have never be to Canada , i feel like i could visualize the bleakness of the winter there . the character be well develop and there be twist and turn IN i never see come . i do n't normally root for vigilante , but i could n't help pull for &lt;unknown&gt; to win the war against drug and corrupt government . the author obviously research the fact before he add them to this work of fiction . this be an entertaining and think provoking book . </lemmas><pos>IN DT NNS IN NN IN NN NN VBZ DT RB VBN NN IN NN NN , DT NN SENT NNS SENT NN NN NN IN NNS WP VBZ PP VBG RP IN PP$ JJ NN IN PP$ NN VBZ RB VBN IN DT NNS IN PP$ NN CC CD NNS SENT NN RB VBZ RP  DT NNS IN DT JJ NN NNS VBP RBR IN RB DT JJ NN IN DT NN SENT NNS SENT DT NN VBZ DT NN IN DT JJ NN IN VBG IN DT NN  DT NN SENT NNS SENT VBZ RB VBG SENT JJ NNS IN DT NN NN JJ , JJ NN , CC NN SENT NN VBZ DT NN IN PP$ NN TO RB VB DT NN IN VBG DT NN VBG SENT IN NP VBP RB VBN TO NP , NP VBD IN NP MD VB DT NN IN DT NNS RB SENT DT NNS VBP RB VBN CC EX VBP NNS CC VBZ  NP RB VBD VBG SENT NNS VBP RB RB VB IN NNS , CC NP MD RB VB VBG IN NN TO VB DT NN IN NNS CC JJ NN SENT DT NN RB VBD DT NNS IN PP VBD PP TO DT NN IN NN SENT DT VBZ DT JJ CC VBD JJ NN SENT </pos></review>
