<?xml version="1.0" encoding="ISO-8859-1" standalone="no"?>
<!DOCTYPE review SYSTEM "derev.dtd">
<review ID="0254" title="AttheGatesofWalhalla" writer="JustenForge" author="pixiep" date="September 3, 2012" stars="4" suspectbook="1" unknownpurchase="1" nickname="1" cluster="1" allcluesclass="0" threecluesclass="0" sumclues="4" realclass="2" fold="6"><object>Well Worth Reading!</object><body>I don't want to give anything about the book away but I loved the characters and the plot. This was an easy book to read.  You will love the rich descriptions of the Canadian area. It was fast-paced and entertaining.  This is one of the best books I have read  I couldn't wait to see what happened next. I highly recommend it.</body><tokens>i do n't want to give anything about the book away but i loved the characters and the plot . this was an easy book to read . you will love the rich descriptions of the canadian area . it was fast-paced and entertaining . this is one of the best books i have read i could n't wait to see what happened next . i highly recommend it .</tokens><lemmas>i do n't want to give anything about the book away but i love the character and the plot . this be an easy book to read . you will love the rich description of the Canadian area . it be fast-paced and entertaining . this be one of the good book i have read i could n't wait to see what happen next . i highly recommend it . </lemmas><pos>NNS VBP RB VB TO VB NN IN DT NN RB CC NP VBD DT NNS CC DT NN SENT DT VBD DT JJ NN TO VB SENT PP MD VB DT JJ NNS IN DT JJ NN SENT PP VBD JJ CC JJ SENT DT VBZ CD IN DT JJS NNS NNS VBP VBN NP MD RB VB TO VB WP VBD JJ SENT NP RB VB PP SENT </pos></review>
