<?xml version="1.0" encoding="ISO-8859-1" standalone="no"?>
<!DOCTYPE review SYSTEM "derev.dtd">
<review ID="0257" title="AttheGatesofWalhalla" writer="JustenForge" author="bookreader" date="December 30, 2011" stars="5" suspectbook="1" unknownpurchase="1" nickname="1" cluster="1" allcluesclass="0" threecluesclass="0" sumclues="4" realclass="2" fold="9"><object>great book</object><body>This book is a great read from start to finish. It's about drugs coming in from Mexico into the southern part of the United States in Texas. Some of the drugs are traveling from Mexico into the United Sates north to destinations in Canada. If there happens to be demand for illegal drugs people are going to find a way for them to reach their customers even if it involves violence and corruption. The Canadian government is secretly allowing the drugs to come into the country for cash and the drug dealers are getting cash. The main character Kurt tries to end the drugs coming into Canada. Especially the local town where drugs have created all sorts of problems in society. He forms a small secret army to stop the drugs coming in through by using violence and covers it all up from the authorities. The town becomes successful but in a few years drugs start flowing back in which leads the town to see problems again.</body><tokens>this book is a great read from start to finish . it 's about drugs coming in from mexico into the southern part of the united states in texas . some of the drugs are traveling from mexico into the united sates north to destinations in canada . if there happens to be demand for illegal drugs people are going to find a way for them to reach their customers even if it involves violence and corruption . the canadian government is secretly allowing the drugs to come into the country for cash and the drug dealers are getting cash . the main character kurt tries to end the drugs coming into canada . especially the local town where drugs have created all sorts of problems in society . he forms a small secret army to stop the drugs coming in through by using violence and covers it all up from the authorities . the town becomes successful but in a few years drugs start flowing back in which leads the town to see problems again .</tokens><lemmas>this book be a great read from start to finish . it be about drug come in from &lt;unknown&gt; into the southern part of the unite state in &lt;unknown&gt; . some of the drug be travel from &lt;unknown&gt; into the united sate north to destination in &lt;unknown&gt; . if there happen to be demand for illegal drug people be go to find a way for them to reach their customer even if it involve violence and corruption . the Canadian government be secretly allow the drug to come into the country for cash and the drug dealer be get cash . the main character &lt;unknown&gt; try to end the drug come into &lt;unknown&gt; . especially the local town where drug have create all sort of problem in society . he form a small secret army to stop the drug come in through by use violence and cover it all up from the authority . the town become successful but in a few year drug start flowing back in which lead the town to see problem again . </lemmas><pos>DT NN VBZ DT JJ NN IN NN TO VB SENT PP VBZ IN NNS VBG IN IN NN IN DT JJ NN IN DT VBN NNS IN NNS SENT DT IN DT NNS VBP VBG IN NN IN DT JJ VBZ RB TO NNS IN NN SENT IN EX VBZ TO VB NN IN JJ NNS NNS VBP VBG TO VB DT NN IN PP TO VB PP$ NNS RB IN PP VBZ NN CC NN SENT DT JJ NN VBZ RB VBG DT NNS TO VB IN DT NN IN NN CC DT NN NNS VBP VBG NN SENT DT JJ NN NN VBZ TO VB DT NNS VBG IN NN SENT RB DT JJ NN WRB NNS VBP VBN DT NNS IN NNS IN NN SENT PP VBZ DT JJ JJ NN TO VB DT NNS VBG IN RB IN VBG NN CC VBZ PP DT RP IN DT NNS SENT DT NN VBZ JJ CC IN DT JJ NNS NNS VBP JJ NN IN WDT VBZ DT NN TO VB NNS RB SENT </pos></review>
