<?xml version="1.0" encoding="ISO-8859-1" standalone="no"?>
<!DOCTYPE review SYSTEM "derev.dtd">
<review ID="0252" title="AttheGatesofWalhalla" writer="JustenForge" author="GamesBond" date="September 20, 2012" stars="4" suspectbook="1" unknownpurchase="1" nickname="1" cluster="1" allcluesclass="0" threecluesclass="0" sumclues="4" realclass="2" fold="4"><object>What a great little book!. Has a message for the masses</object><body>When i started to read this book -  At the Gates of Walhalla , i didn't quite like the way author handled the first chapter. Without spoiling the suspense, all I can say that it was abrupt and hits you right in the face. but when you slowly get into the story it matures and develops like a fine wine. I really loved the potrayal of the good-vs-evil notion and the twists definitely take your breath away. I have seen many authors rush to complete the ending but i really liked the way Justen has managed to close the story and do it so effortlessly. it was quite enjoyable to see that. This book provides insight into the drug cartel and how they have invaded Mexico, the US and Canada. While there is a great discussion about these three locations and how the drugs and money travel back and forth there is also the element of a person's life and what goes along with this type of job.You can tell Justen has experience in the area or at least has done lots of research. I did enjoy the parts where the drug raids occurred. When they would capture a truck at the border and how they would inspect it using dogs, and various forms of equipment was very good reading.I could feel Kurt's pain as I was reading. Justen does a great job of developing his characters and keeping the story moving along at a pace that felt just right for me, personally. I would classify this book as a thriller, but it is so much more than that, it creates an underlying message on good vs. evil. A great read for any thriller or crime drama lover!</body><tokens>when i started to read this book - at the gates of walhalla , i did n't quite like the way author handled the first chapter . without spoiling the suspense , all i can say that it was abrupt and hits you right in the face . but when you slowly get into the story it matures and develops like a fine wine . i really loved the potrayal of the good-vs-evil notion and the twists definitely take your breath away . i have seen many authors rush to complete the ending but i really liked the way justen has managed to close the story and do it so effortlessly . it was quite enjoyable to see that . this book provides insight into the drug cartel and how they have invaded mexico , the us and canada . while there is a great discussion about these three locations and how the drugs and money travel back and forth there is also the element of a person 's life and what goes along with this type of job . you can tell justen has experience in the area or at least has done lots of research . i did enjoy the parts where the drug raids occurred . when they would capture a truck at the border and how they would inspect it using dogs , and various forms of equipment was very good reading . i could feel kurt 's pain as i was reading . justen does a great job of developing his characters and keeping the story moving along at a pace that felt just right for me , personally . i would classify this book as a thriller , but it is so much more than that , it creates an underlying message on good vs . evil . a great read for any thriller or crime drama lover !</tokens><lemmas>when i start to read this book - at the gate of &lt;unknown&gt; , i do n't quite like the way author handle the first chapter . without spoil the suspense , all i can say IN it be abrupt and hit you right in the face . but when you slowly get into the story it mature and develop like a fine wine . i really love the &lt;unknown&gt; of the &lt;unknown&gt; notion and the twist definitely take your breath away . i have see many author rush to complete the end but i really like the way &lt;unknown&gt; have manage to close the story and do it so effortlessly . it be quite enjoyable to see that . this book provide insight into the drug cartel and how they have invade &lt;unknown&gt; , the us and Canada . while there be a great discussion about these three location and how the drug and money travel back and forth there be also the element of a person 's life and what go along with this type of job . you can tell &lt;unknown&gt; have experience in the area or at least have do lot of research . i do enjoy the part where the drug raid occur . when they would capture a truck at the border and how they would inspect it use dog , and various form of equipment be very good reading . i could feel &lt;unknown&gt; 's pain as i be read . Justen do a great job of develop his character and keep the story move along at a pace that feel just right for me , personally . i would classify this book as a thriller , but it be so much more than that , it create an underlie message on good vs . evil . a great read for any thriller or crime drama lover ! </lemmas><pos>WRB NP VBD TO VB DT NN : IN DT NNS IN NN , NP VBD RB RB IN DT NN NN VBD DT JJ NN SENT IN VBG DT NN , DT NP MD VB  PP VBD JJ CC VBZ PP RB IN DT NN SENT CC WRB PP RB VBP IN DT NN PP VBZ CC VBZ IN DT JJ NN SENT NP RB VBD DT NN IN DT NN NN CC DT VBZ RB VB PP$ NN RB SENT NNS VBP VBN JJ NNS VBP TO VB DT VBG CC NP RB VBD DT NN NN VBZ VBN TO VB DT NN CC VB PP RB RB SENT PP VBD RB JJ TO VB DT SENT DT NN VBZ NN IN DT NN NN CC WRB PP VBP VBN NN , DT PP CC NP SENT IN EX VBZ DT JJ NN IN DT CD NNS CC WRB DT NNS CC NN NN RB CC RB EX VBZ RB DT NN IN DT NN POS NN CC WP VBZ RP IN DT NN IN NN SENT PP MD VB NN VBZ NN IN DT NN CC IN JJS VBZ VBN NNS IN NN SENT NP VBD VB DT NNS WRB DT NN NNS VBD SENT WRB PP MD VB DT NN IN DT NN CC WRB PP MD VB PP VBG NNS , CC JJ NNS IN NN VBD RB JJ NN SENT NP MD VB NN POS NN IN NP VBD VBG SENT NP VBZ DT JJ NN IN VBG PP$ NNS CC VBG DT NN VBG RP IN DT NN WDT VBD RB RB IN PP , RB SENT NP MD VB DT NN IN DT NN , CC PP VBZ RB RB JJR IN DT , PP VBZ DT VBG NN IN JJ NP SENT JJ SENT DT JJ NN IN DT NN CC NN NN NN SENT </pos></review>
