<?xml version="1.0" encoding="ISO-8859-1" standalone="no"?>
<!DOCTYPE review SYSTEM "derev.dtd">
<review ID="0253" title="AttheGatesofWalhalla" writer="JustenForge" author="yolo" date="September 7, 2012" stars="4" suspectbook="1" unknownpurchase="1" nickname="1" cluster="0" allcluesclass="0" threecluesclass="0" sumclues="3" realclass="2" fold="5"><object>tumultuous action that does not stop</object><body>As I began reading, I hoped to understand Kurt and the family man he is. Then that was all ripped to shreds as disaster struck and Kurt was left alone. The fact that the drug war is here is no surprise. The story continues to evolve as mysteries are unraveled and questions are asked. He finds difficulties along the way but finds himself with some help to preserve beauty in Walhalla. Fast forward to the year 2020 and Jason discovers that some things never change and continues the battle to stem the tide of smuggled drugs.</body><tokens>as i began reading , i hoped to understand kurt and the family man he is . then that was all ripped to shreds as disaster struck and kurt was left alone . the fact that the drug war is here is no surprise . the story continues to evolve as mysteries are unraveled and questions are asked . he finds difficulties along the way but finds himself with some help to preserve beauty in walhalla . fast forward to the year 2020 and jason discovers that some things never change and continues the battle to stem the tide of smuggled drugs .</tokens><lemmas>as i begin reading , i hope to understand &lt;unknown&gt; and the family man he be . then that be all rip to shred as disaster strike and &lt;unknown&gt; be leave alone . the fact IN the drug war be here be no surprise . the story continue to evolve as mystery be unravel and question be ask . he find difficulty along the way but find himself with some help to preserve beauty in &lt;unknown&gt; . fast forward to the year @card@ and Jason discover IN some thing never change and continue the battle to stem the tide of smuggle drug . </lemmas><pos>IN NP VBD NN , NP VBD TO VB NN CC DT NN NN PP VBZ SENT RB DT VBD RB VBN TO NNS IN NN VBD CC NN VBD VBN RB SENT DT NN  DT NN NN VBZ RB VBZ DT NN SENT DT NN VBZ TO VB IN NNS VBP VBN CC NNS VBP VBN SENT PP VBZ NNS IN DT NN CC VBZ PP IN DT NN TO VB NN IN NN SENT RB RB TO DT NN CD CC NP VBZ  DT NNS RB VBP CC VBZ DT NN TO VB DT NN IN VBN NNS SENT </pos></review>
