<?xml version="1.0" encoding="ISO-8859-1" standalone="no"?>
<!DOCTYPE review SYSTEM "derev.dtd">
<review ID="0249" title="AttheGatesofWalhalla" writer="JustenForge" author="JBunkerVoraciousMind" date="January 22, 2012" stars="4" suspectbook="1" unknownpurchase="1" nickname="0" cluster="0" allcluesclass="1" threecluesclass="1" sumclues="2" realclass="2" fold="1"><object>Taking on Good Vs. Evil</object><body>Justen Forge takes on the classic struggle of Good vs. Evil in At the Gates of Walhalla.  His protagonist, Kurt Sorensen is a U.S. Border Patrol agent.  After he lets his guard down and &quot;stops to smell the roses&quot; so to speak, his life is forever changed in the wake of tragedy.  Losing his family at the hands of the murderous foes he combats daily, Kurt picks up the pieces of his life and returns to his home across the border in Canada.  But as he settles in, he learns the town he returned to has not escaped the very war he has been fighting down south.  As Kurt learns the true depths of the reach of the drug cartels, he begins to fight in earnest. Mr. Forge's writing is fast-paced and likely to keep you turning pages all night.  You truly get to know Kurt and I appreciate the fact that he does not let his tragedy define him.  This is a well-written, engaging novel that is as much about staying true to yourself as it is standing up for what is right.</body><tokens>justen forge takes on the classic struggle of good vs . evil in at the gates of walhalla . his protagonist , kurt sorensen is a u . s . border patrol agent . after he lets his guard down and &quot; stops to smell the roses &quot; so to speak , his life is forever changed in the wake of tragedy . losing his family at the hands of the murderous foes he combats daily , kurt picks up the pieces of his life and returns to his home across the border in canada . but as he settles in , he learns the town he returned to has not escaped the very war he has been fighting down south . as kurt learns the true depths of the reach of the drug cartels , he begins to fight in earnest . mr . forge 's writing is fast-paced and likely to keep you turning pages all night . you truly get to know kurt and i appreciate the fact that he does not let his tragedy define him . this is a well-written , engaging novel that is as much about staying true to yourself as it is standing up for what is right .</tokens><lemmas>Justen forge take on the classic struggle of good vs . evil in at the gate of &lt;unknown&gt; . his protagonist , &lt;unknown&gt; &lt;unknown&gt; be a u . &lt;unknown&gt; . border patrol agent . after he let his guard down and &quot; stop to smell the rose &quot; so to speak , his life be forever change in the wake of tragedy . lose his family at the hand of the murderous foe he combat daily , &lt;unknown&gt; pick up the piece of his life and return to his home across the border in &lt;unknown&gt; . but as he settle in , he learn the town he return to have not escape the very war he have be fight down south . as &lt;unknown&gt; learn the true depth of the reach of the drug cartel , he begin to fight in earnest . Mr . forge 's writing be fast-paced and likely to keep you turn page all night . you truly get to know &lt;unknown&gt; and i appreciate the fact IN he do not let his tragedy define him . this be a well-write , engage novel that be as much about stay true to yourself as it be stand up for what be right . </lemmas><pos>NP NN VBZ IN DT JJ NN IN JJ NP SENT JJ IN IN DT NNS IN NN SENT PP$ NN , NN NN VBZ DT NN SENT NNS SENT NN NN NN SENT IN PP VBZ PP$ NN RP CC `` VBZ TO VB DT NNS `` RB TO VB , PP$ NN VBZ RB VBN IN DT NN IN NN SENT VBG PP$ NN IN DT NNS IN DT JJ NNS PP VBZ RB , NN VBZ RP DT NNS IN PP$ NN CC NNS TO PP$ NN IN DT NN IN NN SENT CC IN PP VBZ IN , PP VBZ DT NN PP VBD TO VBZ RB VBN DT JJ NN PP VBZ VBN VBG RP RB SENT IN NN VBZ DT JJ NNS IN DT NN IN DT NN NNS , PP VBZ TO VB IN NN SENT NN SENT NN POS NN VBZ JJ CC JJ TO VB PP VBG NNS DT NN SENT PP RB VBP TO VB NN CC NP VBP DT NN  PP VBZ RB VB PP$ NN VB PP SENT DT VBZ DT VBN , VBG NN WDT VBZ RB JJ IN VBG JJ TO PP IN PP VBZ VBG RP IN WP VBZ JJ SENT </pos></review>
