<?xml version="1.0" encoding="ISO-8859-1" standalone="no"?>
<!DOCTYPE review SYSTEM "derev.dtd">
<review ID="0267" title="AttheGatesofWalhalla" writer="JustenForge" author="Bookworm" date="August 14, 2012" stars="4" suspectbook="1" unknownpurchase="1" nickname="1" cluster="1" allcluesclass="0" threecluesclass="0" sumclues="4" realclass="2" fold="9"><object>Peace lives in Walhalla!</object><body>Kurt Sorenson was a U.S border control officer when his wife and son were shot and killed in a blood bath by a retaliating Mexican drug and guns gang. One of his sons is missing and presumed dead. Years later, Kurt packs up and moves back to his hometown of Walhalla, Canada to become a Canadian border control officer. Kurt and other Canadian border control officers soon find the war on drugs is in its prime. With the help of his newly found friends, the other officers, help Kurt battle the war on drugs. They go vigilante and form the clan &quot;The Sons of Thor&quot; and they help the city of Walhalla become the city people want to live. They fix up the parks with &quot;seized&quot; drug money. New buildings are built with &quot;seized&quot; drug money. The drugs are absent. Walhalla is paradise. If you blended the movies, Scarface, 300, and Death Wish, you would have this book. I liked reading this book. It was hard to put down.</body><tokens>kurt sorenson was a u . s border control officer when his wife and son were shot and killed in a blood bath by a retaliating mexican drug and guns gang . one of his sons is missing and presumed dead . years later , kurt packs up and moves back to his hometown of walhalla , canada to become a canadian border control officer . kurt and other canadian border control officers soon find the war on drugs is in its prime . with the help of his newly found friends , the other officers , help kurt battle the war on drugs . they go vigilante and form the clan &quot; the sons of thor &quot; and they help the city of walhalla become the city people want to live . they fix up the parks with &quot; seized &quot; drug money . new buildings are built with &quot; seized &quot; drug money . the drugs are absent . walhalla is paradise . if you blended the movies , scarface , 300 , and death wish , you would have this book . i liked reading this book . it was hard to put down .</tokens><lemmas>&lt;unknown&gt; &lt;unknown&gt; be a u . &lt;unknown&gt; border control officer when his wife and son be shoot and kill in a blood bath by a retaliate Mexican drug and gun gang . one of his son be missing and presumed dead . year later , &lt;unknown&gt; pack up and move back to his hometown of &lt;unknown&gt; , &lt;unknown&gt; to become a Canadian border control officer . &lt;unknown&gt; and other Canadian border control officer soon find the war on drug be in its prime . with the help of his newly find friend , the other officer , help &lt;unknown&gt; battle the war on drug . they go vigilante and form the clan &quot; the son of &lt;unknown&gt; &quot; and they help the city of &lt;unknown&gt; become the city people want to live . they fix up the park with &quot; seize &quot; drug money . new building be build with &quot; seize &quot; drug money . the drug be absent . &lt;unknown&gt; be paradise . if you blend the movie , &lt;unknown&gt; , @card@ , and death wish , you would have this book . i like read this book . it be hard to put down . </lemmas><pos>NN NN VBD DT NN SENT JJ NN NN NN WRB PP$ NN CC NN VBD VBN CC VBN IN DT NN NN IN DT VBG NN NN CC NNS NN SENT CD IN PP$ NNS VBZ JJ CC JJ NN SENT NNS RBR , NN NNS RB CC VBZ RB TO PP$ NN IN NN , VBG TO VB DT JJ NN NN NN SENT NN CC JJ JJ NN NN NNS RB VBP DT NN IN NNS VBZ IN PP$ JJ SENT IN DT NN IN PP$ RB VBN NNS , DT JJ NNS , VB NN NN DT NN IN NNS SENT PP VBP NN CC VB DT NN `` DT NNS IN NN '' CC PP VBP DT NN IN NNS VBP DT NN NNS VBP TO VB SENT PP VB RP DT NNS IN `` VBN '' NN NN SENT JJ NNS VBP VBN IN `` VBN '' NN NN SENT DT NNS VBP JJ SENT NN VBZ NN SENT IN PP VBD DT NNS , NNS , CD , CC NN NN , PP MD VB DT NN SENT NP VBD VBG DT NN SENT PP VBD JJ TO VB RP SENT </pos></review>
