<?xml version="1.0" encoding="ISO-8859-1" standalone="no"?>
<!DOCTYPE review SYSTEM "derev.dtd">
<review ID="0258" title="AttheGatesofWalhalla" writer="JustenForge" author="lydaalexander" date="December 30, 2011" stars="5" suspectbook="1" unknownpurchase="1" nickname="1" cluster="1" allcluesclass="0" threecluesclass="0" sumclues="4" realclass="2" fold="0"><object>Thrilling Read!</object><body>This book was easy to get into, and kept me turning pages until the very end! It was a good, thriller-type story, contrasting right and wrong and the difficulty of staying on the path of good. The story was very believable, and the characters were well written.  I highly recommend it!</body><tokens>this book was easy to get into , and kept me turning pages until the very end ! it was a good , thriller-type story , contrasting right and wrong and the difficulty of staying on the path of good . the story was very believable , and the characters were well written . i highly recommend it !</tokens><lemmas>this book be easy to get into , and keep me turn page until the very end ! it be a good , &lt;unknown&gt; story , contrast right and wrong and the difficulty of stay on the path of good . the story be very believable , and the character be well write . i highly recommend it ! </lemmas><pos>DT NN VBD JJ TO VB IN , CC VBD PP VBG NNS IN DT JJ NN SENT PP VBD DT JJ , JJ NN , VBG JJ CC JJ CC DT NN IN VBG IN DT NN IN JJ SENT DT NN VBD RB JJ , CC DT NNS VBD RB VBN SENT NP RB VB PP SENT </pos></review>
