<?xml version="1.0" encoding="ISO-8859-1" standalone="no"?>
<!DOCTYPE review SYSTEM "derev.dtd">
<review ID="0260" title="AttheGatesofWalhalla" writer="JustenForge" author="bluejellybean" date="August 7, 2012" stars="4" suspectbook="1" unknownpurchase="1" nickname="1" cluster="1" allcluesclass="0" threecluesclass="0" sumclues="4" realclass="2" fold="2"><object>for fans of crime and thrillers</object><body>Good verus evil! Gates of Walhalla is a crime-based thriller based on real problems of the modern world. Enjoying the life of a family man with a loving wife and two boys, Kurt Sorensen's life is suddenly turned upside down. With a quick introduction, the story is a page turner from the beginning. While Kurt stayed back, his wife, Lupe and the boys went shopping and were tragically gunned down and killed. Losing everything, Kurt, a U.S. border patrol officer, relocates to his hometown in Canada. The plot unfolds with conspiracy, crime and real-life problems of drug trafficking. The well-written book also appears to be well-researched by Forge and allows the reader to really escape into a world of good versus evil. The author's skill with character development makes Sorensen's personality one that the reader wants to keep following. Added to that are the events that unfold, taking the reader into a world of drug trafficking and conspiracy that he or she most likely does not have personal experience with. It is a learning experience as well as an entertaining read. I would recommend this book for an exciting, dramatic read!</body><tokens>good verus evil ! gates of walhalla is a crime-based thriller based on real problems of the modern world . enjoying the life of a family man with a loving wife and two boys , kurt sorensen 's life is suddenly turned upside down . with a quick introduction , the story is a page turner from the beginning . while kurt stayed back , his wife , lupe and the boys went shopping and were tragically gunned down and killed . losing everything , kurt , a u . s . border patrol officer , relocates to his hometown in canada . the plot unfolds with conspiracy , crime and real-life problems of drug trafficking . the well-written book also appears to be well-researched by forge and allows the reader to really escape into a world of good versus evil . the author 's skill with character development makes sorensen 's personality one that the reader wants to keep following . added to that are the events that unfold , taking the reader into a world of drug trafficking and conspiracy that he or she most likely does not have personal experience with . it is a learning experience as well as an entertaining read . i would recommend this book for an exciting , dramatic read !</tokens><lemmas>good &lt;unknown&gt; evil ! gate of &lt;unknown&gt; be a &lt;unknown&gt; thriller base on real problem of the modern world . enjoy the life of a family man with a loving wife and two boy , &lt;unknown&gt; &lt;unknown&gt; 's life be suddenly turn upside down . with a quick introduction , the story be a page turner from the beginning . while &lt;unknown&gt; stay back , his wife , &lt;unknown&gt; and the boy go shopping and be tragically gun down and kill . lose everything , &lt;unknown&gt; , a u . &lt;unknown&gt; . border patrol officer , relocate to his hometown in &lt;unknown&gt; . the plot unfold with conspiracy , crime and real-life problem of drug trafficking . the well-write book also appear to be well-research by forge and allow the reader to really escape into a world of good versus evil . the author 's skill with character development make Sorensen 's personality one that the reader want to keep follow . add to that be the event that unfold , take the reader into a world of drug trafficking and conspiracy IN he or she most likely do not have personal experience with . it be a learn experience as well as an entertaining read . i would recommend this book for an exciting , dramatic read ! </lemmas><pos>JJ NN NN SENT NNS IN NN VBZ DT JJ NN VBN IN JJ NNS IN DT JJ NN SENT VBG DT NN IN DT NN NN IN DT JJ NN CC CD NNS , NN NN POS NN VBZ RB VBN RB RB SENT IN DT JJ NN , DT NN VBZ DT NN NN IN DT NN SENT IN NN VBD RB , PP$ NN , NN CC DT NNS VBD NN CC VBD RB VBN RB CC VBN SENT VBG NN , NN , DT NN SENT NNS SENT NN NN NN , VBZ TO PP$ NN IN NN SENT DT NN VBZ IN NN , NN CC JJ NNS IN NN NN SENT DT VBN NN RB VBZ TO VB VBN IN NN CC VBZ DT NN TO RB VB IN DT NN IN JJ CC JJ SENT DT NN POS NN IN NN NN VBZ NP POS NN CD WDT DT NN VBZ TO VB VBG SENT VBN TO WDT VBP DT NNS WDT VBP , VBG DT NN IN DT NN IN NN NN CC NN  PP CC PP RBS RB VBZ RB VB JJ NN IN SENT PP VBZ DT VBG NN RB RB IN DT JJ NN SENT NP MD VB DT NN IN DT JJ , JJ NN SENT </pos></review>
