<?xml version="1.0" encoding="ISO-8859-1" standalone="no"?>
<!DOCTYPE review SYSTEM "derev.dtd">
<review ID="0264" title="AttheGatesofWalhalla" writer="JustenForge" author="Allison" date="August 8, 2012" stars="4" suspectbook="1" unknownpurchase="1" nickname="1" cluster="1" allcluesclass="0" threecluesclass="0" sumclues="4" realclass="2" fold="6"><object>Good vs. Evil</object><body>I had a hard time getting into the story.  I felt that the first few chapters read more like a report than a fiction book.  But once Kurt {the hero of our story} moves from TX to Canada, the story takes a surprising and exciting turn!  This is the ultimate good versus evil story but when you find out who is evil, you will be shocked. While this book is set in the late '80's the drug trafficking and plot still ring true and relevant in today's society.  We are protected by the men and women who work at our borders, both north and south.  I also loved the historical tidbits about Vikings and protecting your city form those who are trying to destroy it. Overall this is a great book with strong characters and a great plot.  Aside from some parts being a little slow; this is a fast paced, page turner!!</body><tokens>i had a hard time getting into the story . i felt that the first few chapters read more like a report than a fiction book . but once kurt { the hero of our story } moves from tx to canada , the story takes a surprising and exciting turn ! this is the ultimate good versus evil story but when you find out who is evil , you will be shocked . while this book is set in the late &quot; 80 's the drug trafficking and plot still ring true and relevant in today 's society . we are protected by the men and women who work at our borders , both north and south . i also loved the historical tidbits about vikings and protecting your city form those who are trying to destroy it . overall this is a great book with strong characters and a great plot . aside from some parts being a little slow ; this is a fast paced , page turner !!</tokens><lemmas>i have a hard time get into the story . i feel IN the first few chapter read more like a report than a fiction book . but once &lt;unknown&gt; { the hero of our story } move from &lt;unknown&gt; to Canada , the story take a surprising and exciting turn ! this be the ultimate good versus evil story but when you find out who be evil , you will be shock . while this book be set in the late &quot; @card@ be the drug trafficking and plot still ring true and relevant in today 's society . we be protect by the man and woman who work at our border , both north and south . i also love the historical tidbit about Viking and protect your city form those who be try to destroy it . overall this be a great book with strong character and a great plot . aside from some part be a little slow ; this be a fast pace , page turner &lt;unknown&gt; </lemmas><pos>NP VBD DT JJ NN VBG IN DT NN SENT NP VBD  DT JJ JJ NNS VBP JJR IN DT NN IN DT NN NN SENT CC RB NN ( DT NN IN PP$ NN ) NNS IN NN TO NP , DT NN VBZ DT JJ CC JJ NN SENT DT VBZ DT JJ JJ CC JJ NN CC WRB PP VBP IN WP VBZ JJ , PP MD VB VBN SENT IN DT NN VBZ VBN IN DT JJ `` CD VBZ DT NN NN CC VBP RB VB JJ CC JJ IN NN POS NN SENT PP VBP VBN IN DT NNS CC NNS WP VBP IN PP$ NNS , CC RB CC RB SENT NP RB VBD DT JJ NNS IN NNS CC VBG PP$ NN VB DT WP VBP VBG TO VB PP SENT RB DT VBZ DT JJ NN IN JJ NNS CC DT JJ NN SENT RB IN DT NNS VBG DT RB JJ : DT VBZ DT RB VBN , NN NN NN </pos></review>
