<?xml version="1.0" encoding="ISO-8859-1" standalone="no"?>
<!DOCTYPE review SYSTEM "derev.dtd">
<review ID="0262" title="AttheGatesofWalhalla" writer="JustenForge" author="smeeth" date="August 14, 2012" stars="5" suspectbook="1" unknownpurchase="1" nickname="1" cluster="1" allcluesclass="0" threecluesclass="0" sumclues="4" realclass="2" fold="4"><object>A fab read.</object><body>At the Gates of Wahlhalla by Justen Forge is an extremely interesting read, which won't leave you disappointed. It tackles the very important issue of drug trafficking, from Mexico to the US and on to Canada. Justen Forge deals with this quite sensitive issue brilliantly, creating an air of conspiracy and suspicion. 'At the Gates of Walhalla' is the perfect story of good v evil. I found Kurt to be a fabulous character, wonderfully written and I really grew to like him as the book developed. This book will definitely keep you gripped, I didn't put it down once. You should definitely buy this book, I guarantee you will not be disappointed.</body><tokens>at the gates of wahlhalla by justen forge is an extremely interesting read , which wo n't leave you disappointed . it tackles the very important issue of drug trafficking , from mexico to the us and on to canada . justen forge deals with this quite sensitive issue brilliantly , creating an air of conspiracy and suspicion . &quot; at the gates of walhalla &quot; is the perfect story of good v evil . i found kurt to be a fabulous character , wonderfully written and i really grew to like him as the book developed . this book will definitely keep you gripped , i did n't put it down once . you should definitely buy this book , i guarantee you will not be disappointed .</tokens><lemmas>at the gate of &lt;unknown&gt; by &lt;unknown&gt; forge be an extremely interesting read , which wo n't leave you disappointed . it tackle the very important issue of drug trafficking , from &lt;unknown&gt; to the us and on to &lt;unknown&gt; . Justen forge deal with this quite sensitive issue brilliantly , create an air of conspiracy and suspicion . &quot; at the gate of &lt;unknown&gt; &quot; be the perfect story of good v evil . i find &lt;unknown&gt; to be a fabulous character , wonderfully write and i really grow to like him as the book develop . this book will definitely keep you grip , i do n't put it down once . you should definitely buy this book , i guarantee you will not be disappoint . </lemmas><pos>IN DT NNS IN NN IN NN NN VBZ DT RB JJ NN , WDT MD RB VB PP JJ SENT PP VBZ DT RB JJ NN IN NN NN , IN NN TO DT PP CC IN TO NN SENT NP NN NNS IN DT RB JJ NN RB , VBG DT NN IN NN CC NN SENT '' IN DT NNS IN NN `` VBZ DT JJ NN IN JJ NN NN SENT NP VBD NN TO VB DT JJ NN , RB VBN CC NP RB VBD TO VB PP IN DT NN VBD SENT DT NN MD RB VB PP VBD , NP VBD RB VB PP RP RB SENT PP MD RB VB DT NN , NNS VBP PP MD RB VB VBN SENT </pos></review>
