<?xml version="1.0" encoding="ISO-8859-1" standalone="no"?>
<!DOCTYPE review SYSTEM "derev.dtd">
<review ID="0266" title="AttheGatesofWalhalla" writer="JustenForge" author="DonDiego" date="December 22, 2011" stars="4" suspectbook="1" unknownpurchase="0" nickname="1" cluster="0" allcluesclass="1" threecluesclass="1" sumclues="2" realclass="2" fold="8"><object>Check it out!</object><body>Right from the start, you are drawn into the main character's perfect life, which is quickly snatched away from him during a violent act delivered in a foreign land.  Excellent descriptive work, really allows you to feel Kurt's pain and agony during this time of sorrow.  Later, you will find this loyal border guard in his traditional fight of &quot;good versus evil&quot; distressed once again when he now discovers certain unbelievable facts about his very own employer.  Once this revelation is evaluated by an informed secret caucus, the story takes another transformation wherein it becomes of paramount importance for a citizen-lead militia to draw on their historical rules and norms so that they can protect their cherished homeland and way of life.  What's a loyal G-man to do?  Change the &quot;G&quot; to &quot;V&quot; seems to be the only viable option!  You will be taken on a continuous journey where the lines of integrity and honesty become blurred with treachery and deception, until you are not sure where you stand on the issues. There are many ethical questions swirling in these southern winds of change.  As the saying goes, &quot;It is the duty of the patriot to protect his country from its government&quot; and without doubt, our hero Kurt assumes this role with zeal and tenacity to carry out this new form of Justice at the Gates of Walhalla! There are lots of twists and turns that keeps the reader's interest from beginning to end.</body><tokens>right from the start , you are drawn into the main character 's perfect life , which is quickly snatched away from him during a violent act delivered in a foreign land . excellent descriptive work , really allows you to feel kurt 's pain and agony during this time of sorrow . later , you will find this loyal border guard in his traditional fight of &quot; good versus evil &quot; distressed once again when he now discovers certain unbelievable facts about his very own employer . once this revelation is evaluated by an informed secret caucus , the story takes another transformation wherein it becomes of paramount importance for a citizen-lead militia to draw on their historical rules and norms so that they can protect their cherished homeland and way of life . what 's a loyal g-man to do ? change the &quot; g &quot; to &quot; v &quot; seems to be the only viable option ! you will be taken on a continuous journey where the lines of integrity and honesty become blurred with treachery and deception , until you are not sure where you stand on the issues . there are many ethical questions swirling in these southern winds of change . as the saying goes , &quot; it is the duty of the patriot to protect his country from its government &quot; and without doubt , our hero kurt assumes this role with zeal and tenacity to carry out this new form of justice at the gates of walhalla ! there are lots of twists and turns that keeps the reader 's interest from beginning to end .</tokens><lemmas>right from the start , you be draw into the main character 's perfect life , which be quickly snatch away from him during a violent act deliver in a foreign land . excellent descriptive work , really allow you to feel &lt;unknown&gt; 's pain and agony during this time of sorrow . later , you will find this loyal border guard in his traditional fight of &quot; good versus evil &quot; distressed once again when he now discover certain unbelievable fact about his very own employer . once this revelation be evaluate by an informed secret caucus , the story take another transformation wherein it become of paramount importance for a &lt;unknown&gt; militia to draw on their historical rule and norm so IN they can protect their cherished homeland and way of life . what be a loyal G-man to do ? change the &quot; g &quot; to &quot; v &quot; seem to be the only viable option ! you will be take on a continuous journey where the line of integrity and honesty become blur with treachery and deception , until you be not sure where you stand on the issue . there be many ethical question swirl in these southern wind of change . as the say go , &quot; it be the duty of the patriot to protect his country from its government &quot; and without doubt , our hero &lt;unknown&gt; assume this role with zeal and tenacity to carry out this new form of justice at the gate of &lt;unknown&gt; ! there be lot of twist and turn that keep the reader 's interest from begin to end . </lemmas><pos>RB IN DT NN , PP VBP VBN IN DT JJ NN POS JJ NN , WDT VBZ RB VBN RB IN PP IN DT JJ NN VBN IN DT JJ NN SENT JJ JJ NN , RB VBZ PP TO VB NN POS NN CC NN IN DT NN IN NN SENT RBR , PP MD VB DT JJ NN NN IN PP$ JJ NN IN `` JJ CC JJ `` JJ RB RB WRB PP RB VBZ JJ JJ NNS IN PP$ RB JJ NN SENT RB DT NN VBZ VBN IN DT JJ JJ NN , DT NN VBZ DT NN RB PP VBZ IN JJ NN IN DT JJ NN TO VB IN PP$ JJ NNS CC NNS RB  PP MD VB PP$ JJ NN CC NN IN NN SENT WP VBZ DT JJ NN TO VB SENT VB DT `` NN '' TO `` NN '' VBZ TO VB DT JJ JJ NN SENT PP MD VB VBN IN DT JJ NN WRB DT NNS IN NN CC NN VBP VBN IN NN CC NN , IN PP VBP RB JJ WRB PP VBP IN DT NNS SENT EX VBP JJ JJ NNS VBG IN DT JJ NNS IN NN SENT IN DT VBG VBZ , `` PP VBZ DT NN IN DT NN TO VB PP$ NN IN PP$ NN '' CC IN NN , PP$ NN NN VBZ DT NN IN NN CC NN TO VB RP DT JJ NN IN NN IN DT NNS IN NN SENT EX VBP NNS IN NNS CC NNS WDT VBZ DT NN POS NN IN VBG TO VB SENT </pos></review>
