<?xml version="1.0" encoding="ISO-8859-1" standalone="no"?>
<!DOCTYPE review SYSTEM "derev.dtd">
<review ID="0259" title="AttheGatesofWalhalla" writer="JustenForge" author="WendyDavis" date="December 29, 2011" stars="5" suspectbook="1" unknownpurchase="1" nickname="1" cluster="1" allcluesclass="0" threecluesclass="0" sumclues="4" realclass="2" fold="1"><object>Great Read!</object><body>I have to say that this is a really really well written book. I was pulled in right away and couldn't wait to see how everything was going to play out. I was on the edge of my seat the whole time. This is a story about a border security guard who's life is forever changed by the world of drug smuggling. He decides to take matters into his own hands to stop it from destroying his home town. He taps into his ancestral viking spirit and with the help of a couple of close friends sets out to battle them. It is a great book with a fantastic story line and very likable characters. I would love to see this made into a movie.</body><tokens>i have to say that this is a really really well written book . i was pulled in right away and could n't wait to see how everything was going to play out . i was on the edge of my seat the whole time . this is a story about a border security guard who 's life is forever changed by the world of drug smuggling . he decides to take matters into his own hands to stop it from destroying his home town . he taps into his ancestral viking spirit and with the help of a couple of close friends sets out to battle them . it is a great book with a fantastic story line and very likable characters . i would love to see this made into a movie .</tokens><lemmas>i have to say IN this be a really really well write book . i be pull in right away and could n't wait to see how everything be go to play out . i be on the edge of my seat the whole time . this be a story about a border security guard who 's life be forever change by the world of drug smuggling . he decide to take matter into his own hand to stop it from destroy his home town . he tap into his ancestral Viking spirit and with the help of a couple of close friend set out to battle them . it be a great book with a fantastic story line and very likable character . i would love to see this make into a movie . </lemmas><pos>NNS VBP TO VB  DT VBZ DT RB RB RB VBN NN SENT NP VBD VBN IN NN RB CC MD RB VB TO VB WRB NN VBD VBG TO VB RP SENT NP VBD IN DT NN IN PP$ NN DT JJ NN SENT DT VBZ DT NN IN DT NN NN VBP WP POS NN VBZ RB VBN IN DT NN IN NN NN SENT PP VBZ TO VB NNS IN PP$ JJ NNS TO VB PP IN VBG PP$ NN NN SENT PP VBZ IN PP$ JJ NN NN CC IN DT NN IN DT NN IN JJ NNS VBZ RP TO VB PP SENT PP VBZ DT JJ NN IN DT JJ NN NN CC RB JJ NNS SENT NP MD VB TO VB DT VBN IN DT NN SENT </pos></review>
