<?xml version="1.0" encoding="ISO-8859-1" standalone="no"?>
<!DOCTYPE review SYSTEM "derev.dtd">
<review ID="0265" title="AttheGatesofWalhalla" writer="JustenForge" author="hardymeagan" date="January 4, 2012" stars="4" suspectbook="1" unknownpurchase="1" nickname="1" cluster="1" allcluesclass="0" threecluesclass="0" sumclues="4" realclass="2" fold="7"><object>Engaging book</object><body>At the Gates of Walhalla by Justen Forge is the story of Kurt, an honest border patrol agent who gets caught in the middle of a government conspiracy involving the US, Mexico and Canada. Kurt, the main character, let himself take some times to enjoy life and ends up experiencing great tragedy that will change his life forever. I could feel Kurt's pain as I was reading. There were times where I even teared up for him. The author does a great job of developing his characters and keeping the story moving along at a pace that felt just right for me, personally. I would classify this book as a thriller, but it is so much more than that, it creates an underlying message on good vs. evil. A great read for any thriller or crime drama lover!</body><tokens>at the gates of walhalla by justen forge is the story of kurt , an honest border patrol agent who gets caught in the middle of a government conspiracy involving the us , mexico and canada . kurt , the main character , let himself take some times to enjoy life and ends up experiencing great tragedy that will change his life forever . i could feel kurt 's pain as i was reading . there were times where i even teared up for him . the author does a great job of developing his characters and keeping the story moving along at a pace that felt just right for me , personally . i would classify this book as a thriller , but it is so much more than that , it creates an underlying message on good vs . evil . a great read for any thriller or crime drama lover !</tokens><lemmas>at the gate of &lt;unknown&gt; by &lt;unknown&gt; forge be the story of &lt;unknown&gt; , an honest border patrol agent who get catch in the middle of a government conspiracy involve the us , &lt;unknown&gt; and &lt;unknown&gt; . &lt;unknown&gt; , the main character , let himself take some time to enjoy life and end up experience great tragedy that will change his life forever . i could feel &lt;unknown&gt; 's pain as i be read . there be time where i even &lt;unknown&gt; up for him . the author do a great job of develop his character and keep the story move along at a pace that feel just right for me , personally . i would classify this book as a thriller , but it be so much more than that , it create an underlie message on good vs . evil . a great read for any thriller or crime drama lover ! </lemmas><pos>IN DT NNS IN NN IN NN NN VBZ DT NN IN NN , DT JJ NN NN NN WP VBZ VBN IN DT NN IN DT NN NN VBG DT PP , NN CC NN SENT NN , DT JJ NN , VB PP VB DT NNS TO VB NN CC VBZ IN VBG JJ NN WDT MD VB PP$ NN RB SENT NP MD VB NN POS NN IN NP VBD VBG SENT EX VBD NNS WRB NP RB VBD RP IN PP SENT DT NN VBZ DT JJ NN IN VBG PP$ NNS CC VBG DT NN VBG RP IN DT NN WDT VBD RB RB IN PP , RB SENT NP MD VB DT NN IN DT NN , CC PP VBZ RB RB JJR IN DT , PP VBZ DT VBG NN IN JJ NP SENT JJ SENT DT JJ NN IN DT NN CC NN NN NN SENT </pos></review>
