<?xml version="1.0" encoding="ISO-8859-1" standalone="no"?>
<!DOCTYPE review SYSTEM "derev.dtd">
<review ID="0263" title="AttheGatesofWalhalla" writer="JustenForge" author="EarlONeal" date="August 9, 2012" stars="5" suspectbook="1" unknownpurchase="1" nickname="1" cluster="1" allcluesclass="0" threecluesclass="0" sumclues="4" realclass="2" fold="5"><object>Uncompromising Integrity</object><body>AT the GATES of WALHALLA How does one adequately write a review on an author and his work without revealing too much? It is a first rate piece of work.  Justen Forge doesn't attempt to sugar coat our problems that exist in the world. He makes his characters exactly what we meet in a day to day setting.  He describes our outrage and disappointment concerning our elected officials, who are willing to compromise their integrity. We are bombarded daily with lawlessness and apparent indifference of our elected officials.  We who follow the law are required to be held to a higher standard. If you prefer to be held to the lower standard then you either become a criminal or an elected official. Our author not only has a story to tell that is thought provoking, but it starts one to thinking.  When does it become necessary for ordinary citizens to take back what is rightly theirs? No matter what occurs there are always consequences for one's actions, and this is the crux for the storyline of the book.</body><tokens>at the gates of walhalla how does one adequately write a review on an author and his work without revealing too much ? it is a first rate piece of work . justen forge does n't attempt to sugar coat our problems that exist in the world . he makes his characters exactly what we meet in a day to day setting . he describes our outrage and disappointment concerning our elected officials , who are willing to compromise their integrity . we are bombarded daily with lawlessness and apparent indifference of our elected officials . we who follow the law are required to be held to a higher standard . if you prefer to be held to the lower standard then you either become a criminal or an elected official . our author not only has a story to tell that is thought provoking , but it starts one to thinking . when does it become necessary for ordinary citizens to take back what is rightly theirs ? no matter what occurs there are always consequences for one 's actions , and this is the crux for the storyline of the book .</tokens><lemmas>at the gate of &lt;unknown&gt; how do one adequately write a review on an author and his work without reveal too much ? it be a first rate piece of work . Justen forge do n't attempt to sugar coat our problem that exist in the world . he make his character exactly what we meet in a day to day setting . he describe our outrage and disappointment concern our elect official , who be willing to compromise their integrity . we be bombard daily with lawlessness and apparent indifference of our elect official . we who follow the law be require to be hold to a high standard . if you prefer to be hold to the low standard then you either become a criminal or an elect official . our author not only have a story to tell that be think provoking , but it start one to think . when do it become necessary for ordinary citizen to take back what be rightly theirs ? no matter what occur there be always consequence for one 's action , and this be the crux for the storyline of the book . </lemmas><pos>IN DT NNS IN NNS WRB VBZ PP RB VBP DT NN IN DT NN CC PP$ NN IN VBG RB RB SENT PP VBZ DT JJ NN NN IN NN SENT NP NN VBZ RB VB TO VB VB PP$ NNS WDT VBP IN DT NN SENT PP VBZ PP$ NNS RB WP PP VBP IN DT NN TO NN NN SENT PP VBZ PP$ NN CC NN VBG PP$ VBN NNS , WP VBP JJ TO VB PP$ NN SENT PP VBP VBN RB IN NN CC JJ NN IN PP$ VBN NNS SENT PP WP VBP DT NN VBP VBN TO VB VBN TO DT JJR NN SENT IN PP VBP TO VB VBN TO DT JJR NN RB PP RB VBP DT JJ CC DT VBN NN SENT PP$ NN RB RB VBZ DT NN TO VB WDT VBZ VBN JJ , CC PP VBZ PP TO VBG SENT WRB VBZ PP VB JJ IN JJ NNS TO VB RB WP VBZ RB PP SENT DT NN WP VBZ EX VBP RB NNS IN CD POS NNS , CC DT VBZ DT NN IN DT NN IN DT NN SENT </pos></review>
