<?xml version="1.0" encoding="ISO-8859-1" standalone="no"?>
<!DOCTYPE review SYSTEM "derev.dtd">
<review ID="0261" title="AttheGatesofWalhalla" writer="JustenForge" author="sparkles3288" date="August 29, 2012" stars="4" suspectbook="1" unknownpurchase="1" nickname="1" cluster="1" allcluesclass="0" threecluesclass="0" sumclues="4" realclass="2" fold="3"><object>Exciting and dynamic plot</object><body>The book, &quot;At the Gates of Walhalla&quot; was a very interesting read. I have a particular fascination with drug trafficking with all the news that comes out of crime wars, etc. This is truly a thriller that takes issues occurring even at this very day and presents them in a way that the reader can relate. I felt the beginning was difficult to get into and throughout the book I did notice what other commenters have also said, &quot;the choppy writing&quot;. However, I also felt the plot and storeyline of the book did get the reader past some of this. There were a few heartbreaking scenes that made me relate to Kurt on a profound level, although sometimes I felt the responses the main character gave was not all that realistic, especially in moments of severe grief. As a canadian, I enjoyed the twist of the book back to Canada where one would not normally expect the plot to go as the Mexican-American border is the hotspot for these sorts of crimes. Once you get into the book, it is indeed hard to put it down. I would recommend this book for those that want a more realistic and non-fiction thriller.</body><tokens>the book , &quot; at the gates of walhalla &quot; was a very interesting read . i have a particular fascination with drug trafficking with all the news that comes out of crime wars , etc . this is truly a thriller that takes issues occurring even at this very day and presents them in a way that the reader can relate . i felt the beginning was difficult to get into and throughout the book i did notice what other commenters have also said , &quot; the choppy writing &quot; . however , i also felt the plot and storeyline of the book did get the reader past some of this . there were a few heartbreaking scenes that made me relate to kurt on a profound level , although sometimes i felt the responses the main character gave was not all that realistic , especially in moments of severe grief . as a canadian , i enjoyed the twist of the book back to canada where one would not normally expect the plot to go as the mexican-american border is the hotspot for these sorts of crimes . once you get into the book , it is indeed hard to put it down . i would recommend this book for those that want a more realistic and non-fiction thriller .</tokens><lemmas>the book , &quot; at the gate of &lt;unknown&gt; &quot; be a very interesting read . i have a particular fascination with drug trafficking with all the news that come out of crime war , etc . this be truly a thriller that take issue occur even at this very day and present them in a way IN the reader can relate . i feel the beginning be difficult to get into and throughout the book i do notice what other commenter have also say , &quot; the choppy writing &quot; . however , i also feel the plot and &lt;unknown&gt; of the book do get the reader past some of this . there be a few heartbreaking scene that make me relate to &lt;unknown&gt; on a profound level , although sometimes i feel the response the main character give be not all that realistic , especially in moment of severe grief . as a Canadian , i enjoy the twist of the book back to &lt;unknown&gt; where one would not normally expect the plot to go as the &lt;unknown&gt; border be the &lt;unknown&gt; for these sort of crime . once you get into the book , it be indeed hard to put it down . i would recommend this book for those that want a more realistic and non-fiction thriller . </lemmas><pos>DT NN , '' IN DT NNS IN NN '' VBD DT RB JJ NN SENT NNS VBP DT JJ NN IN NN NN IN PDT DT NN WDT VBZ RP IN NN NNS , FW SENT DT VBZ RB DT NN WDT VBZ NNS VBG RB IN DT JJ NN CC VBZ PP IN DT NN  DT NN MD VB SENT NP VBD DT NN VBD JJ TO VB IN CC IN DT NN NP VBD VB WP JJ NNS VBP RB VBN , '' DT JJ NN '' SENT RB , NP RB VBD DT NN CC NN IN DT NN VBD VB DT NN IN DT IN DT SENT EX VBD DT JJ JJ NNS WDT VBD PP VBP TO NN IN DT JJ NN , IN RB NP VBD DT NNS DT JJ NN VBD VBD RB RB DT JJ , RB IN NNS IN JJ NN SENT IN DT NN , NP VBD DT NN IN DT NN RB TO NN WRB PP MD RB RB VB DT NN TO VB IN DT JJ NN VBZ DT NN IN DT NNS IN NNS SENT RB PP VBP IN DT NN , PP VBZ RB JJ TO VB PP RP SENT NP MD VB DT NN IN DT WDT VBP DT RBR JJ CC NN NN SENT </pos></review>
