<?xml version="1.0" encoding="ISO-8859-1" standalone="no"?>
<!DOCTYPE review SYSTEM "derev.dtd">
<review ID="0269" title="AttheGatesofWalhalla" writer="JustenForge" author="SydneyJohnston" date="October 25, 2012" stars="5" suspectbook="1" unknownpurchase="1" nickname="0" cluster="0" allcluesclass="1" threecluesclass="1" sumclues="2" realclass="2" fold="1"><object>Absorbing, Hard To Put Down</object><body>The beginning of this gripping novel begins with a quote from Nietzsche that foreshadows the hero's journey: &quot;He who fights with monsters might take care lest he thereby become a monster. And if you gaze for long into an abyss, the abyss gazes also into you.&quot; What an apt description for Kurt, the protagonist of this novel who struggles to fight evil and yet maintain his decency. Our hero is a modern day Viking, a tough law enforcement member, but he is inwardly devastated by guilt. His wife and one son were victims of gang violence and the fate of his other son shall be left to the reader to discover. He flees the scene of the tragedy and returns to Canada, only to find that the drug violence he wanted to escape is pervasive there, too. The insights offered into the drug lords and their vicious business are certainly depressing but Kurt is a hero any of us can admire and cheer. &quot;At the Gates of Walhalla&quot; is a real page-turner and I was eager to find out what was going to happen next. It's a long book and I was glad! I hope to see more of Kurt in the future. I kept wondering who would play his character in a future Hollywood blockbuster?</body><tokens>the beginning of this gripping novel begins with a quote from nietzsche that foreshadows the hero 's journey : &quot; he who fights with monsters might take care lest he thereby become a monster . and if you gaze for long into an abyss , the abyss gazes also into you . &quot; what an apt description for kurt , the protagonist of this novel who struggles to fight evil and yet maintain his decency . our hero is a modern day viking , a tough law enforcement member , but he is inwardly devastated by guilt . his wife and one son were victims of gang violence and the fate of his other son shall be left to the reader to discover . he flees the scene of the tragedy and returns to canada , only to find that the drug violence he wanted to escape is pervasive there , too . the insights offered into the drug lords and their vicious business are certainly depressing but kurt is a hero any of us can admire and cheer . &quot; at the gates of walhalla &quot; is a real page-turner and i was eager to find out what was going to happen next . it 's a long book and i was glad ! i hope to see more of kurt in the future . i kept wondering who would play his character in a future hollywood blockbuster ?</tokens><lemmas>the beginning of this gripping novel begin with a quote from &lt;unknown&gt; that foreshadow the hero 's journey : &quot; he who fight with monster might take care lest he thereby become a monster . and if you gaze for long into an abyss , the abyss gaze also into you . &quot; what an apt description for &lt;unknown&gt; , the protagonist of this novel who struggle to fight evil and yet maintain his decency . our hero be a modern day Viking , a tough law enforcement member , but he be inwardly devastate by guilt . his wife and one son be victim of gang violence and the fate of his other son shall be leave to the reader to discover . he flee the scene of the tragedy and return to &lt;unknown&gt; , only to find IN the drug violence he want to escape be pervasive there , too . the insight offer into the drug lord and their vicious business be certainly depress but &lt;unknown&gt; be a hero any of us can admire and cheer . &quot; at the gate of &lt;unknown&gt; &quot; be a real &lt;unknown&gt; and i be eager to find out what be go to happen next . it be a long book and i be glad ! i hope to see more of &lt;unknown&gt; in the future . i keep wonder who would play his character in a future &lt;unknown&gt; blockbuster ? </lemmas><pos>DT NN IN DT JJ NN VBZ IN DT NN IN NN WDT VBZ DT NN POS NN : `` PP WP VBZ IN NNS MD VB NN IN PP RB VBP DT NN SENT CC IN PP VBP IN RB IN DT NN , DT NN VBZ RB IN PP SENT `` WP DT JJ NN IN NN , DT NN IN DT NN WP VBZ TO VB JJ CC RB VB PP$ NN SENT PP$ NN VBZ DT JJ NN NN , DT JJ NN NN NN , CC PP VBZ RB VBN IN NN SENT PP$ NN CC CD NN VBD NNS IN NN NN CC DT NN IN PP$ JJ NN MD VB VBN TO DT NN TO VB SENT PP VBZ DT NN IN DT NN CC NNS TO NN , RB TO VB  DT NN NN PP VBD TO VB VBZ JJ RB , RB SENT DT NNS VBN IN DT NN NNS CC PP$ JJ NN VBP RB VBG CC NN VBZ DT NN DT IN PP MD VB CC VB SENT '' IN DT NNS IN NN `` VBZ DT JJ NN CC NP VBD JJ TO VB RP WP VBD VBG TO VB JJ SENT PP VBZ DT JJ NN CC NP VBD JJ SENT NNS VBP TO VB JJR IN NN IN DT NN SENT NP VBD VBG WP MD VB PP$ NN IN DT JJ NN NN SENT </pos></review>
