<?xml version="1.0" encoding="ISO-8859-1" standalone="no"?>
<!DOCTYPE review SYSTEM "derev.dtd">
<review ID="0268" title="AttheGatesofWalhalla" writer="JustenForge" author="Syn" date="August 4, 2012" stars="4" suspectbook="1" unknownpurchase="1" nickname="1" cluster="1" allcluesclass="0" threecluesclass="0" sumclues="4" realclass="2" fold="0"><object>Very Exciting Read</object><body>I truly enjoyed reading this book :)This book touches on subjects that are true about today while being incredibly exciting! I loved the descriptions in this book that made me feel like I was actually there! I give a thumbs up to the author :)</body><tokens>i truly enjoyed reading this book : ) this book touches on subjects that are true about today while being incredibly exciting ! i loved the descriptions in this book that made me feel like i was actually there ! i give a thumbs up to the author : )</tokens><lemmas>i truly enjoy read this book : ) this book touch on subject that be true about today while be incredibly exciting ! i love the description in this book that make me feel like i be actually there ! i give a thumb up to the author : ) </lemmas><pos>NP RB VBD VBG DT NN : ) DT NN NNS IN NNS WDT VBP JJ IN NN IN VBG RB JJ SENT NP VBD DT NNS IN DT NN WDT VBD PP VBP IN NP VBD RB RB SENT NNS VBP DT NNS RP TO DT NN : ) </pos></review>
