<?xml version="1.0" encoding="ISO-8859-1" standalone="no"?>
<!DOCTYPE review SYSTEM "derev.dtd">
<review ID="0271" title="AttheGatesofWalhalla" writer="JustenForge" author="KatyMillerKaty" date="September 21, 2012" stars="3" suspectbook="1" unknownpurchase="1" nickname="1" cluster="1" allcluesclass="0" threecluesclass="0" sumclues="4" realclass="2" fold="3"><object>Put At The Gates of Walhalla on your reading list!</object><body>The title of this book intrigued me. What is Walhalla all about? I am not going to reveal this to you. But I highly recommend you read this book to find out. From the opening chapter you know you are hooked on that unputdownable journey. A simple domestic scene that turns into tragedy, enough to make your eyes wet. There is tension in this thriller and the writer is a master suspense builder. How simple time frames suddenly become so complex and complicated. How one story layers another is the mark of an excellent story teller. How some things are in the blood, the blond hair, blue eyes going back to Viking times. Credentials and resolution  flow in the lifeblood of this book. That wonderful sense of autobiographical of word and the world. History of people, time and place are threads woven cleverly into present day.   I liked how there were interludes between tension where knowledge of subjects was evident. In every interlude there is deeper insight For me this book has that &quot;faction factor&quot;. The list will astound you. Gangs, environment, drug wars, government, gang tattoos, privatization, government, law enforcement, criminals, family, heritage, aircraft, back roads, cities and backwaters and the roads between them are covered like a giant map. There is a depth of knowledge the Author has across a vast range of subjects.  Coupled with intrigue, suspense and tension, if you like a good thriller, put At The Gates of Walhalla on your reading list.</body><tokens>the title of this book intrigued me . what is walhalla all about ? i am not going to reveal this to you . but i highly recommend you read this book to find out . from the opening chapter you know you are hooked on that unputdownable journey . a simple domestic scene that turns into tragedy , enough to make your eyes wet . there is tension in this thriller and the writer is a master suspense builder . how simple time frames suddenly become so complex and complicated . how one story layers another is the mark of an excellent story teller . how some things are in the blood , the blond hair , blue eyes going back to viking times . credentials and resolution flow in the lifeblood of this book . that wonderful sense of autobiographical of word and the world . history of people , time and place are threads woven cleverly into present day . i liked how there were interludes between tension where knowledge of subjects was evident . in every interlude there is deeper insight for me this book has that &quot; faction factor &quot; . the list will astound you . gangs , environment , drug wars , government , gang tattoos , privatization , government , law enforcement , criminals , family , heritage , aircraft , back roads , cities and backwaters and the roads between them are covered like a giant map . there is a depth of knowledge the author has across a vast range of subjects . coupled with intrigue , suspense and tension , if you like a good thriller , put at the gates of walhalla on your reading list .</tokens><lemmas>the title of this book intrigue me . what be &lt;unknown&gt; all about ? i be not go to reveal this to you . but i highly recommend you read this book to find out . from the opening chapter you know you be hook on that unputdownable journey . a simple domestic scene that turn into tragedy , enough to make your eye wet . there be tension in this thriller and the writer be a master suspense builder . how simple time frame suddenly become so complex and complicated . how one story layer another be the mark of an excellent story teller . how some thing be in the blood , the blond hair , blue eye go back to &lt;unknown&gt; time . credential and resolution flow in the lifeblood of this book . that wonderful sense of autobiographical of word and the world . history of people , time and place be thread weave cleverly into present day . i like how there be interlude between tension where knowledge of subject be evident . in every interlude there be deep insight for me this book have that &quot; faction factor &quot; . the list will astound you . gang , environment , drug war , government , gang tattoo , privatization , government , law enforcement , criminal , family , heritage , aircraft , back road , city and backwater and the road between them be cover like a giant map . there be a depth of knowledge the author have across a vast range of subject . couple with intrigue , suspense and tension , if you like a good thriller , put at the gate of &lt;unknown&gt; on your reading list . </lemmas><pos>DT NN IN DT NN VBD PP SENT WP VBZ NN RB RB SENT NNS VBP RB VBG TO VB DT TO PP SENT CC NP RB VBP PP VBP DT NN TO VB RP SENT IN DT NN NN PP VBP PP VBP VBN IN DT JJ NN SENT DT JJ JJ NN WDT VBZ IN NN , RB TO VB PP$ NNS JJ SENT EX VBZ NN IN DT NN CC DT NN VBZ DT NN NN NN SENT WRB JJ NN NNS RB VBP RB JJ CC JJ SENT WRB CD NN VBZ DT VBZ DT NN IN DT JJ NN NN SENT WRB DT NNS VBP IN DT NN , DT JJ NN , JJ NNS VBG RB TO JJ NNS SENT NNS CC NN NN IN DT NN IN DT NN SENT DT JJ NN IN JJ IN NN CC DT NN SENT NN IN NNS , NN CC NN VBP NNS VBN RB IN JJ NN SENT NP VBD WRB EX VBD NNS IN NN WRB NN IN NNS VBD JJ SENT IN DT NN EX VBZ JJR NN IN PP DT NN VBZ DT `` NN NN '' SENT DT NN MD VB PP SENT NNS , NN , NN NNS , NN , NN NNS , NN , NN , NN NN , NNS , NN , NN , NN , RB NNS , NNS CC NNS CC DT NNS IN PP VBP VBN IN DT JJ NN SENT EX VBZ DT NN IN NN DT NN VBZ IN DT JJ NN IN NNS SENT VBN IN NN , NN CC NN , IN PP VBP DT JJ NN , VBN IN DT NNS IN NN IN PP$ NN NN SENT </pos></review>
